entity_id,entity_type,value,garbage_category,degree,edges_affected
ORGANIZATION::D8,ORGANIZATION,D8,short_non_abbreviation,2,2
LOCATION::BE,LOCATION,BE,stop_word,3,3
ORGANIZATION::WE,ORGANIZATION,We,stop_word,21,21
ORGANIZATION::B9,ORGANIZATION,B9,short_non_abbreviation,9,9
ORGANIZATION::IE,ORGANIZATION,IE,short_non_abbreviation,4,4
EQUIPMENT::CP,EQUIPMENT,cp,short_non_abbreviation,2,2
LOCATION::TH,LOCATION,TH,short_non_abbreviation,4,4
LOCATION::A9,LOCATION,A9,short_non_abbreviation,7,7
LOCATION::H3,LOCATION,H3,short_non_abbreviation,1,1
LOCATION::H4,LOCATION,H4,short_non_abbreviation,1,1
EQUIPMENT::XT,EQUIPMENT,XT,short_non_abbreviation,68,68
ORGANIZATION::TH,ORGANIZATION,TH,short_non_abbreviation,3,3
LOCATION::SZ,LOCATION,SZ,short_non_abbreviation,3,3
ORGANIZATION::PM,ORGANIZATION,PM,short_non_abbreviation,3,3
ORGANIZATION::OP,ORGANIZATION,OP,short_non_abbreviation,4,4
LOCATION::MT,LOCATION,MT,short_non_abbreviation,1,1
LOCATION::RJ,LOCATION,RJ,short_non_abbreviation,1,1
EQUIPMENT::TV,EQUIPMENT,TV,short_non_abbreviation,9,9
ORGANIZATION::DO,ORGANIZATION,DO,stop_word,3,3
LOCATION::M3,LOCATION,M3,short_non_abbreviation,2,2
LOCATION::B6,LOCATION,B6,short_non_abbreviation,1,1
ORGANIZATION::LP,ORGANIZATION,LP,short_non_abbreviation,3,3
ORGANIZATION::LM,ORGANIZATION,LM,short_non_abbreviation,1,1
LOCATION::1804,LOCATION,1804,numeric_only,1,1
EQUIPMENT::PT,EQUIPMENT,PT,short_non_abbreviation,2,2
LOCATION::A,LOCATION,A,single_char,2,2
ORGANIZATION::DR,ORGANIZATION,DR,short_non_abbreviation,1,1
LOCATION::JB,LOCATION,JB,short_non_abbreviation,1,1
EQUIPMENT::T1,EQUIPMENT,T1,short_non_abbreviation,2,2
ORGANIZATION::FA,ORGANIZATION,FA,short_non_abbreviation,7,7
LOCATION::B9,LOCATION,B9,short_non_abbreviation,3,3
ORGANIZATION::SO,ORGANIZATION,SO,stop_word,3,3
LOCATION::NM,LOCATION,NM,short_non_abbreviation,3,3
LOCATION::1806,LOCATION,1806,numeric_only,3,3
EQUIPMENT::CG,EQUIPMENT,CG,short_non_abbreviation,1,1
BODY_PART::R,BODY_PART,r,single_char,1,1
ORGANIZATION::W,ORGANIZATION,W,single_char,1,1
LOCATION::CT,LOCATION,CT,short_non_abbreviation,2,2
ORGANIZATION::IT,ORGANIZATION,IT,stop_word,7,7
EQUIPMENT::W7,EQUIPMENT,W7,short_non_abbreviation,1,1
EQUIPMENT::W1,EQUIPMENT,W1,short_non_abbreviation,2,2
BODY_PART::W1,BODY_PART,W1,short_non_abbreviation,1,1
BODY_PART::W7,BODY_PART,W7,short_non_abbreviation,1,1
ORGANIZATION::WS,ORGANIZATION,WS,short_non_abbreviation,7,7
BODY_PART::C,BODY_PART,C,single_char,1,1
ORGANIZATION::CD,ORGANIZATION,CD,short_non_abbreviation,1,1
ORGANIZATION::AB,ORGANIZATION,AB,short_non_abbreviation,12,12
ORGANIZATION::MI,ORGANIZATION,MI,short_non_abbreviation,2,2
ORGANIZATION::B7,ORGANIZATION,B7,short_non_abbreviation,3,3
EQUIPMENT::PC,EQUIPMENT,PC,short_non_abbreviation,2,2
ORGANIZATION::QA,ORGANIZATION,QA,short_non_abbreviation,4,4
BODY_PART::FT,BODY_PART,ft,short_non_abbreviation,4,4
EQUIPMENT::A6,EQUIPMENT,A6,short_non_abbreviation,1,1
ORGANIZATION::DJ,ORGANIZATION,DJ,short_non_abbreviation,5,5
EQUIPMENT::TH,EQUIPMENT,TH,short_non_abbreviation,6,6
ORGANIZATION::QC,ORGANIZATION,QC,short_non_abbreviation,27,27
ORGANIZATION::ML,ORGANIZATION,ML,short_non_abbreviation,2,2
ORGANIZATION::GP,ORGANIZATION,GP,short_non_abbreviation,9,9
BODY_PART::O,BODY_PART,o,single_char,2,2
EQUIPMENT::M4,EQUIPMENT,M4,short_non_abbreviation,1,1
ORGANIZATION::MA,ORGANIZATION,MA,short_non_abbreviation,1,1
LOCATION::4506,LOCATION,4506,numeric_only,1,1
ORGANIZATION::553,ORGANIZATION,553,numeric_only,1,1
ORGANIZATION::DF,ORGANIZATION,DF,short_non_abbreviation,2,2
LOCATION::XT,LOCATION,XT,short_non_abbreviation,10,10
LOCATION::AL,LOCATION,AL,short_non_abbreviation,2,2
EQUIPMENT::T4,EQUIPMENT,T4,short_non_abbreviation,4,4
ORGANIZATION::HR,ORGANIZATION,HR,short_non_abbreviation,9,9
LOCATION::P1,LOCATION,P1,short_non_abbreviation,5,5
ORGANIZATION::BH,ORGANIZATION,BH,short_non_abbreviation,5,5
LOCATION::BH,LOCATION,BH,short_non_abbreviation,1,1
BODY_PART::PÉ,BODY_PART,pé,short_non_abbreviation,1,1
ORGANIZATION::911,ORGANIZATION,911,numeric_only,16,16
LOCATION::B7,LOCATION,B7,short_non_abbreviation,2,2
ORGANIZATION::L4,ORGANIZATION,L4,short_non_abbreviation,1,1
LOCATION::C,LOCATION,C,single_char,1,1
ORGANIZATION::BE,ORGANIZATION,BE,stop_word,3,3
ORGANIZATION::FF,ORGANIZATION,FF,short_non_abbreviation,3,3
LOCATION::108.500,LOCATION,108.500,numeric_only,1,1
ORGANIZATION::GE,ORGANIZATION,GE,short_non_abbreviation,6,6
LOCATION::WA,LOCATION,WA,short_non_abbreviation,11,11
EQUIPMENT::LU,EQUIPMENT,LU,short_non_abbreviation,1,1
ORGANIZATION::CE,ORGANIZATION,CE,short_non_abbreviation,3,3
ORGANIZATION::NI,ORGANIZATION,NI,short_non_abbreviation,3,3
LOCATION::1815,LOCATION,1815,numeric_only,1,1
LOCATION::E5,LOCATION,E5,short_non_abbreviation,6,6
LOCATION::E4,LOCATION,E4,short_non_abbreviation,3,3
ORGANIZATION::WC,ORGANIZATION,WC,short_non_abbreviation,2,2
LOCATION::985,LOCATION,985,numeric_only,1,1
LOCATION::3Q,LOCATION,3Q,short_non_abbreviation,1,1
ORGANIZATION::THEY,ORGANIZATION,They,stop_word,2,2
LOCATION::E1,LOCATION,E1,short_non_abbreviation,1,1
LOCATION::E2,LOCATION,E2,short_non_abbreviation,2,2
LOCATION::E3,LOCATION,E3,short_non_abbreviation,2,2
ORGANIZATION::IC,ORGANIZATION,IC,short_non_abbreviation,1,1
ORGANIZATION::OO,ORGANIZATION,OO,short_non_abbreviation,4,4
EQUIPMENT::CB,EQUIPMENT,CB,short_non_abbreviation,1,1
LOCATION::WC,LOCATION,WC,short_non_abbreviation,6,6
EQUIPMENT::DA,EQUIPMENT,DA,short_non_abbreviation,1,1
EQUIPMENT::ITS,EQUIPMENT,ITS,stop_word,1,1
ORGANIZATION::BM,ORGANIZATION,BM,short_non_abbreviation,2,2
ORGANIZATION::AH,ORGANIZATION,AH,short_non_abbreviation,1,1
LOCATION::1604,LOCATION,1604,numeric_only,1,1
ORGANIZATION::PA,ORGANIZATION,PA,short_non_abbreviation,2,2
ORGANIZATION::LB,ORGANIZATION,LB,short_non_abbreviation,1,1
ORGANIZATION::SC,ORGANIZATION,SC,short_non_abbreviation,2,2
ORGANIZATION::3C,ORGANIZATION,3C,short_non_abbreviation,1,1
ORGANIZATION::KM,ORGANIZATION,KM,short_non_abbreviation,1,1
LOCATION::DB,LOCATION,DB,short_non_abbreviation,4,4
LOCATION::3505,LOCATION,3505,numeric_only,2,2
LOCATION::L2,LOCATION,L2,short_non_abbreviation,2,2
ORGANIZATION::TP,ORGANIZATION,TP,short_non_abbreviation,5,5
EQUIPMENT::P3,EQUIPMENT,P3,short_non_abbreviation,2,2
LOCATION::LB,LOCATION,LB,short_non_abbreviation,1,1
LOCATION::L0,LOCATION,L0,short_non_abbreviation,2,2
ORGANIZATION::QP,ORGANIZATION,QP,short_non_abbreviation,1,1
LOCATION::16.40,LOCATION,16.40,numeric_only,1,1
LOCATION::SA,LOCATION,SA,short_non_abbreviation,3,3
ORGANIZATION::SA,ORGANIZATION,SA,short_non_abbreviation,2,2
LOCATION::P4,LOCATION,P4,short_non_abbreviation,4,4
LOCATION::BF,LOCATION,BF,short_non_abbreviation,1,1
ORGANIZATION::IR,ORGANIZATION,IR,short_non_abbreviation,3,3
LOCATION::5526,LOCATION,5526,numeric_only,1,1
ORGANIZATION::AO,ORGANIZATION,AO,short_non_abbreviation,1,1
INJURY_TYPE::DS,INJURY_TYPE,Ds,short_non_abbreviation,1,1
ORGANIZATION::IW,ORGANIZATION,IW,short_non_abbreviation,1,1
LOCATION::M9,LOCATION,M9,short_non_abbreviation,2,2
ORGANIZATION::HS,ORGANIZATION,HS,short_non_abbreviation,6,6
ORGANIZATION::JV,ORGANIZATION,JV,short_non_abbreviation,1,1
EQUIPMENT::A7,EQUIPMENT,A7,short_non_abbreviation,1,1
LOCATION::121.400,LOCATION,121.400,numeric_only,1,1
ORGANIZATION::SI,ORGANIZATION,SI,short_non_abbreviation,2,2
LOCATION::DJ,LOCATION,DJ,short_non_abbreviation,3,3
LOCATION::L3,LOCATION,L3,short_non_abbreviation,2,2
EQUIPMENT::CT,EQUIPMENT,CT,short_non_abbreviation,1,1
EQUIPMENT::JB,EQUIPMENT,JB,short_non_abbreviation,1,1
LOCATION::T5,LOCATION,T5,short_non_abbreviation,1,1
ORGANIZATION::PE,ORGANIZATION,PE,short_non_abbreviation,7,7
EQUIPMENT::M5,EQUIPMENT,M5,short_non_abbreviation,1,1
EQUIPMENT::D5,EQUIPMENT,D5,short_non_abbreviation,1,1
ORGANIZATION::BX,ORGANIZATION,BX,short_non_abbreviation,1,1
EQUIPMENT::5531,EQUIPMENT,5531,numeric_only,1,1
ORGANIZATION::DY,ORGANIZATION,DY,short_non_abbreviation,2,2
ORGANIZATION::A,ORGANIZATION,a,single_char,1,1
ORGANIZATION::TU,ORGANIZATION,TU,short_non_abbreviation,2,2
LOCATION::EQ,LOCATION,EQ,short_non_abbreviation,1,1
ORGANIZATION::HIS,ORGANIZATION,HIS,stop_word,1,1
EQUIPMENT::A9,EQUIPMENT,A9,short_non_abbreviation,1,1
EQUIPMENT::UR,EQUIPMENT,UR,short_non_abbreviation,1,1
LOCATION::V,LOCATION,V,single_char,1,1
ORGANIZATION::MM,ORGANIZATION,MM,short_non_abbreviation,1,1
LOCATION::ML,LOCATION,ML,short_non_abbreviation,4,4
ORGANIZATION::XT,ORGANIZATION,XT,short_non_abbreviation,4,4
LOCATION::W3,LOCATION,W3,short_non_abbreviation,2,2
LOCATION::112,LOCATION,112,numeric_only,1,1
LOCATION::UR,LOCATION,UR,short_non_abbreviation,1,1
EQUIPMENT::434,EQUIPMENT,434,numeric_only,1,1
ORGANIZATION::3M,ORGANIZATION,3M,short_non_abbreviation,7,7
LOCATION::M1,LOCATION,M1,short_non_abbreviation,1,1
LOCATION::RS,LOCATION,RS,short_non_abbreviation,1,1
EQUIPMENT::FL,EQUIPMENT,FL,short_non_abbreviation,2,2
ORGANIZATION::CP,ORGANIZATION,CP,short_non_abbreviation,3,3
ORGANIZATION::EE,ORGANIZATION,EE,short_non_abbreviation,2,2
ORGANIZATION::BV,ORGANIZATION,BV,short_non_abbreviation,3,3
ORGANIZATION::M2,ORGANIZATION,M2,short_non_abbreviation,1,1
ORGANIZATION::RP,ORGANIZATION,RP,short_non_abbreviation,3,3
EQUIPMENT::DB,EQUIPMENT,DB,short_non_abbreviation,2,2
LOCATION::121.5,LOCATION,121.5,numeric_only,1,1
LOCATION::L1,LOCATION,L1,short_non_abbreviation,2,2
INJURY_TYPE::FA,INJURY_TYPE,FA,short_non_abbreviation,2,2
ORGANIZATION::TO,ORGANIZATION,TO,stop_word,1,1
ORGANIZATION::HW,ORGANIZATION,HW,short_non_abbreviation,2,2
LOCATION::AU,LOCATION,AU,short_non_abbreviation,1,1
ORGANIZATION::PI,ORGANIZATION,PI,short_non_abbreviation,2,2
ORGANIZATION::BJ,ORGANIZATION,BJ,short_non_abbreviation,2,2
ORGANIZATION::CH,ORGANIZATION,CH,short_non_abbreviation,4,4
EQUIPMENT::502,EQUIPMENT,502,numeric_only,1,1
LOCATION::SB,LOCATION,SB,short_non_abbreviation,2,2
LOCATION::PS,LOCATION,PS,short_non_abbreviation,1,1
EQUIPMENT::IT,EQUIPMENT,it,stop_word,1,1
LOCATION::5100,LOCATION,5100,numeric_only,2,2
LOCATION::5527,LOCATION,5527,numeric_only,1,1
LOCATION::P2,LOCATION,P2,short_non_abbreviation,1,1
LOCATION::I,LOCATION,I,single_char,1,1
ORGANIZATION::HH,ORGANIZATION,HH,short_non_abbreviation,2,2
ORGANIZATION::FD,ORGANIZATION,FD,short_non_abbreviation,1,1
LOCATION::PC,LOCATION,PC,short_non_abbreviation,1,1
LOCATION::C2,LOCATION,C2,short_non_abbreviation,1,1
ORGANIZATION::RA,ORGANIZATION,RA,short_non_abbreviation,3,3
BODY_PART::LS,BODY_PART,LS,short_non_abbreviation,1,1
ORGANIZATION::BW,ORGANIZATION,BW,short_non_abbreviation,1,1
ORGANIZATION::IK,ORGANIZATION,IK,short_non_abbreviation,1,1
ORGANIZATION::MP,ORGANIZATION,MP,short_non_abbreviation,1,1
ORGANIZATION::PO,ORGANIZATION,PO,short_non_abbreviation,1,1
LOCATION::TR,LOCATION,TR,short_non_abbreviation,1,1
LOCATION::W6,LOCATION,W6,short_non_abbreviation,5,5
BODY_PART::M,BODY_PART,m,single_char,2,2
ORGANIZATION::CM,ORGANIZATION,CM,short_non_abbreviation,1,1
ORGANIZATION::UT,ORGANIZATION,UT,short_non_abbreviation,2,2
LOCATION::VA,LOCATION,VA,short_non_abbreviation,1,1
ORGANIZATION::PH,ORGANIZATION,PH,short_non_abbreviation,1,1
LOCATION::A6,LOCATION,A6,short_non_abbreviation,1,1
ORGANIZATION::RL,ORGANIZATION,RL,short_non_abbreviation,1,1
LOCATION::544,LOCATION,544,numeric_only,1,1
ORGANIZATION::FM,ORGANIZATION,FM,short_non_abbreviation,1,1
LOCATION::A2,LOCATION,A2,short_non_abbreviation,1,1
LOCATION::A1,LOCATION,A1,short_non_abbreviation,1,1
LOCATION::K2,LOCATION,K2,short_non_abbreviation,1,1
EQUIPMENT::3505,EQUIPMENT,3505,numeric_only,1,1
EQUIPMENT::P7,EQUIPMENT,P7,short_non_abbreviation,1,1
ORGANIZATION::TS,ORGANIZATION,TS,short_non_abbreviation,1,1
BODY_PART::SN,BODY_PART,sn,short_non_abbreviation,1,1
ORGANIZATION::999,ORGANIZATION,999,numeric_only,3,3
ORGANIZATION::OM,ORGANIZATION,OM,short_non_abbreviation,1,1
LOCATION::W9,LOCATION,W9,short_non_abbreviation,1,1
LOCATION::H6,LOCATION,H6,short_non_abbreviation,1,1
LOCATION::ES,LOCATION,ES,short_non_abbreviation,1,1
ORGANIZATION::TE,ORGANIZATION,TE,short_non_abbreviation,1,1
BODY_PART::FB,BODY_PART,FB,short_non_abbreviation,1,1
ORGANIZATION::WH,ORGANIZATION,WH,short_non_abbreviation,4,4
ORGANIZATION::PT,ORGANIZATION,PT,short_non_abbreviation,1,1
ORGANIZATION::EQ,ORGANIZATION,EQ,short_non_abbreviation,2,2
EQUIPMENT::QD,EQUIPMENT,QD,short_non_abbreviation,1,1
LOCATION::I2,LOCATION,I2,short_non_abbreviation,1,1
LOCATION::TX,LOCATION,TX,short_non_abbreviation,1,1
BODY_PART::TH,BODY_PART,TH,short_non_abbreviation,1,1
ORGANIZATION::OC,ORGANIZATION,OC,short_non_abbreviation,1,1
EQUIPMENT::OC,EQUIPMENT,OC,short_non_abbreviation,1,1
LOCATION::HH,LOCATION,HH,short_non_abbreviation,2,2
ORGANIZATION::UR,ORGANIZATION,UR,short_non_abbreviation,1,1
LOCATION::101,LOCATION,101,numeric_only,1,1
BODY_PART::EF,BODY_PART,EF,short_non_abbreviation,1,1
ORGANIZATION::NM,ORGANIZATION,NM,short_non_abbreviation,2,2
ORGANIZATION::YT,ORGANIZATION,YT,short_non_abbreviation,1,1
LOCATION::195,LOCATION,195,numeric_only,1,1
ORGANIZATION::H7,ORGANIZATION,H7,short_non_abbreviation,1,1
LOCATION::V1,LOCATION,V1,short_non_abbreviation,1,1
LOCATION::CP,LOCATION,CP,short_non_abbreviation,1,1
ORGANIZATION::QN,ORGANIZATION,QN,short_non_abbreviation,1,1
ORGANIZATION::JE,ORGANIZATION,JE,short_non_abbreviation,1,1
LOCATION::IS,LOCATION,is,stop_word,1,1
EQUIPMENT::WB,EQUIPMENT,WB,short_non_abbreviation,1,1
ORGANIZATION::TC,ORGANIZATION,TC,short_non_abbreviation,1,1
ORGANIZATION::JD,ORGANIZATION,JD,short_non_abbreviation,1,1
EQUIPMENT::CH,EQUIPMENT,CH,short_non_abbreviation,1,1
ORGANIZATION::HT,ORGANIZATION,HT,short_non_abbreviation,1,1
ORGANIZATION::4D,ORGANIZATION,4D,short_non_abbreviation,1,1
BODY_PART::SH,BODY_PART,SH,short_non_abbreviation,1,1
INJURY_TYPE::A1,INJURY_TYPE,A1,short_non_abbreviation,1,1
ORGANIZATION::SV,ORGANIZATION,SV,short_non_abbreviation,2,2
ORGANIZATION::NG,ORGANIZATION,NG,short_non_abbreviation,1,1
LOCATION::SE,LOCATION,SE,short_non_abbreviation,1,1
LOCATION::HS,LOCATION,HS,short_non_abbreviation,1,1
ORGANIZATION::SM,ORGANIZATION,SM,short_non_abbreviation,1,1
ORGANIZATION::OH,ORGANIZATION,OH,short_non_abbreviation,1,1
ORGANIZATION::N2,ORGANIZATION,N2,short_non_abbreviation,1,1
LOCATION::SV,LOCATION,SV,short_non_abbreviation,1,1
ORGANIZATION::A9,ORGANIZATION,A9,short_non_abbreviation,1,1
ORGANIZATION::B6,ORGANIZATION,B6,short_non_abbreviation,1,1
ORGANIZATION::IF,ORGANIZATION,IF,short_non_abbreviation,1,1
ORGANIZATION::ITS,ORGANIZATION,ITS,stop_word,2,2
LOCATION::WI,LOCATION,WI,short_non_abbreviation,1,1
LOCATION::GB,LOCATION,GB,short_non_abbreviation,1,1
ORGANIZATION::CR,ORGANIZATION,CR,short_non_abbreviation,1,1
LOCATION::ET,LOCATION,ET,short_non_abbreviation,1,1
INJURY_TYPE::T9,INJURY_TYPE,T9,short_non_abbreviation,1,1
ORGANIZATION::DG,ORGANIZATION,DG,short_non_abbreviation,1,1
ORGANIZATION::UM,ORGANIZATION,UM,short_non_abbreviation,1,1
EQUIPMENT::EI,EQUIPMENT,EI,short_non_abbreviation,1,1
EQUIPMENT::LS,EQUIPMENT,LS,short_non_abbreviation,1,1
ORGANIZATION::TR,ORGANIZATION,TR,short_non_abbreviation,1,1
EQUIPMENT::D4,EQUIPMENT,D4,short_non_abbreviation,1,1
LOCATION::AT,LOCATION,AT,stop_word,1,1
EQUIPMENT::GP,EQUIPMENT,GP,short_non_abbreviation,2,2
LOCATION::EL,LOCATION,EL,short_non_abbreviation,1,1
LOCATION::5529,LOCATION,5529,numeric_only,1,1
LOCATION::CH,LOCATION,CH,short_non_abbreviation,1,1
ORGANIZATION::GC,ORGANIZATION,GC,short_non_abbreviation,1,1
EQUIPMENT::PO,EQUIPMENT,PO,short_non_abbreviation,1,1
ORGANIZATION::RH,ORGANIZATION,RH,short_non_abbreviation,1,1
LOCATION::3A,LOCATION,3A,short_non_abbreviation,1,1
LOCATION::M6,LOCATION,M6,short_non_abbreviation,1,1
BODY_PART::LQ,BODY_PART,LQ,short_non_abbreviation,1,1
LOCATION::NL,LOCATION,NL,short_non_abbreviation,1,1
ORGANIZATION::PG,ORGANIZATION,PG,short_non_abbreviation,1,1
LOCATION::D1,LOCATION,D1,short_non_abbreviation,1,1
ORGANIZATION::WM,ORGANIZATION,WM,short_non_abbreviation,1,1
ORGANIZATION::TI,ORGANIZATION,TI,short_non_abbreviation,1,1
EQUIPMENT::IM,EQUIPMENT,im,short_non_abbreviation,1,1
ORGANIZATION::V4,ORGANIZATION,V4,short_non_abbreviation,1,1
EQUIPMENT::OP,EQUIPMENT,OP,short_non_abbreviation,1,1
LOCATION::SW,LOCATION,SW,short_non_abbreviation,1,1
ORGANIZATION::OUR,ORGANIZATION,our,stop_word,1,1
LOCATION::ZU,LOCATION,ZU,short_non_abbreviation,1,1
LOCATION::R4,LOCATION,R4,short_non_abbreviation,1,1
LOCATION::V2,LOCATION,V2,short_non_abbreviation,1,1
EQUIPMENT::N1,EQUIPMENT,N1,short_non_abbreviation,1,1
ORGANIZATION::111,ORGANIZATION,111,numeric_only,1,1
ORGANIZATION::EX,ORGANIZATION,EX,short_non_abbreviation,1,1
ORGANIZATION::HI,ORGANIZATION,HI,short_non_abbreviation,2,2
LOCATION::PD,LOCATION,PD,short_non_abbreviation,1,1
ORGANIZATION::AA,ORGANIZATION,AA,short_non_abbreviation,2,2
EQUIPMENT::N2,EQUIPMENT,N2,short_non_abbreviation,1,1
EQUIPMENT::FM,EQUIPMENT,FM,short_non_abbreviation,1,1
EQUIPMENT::VB,EQUIPMENT,VB,short_non_abbreviation,1,1
LOCATION::123,LOCATION,123,numeric_only,1,1
EQUIPMENT::DG,EQUIPMENT,DG,short_non_abbreviation,2,2
BODY_PART::UT,BODY_PART,UT,short_non_abbreviation,1,1
LOCATION::181,LOCATION,181,numeric_only,1,1
LOCATION::A7,LOCATION,A7,short_non_abbreviation,1,1
LOCATION::LA,LOCATION,LA,short_non_abbreviation,1,1
LOCATION::79,LOCATION,79,numeric_only,1,1
ORGANIZATION::BO,ORGANIZATION,BO,short_non_abbreviation,1,1
ORGANIZATION::FC,ORGANIZATION,FC,short_non_abbreviation,1,1
LOCATION::B1,LOCATION,B1,short_non_abbreviation,1,1
LOCATION::B5,LOCATION,B5,short_non_abbreviation,1,1
LOCATION::WS,LOCATION,WS,short_non_abbreviation,2,2
LOCATION::WH,LOCATION,WH,short_non_abbreviation,1,1
ORGANIZATION::BB,ORGANIZATION,BB,short_non_abbreviation,1,1
EQUIPMENT::HW,EQUIPMENT,HW,short_non_abbreviation,1,1
ORGANIZATION::15,ORGANIZATION,15,numeric_only,1,1
EQUIPMENT::SZ,EQUIPMENT,SZ,short_non_abbreviation,1,1
EQUIPMENT::VX,EQUIPMENT,VX,short_non_abbreviation,1,1
ORGANIZATION::TA,ORGANIZATION,TA,short_non_abbreviation,1,1
ORGANIZATION::AM,ORGANIZATION,AM,short_non_abbreviation,1,1
ORGANIZATION::LQ,ORGANIZATION,LQ,short_non_abbreviation,1,1
LOCATION::B3,LOCATION,B3,short_non_abbreviation,1,1
LOCATION::I5,LOCATION,I5,short_non_abbreviation,1,1
LOCATION::SHOULD,LOCATION,should,stop_word,1,1
LOCATION::P7,LOCATION,P7,short_non_abbreviation,1,1
LOCATION::S7,LOCATION,S7,short_non_abbreviation,1,1
ORGANIZATION::FB,ORGANIZATION,FB,short_non_abbreviation,1,1
ORGANIZATION::EM,ORGANIZATION,EM,short_non_abbreviation,1,1
LOCATION::CR,LOCATION,CR,short_non_abbreviation,1,1
EQUIPMENT::MH,EQUIPMENT,MH,short_non_abbreviation,1,1
ORGANIZATION::BI,ORGANIZATION,BI,short_non_abbreviation,1,1
