value,canonical_type,confidence,types_found,count_per_type,entities_to_reclassify,edges_affected
HPU,ORGANIZATION,ambiguous,BODY_PART; EQUIPMENT; LOCATION; ORGANIZATION,ORGANIZATION=54; EQUIPMENT=41; LOCATION=14; BODY_PART=1,3,56
A&R,EQUIPMENT,ambiguous,EQUIPMENT; LOCATION; ORGANIZATION,EQUIPMENT=10; ORGANIZATION=8; LOCATION=2,2,10
Spoolbase,LOCATION,ambiguous,LOCATION; ORGANIZATION,LOCATION=8; ORGANIZATION=8,1,8
TH,EQUIPMENT,ambiguous,BODY_PART; EQUIPMENT; LOCATION; ORGANIZATION,EQUIPMENT=6; LOCATION=4; ORGANIZATION=3; BODY_PART=1,3,8
working platform,EQUIPMENT,ambiguous,EQUIPMENT; LOCATION,EQUIPMENT=7; LOCATION=7,1,7
OHPL,EQUIPMENT,ambiguous,EQUIPMENT; LOCATION; ORGANIZATION,EQUIPMENT=4; ORGANIZATION=4; LOCATION=3,2,7
TCF,LOCATION,ambiguous,LOCATION; ORGANIZATION,LOCATION=6; ORGANIZATION=6,1,6
test stand,EQUIPMENT,ambiguous,EQUIPMENT; LOCATION,EQUIPMENT=6; LOCATION=6,1,6
MQC,EQUIPMENT,ambiguous,EQUIPMENT; LOCATION; ORGANIZATION,EQUIPMENT=6; ORGANIZATION=5; LOCATION=1,2,6
PLET,EQUIPMENT,ambiguous,EQUIPMENT; LOCATION; ORGANIZATION,EQUIPMENT=6; LOCATION=4; ORGANIZATION=2,2,6
Sabratha platform,LOCATION,ambiguous,EQUIPMENT; LOCATION; ORGANIZATION,LOCATION=5; ORGANIZATION=4; EQUIPMENT=1,2,5
mast,BODY_PART,ambiguous,BODY_PART; EQUIPMENT; LOCATION,BODY_PART=5; EQUIPMENT=4; LOCATION=1,2,5
SSIV,EQUIPMENT,ambiguous,EQUIPMENT; LOCATION; ORGANIZATION,EQUIPMENT=5; LOCATION=3; ORGANIZATION=2,2,5
FPSO,EQUIPMENT,ambiguous,EQUIPMENT; LOCATION; ORGANIZATION,EQUIPMENT=3; ORGANIZATION=3; LOCATION=2,2,5
HFL,EQUIPMENT,ambiguous,EQUIPMENT; LOCATION; ORGANIZATION,EQUIPMENT=4; ORGANIZATION=3; LOCATION=2,2,5
PHD,EQUIPMENT,ambiguous,EQUIPMENT; LOCATION; ORGANIZATION,EQUIPMENT=3; LOCATION=3; ORGANIZATION=1,2,4
Bahr Essalam Project,LOCATION,ambiguous,LOCATION; ORGANIZATION,LOCATION=4; ORGANIZATION=4,1,4
light plant,LOCATION,ambiguous,EQUIPMENT; LOCATION; ORGANIZATION,LOCATION=3; EQUIPMENT=2; ORGANIZATION=2,2,4
test stump,BODY_PART,ambiguous,BODY_PART; EQUIPMENT,BODY_PART=4; EQUIPMENT=4,1,4
CCR,LOCATION,ambiguous,LOCATION; ORGANIZATION,LOCATION=4; ORGANIZATION=4,1,4
TSM,EQUIPMENT,ambiguous,EQUIPMENT; ORGANIZATION,EQUIPMENT=3; ORGANIZATION=3,1,3
TMP module,LOCATION,ambiguous,EQUIPMENT; LOCATION; ORGANIZATION,LOCATION=3; ORGANIZATION=2; EQUIPMENT=1,2,3
THD,EQUIPMENT,ambiguous,EQUIPMENT; LOCATION; ORGANIZATION,EQUIPMENT=3; ORGANIZATION=2; LOCATION=1,2,3
UTH,EQUIPMENT,ambiguous,EQUIPMENT; LOCATION; ORGANIZATION,EQUIPMENT=3; LOCATION=2; ORGANIZATION=1,2,3
Posh Skua,LOCATION,ambiguous,EQUIPMENT; LOCATION; ORGANIZATION,LOCATION=2; ORGANIZATION=2; EQUIPMENT=1,2,3
SRP module,LOCATION,ambiguous,EQUIPMENT; LOCATION; ORGANIZATION,LOCATION=3; EQUIPMENT=2; ORGANIZATION=1,2,3
SDU,EQUIPMENT,ambiguous,EQUIPMENT; LOCATION; ORGANIZATION,EQUIPMENT=3; LOCATION=2; ORGANIZATION=1,2,3
Rosebank,LOCATION,ambiguous,LOCATION; ORGANIZATION,LOCATION=3; ORGANIZATION=3,1,3
ROU12,EQUIPMENT,ambiguous,EQUIPMENT; LOCATION; ORGANIZATION,EQUIPMENT=2; LOCATION=2; ORGANIZATION=1,2,3
car,EQUIPMENT,ambiguous,BODY_PART; EQUIPMENT; LOCATION,EQUIPMENT=2; LOCATION=2; BODY_PART=1,2,3
PMA,LOCATION,ambiguous,EQUIPMENT; LOCATION; ORGANIZATION,LOCATION=3; ORGANIZATION=2; EQUIPMENT=1,2,3
PAD,LOCATION,ambiguous,BODY_PART; LOCATION; ORGANIZATION,LOCATION=3; BODY_PART=2; ORGANIZATION=1,2,3
OSB,LOCATION,ambiguous,LOCATION; ORGANIZATION,LOCATION=3; ORGANIZATION=3,1,3
Fier Hospital,LOCATION,ambiguous,LOCATION; ORGANIZATION,LOCATION=3; ORGANIZATION=3,1,3
Bourbon Emerald,LOCATION,ambiguous,EQUIPMENT; LOCATION; ORGANIZATION,LOCATION=2; ORGANIZATION=2; EQUIPMENT=1,2,3
THMRT,EQUIPMENT,ambiguous,EQUIPMENT; ORGANIZATION,EQUIPMENT=3; ORGANIZATION=3,1,3
guard,BODY_PART,ambiguous,BODY_PART; EQUIPMENT; ORGANIZATION,BODY_PART=2; EQUIPMENT=2; ORGANIZATION=1,2,3
hardhat,BODY_PART,ambiguous,BODY_PART; EQUIPMENT,BODY_PART=3; EQUIPMENT=3,1,3
medical facility,LOCATION,ambiguous,LOCATION; ORGANIZATION,LOCATION=3; ORGANIZATION=3,1,3
carrier,EQUIPMENT,ambiguous,EQUIPMENT; ORGANIZATION,EQUIPMENT=3; ORGANIZATION=3,1,3
tank,EQUIPMENT,ambiguous,EQUIPMENT; LOCATION,EQUIPMENT=3; LOCATION=3,1,3
3-rd level clinic,LOCATION,ambiguous,LOCATION; ORGANIZATION,LOCATION=3; ORGANIZATION=3,1,3
column,BODY_PART,ambiguous,BODY_PART; EQUIPMENT; LOCATION,BODY_PART=2; EQUIPMENT=2; LOCATION=1,2,3
hand wheel,BODY_PART,ambiguous,BODY_PART; EQUIPMENT,BODY_PART=3; EQUIPMENT=3,1,3
BE,LOCATION,ambiguous,LOCATION; ORGANIZATION,LOCATION=3; ORGANIZATION=3,1,3
shoe,BODY_PART,ambiguous,BODY_PART; EQUIPMENT,BODY_PART=3; EQUIPMENT=3,1,3
NHT CCR,LOCATION,ambiguous,LOCATION; ORGANIZATION,LOCATION=2; ORGANIZATION=2,1,2
cab,BODY_PART,ambiguous,BODY_PART; EQUIPMENT; LOCATION,BODY_PART=2; EQUIPMENT=1; LOCATION=1,2,2
step,BODY_PART,ambiguous,BODY_PART; EQUIPMENT; LOCATION,BODY_PART=2; EQUIPMENT=1; LOCATION=1,2,2
scaffolder,EQUIPMENT,ambiguous,EQUIPMENT; ORGANIZATION,EQUIPMENT=2; ORGANIZATION=2,1,2
pedestal,BODY_PART,ambiguous,BODY_PART; EQUIPMENT; LOCATION,BODY_PART=1; EQUIPMENT=1; LOCATION=1,2,2
PC37,EQUIPMENT,ambiguous,EQUIPMENT; ORGANIZATION,EQUIPMENT=2; ORGANIZATION=2,1,2
paint line,EQUIPMENT,ambiguous,EQUIPMENT; LOCATION,EQUIPMENT=2; LOCATION=2,1,2
OOO Velesstroy medical ward,LOCATION,ambiguous,LOCATION; ORGANIZATION,LOCATION=2; ORGANIZATION=2,1,2
stud,EQUIPMENT,ambiguous,BODY_PART; EQUIPMENT; LOCATION,EQUIPMENT=2; BODY_PART=1; LOCATION=1,2,2
NDT,EQUIPMENT,ambiguous,EQUIPMENT; ORGANIZATION,EQUIPMENT=2; ORGANIZATION=2,1,2
MSLS,EQUIPMENT,ambiguous,EQUIPMENT; LOCATION; ORGANIZATION,EQUIPMENT=1; LOCATION=1; ORGANIZATION=1,2,2
MMH,LOCATION,ambiguous,LOCATION; ORGANIZATION,LOCATION=2; ORGANIZATION=2,1,2
Kenz,ORGANIZATION,ambiguous,EQUIPMENT; LOCATION; ORGANIZATION,ORGANIZATION=2; EQUIPMENT=1; LOCATION=1,2,2
KSU,LOCATION,ambiguous,LOCATION; ORGANIZATION,LOCATION=2; ORGANIZATION=2,1,2
ISMB,BODY_PART,ambiguous,BODY_PART; EQUIPMENT; LOCATION,BODY_PART=1; EQUIPMENT=1; LOCATION=1,2,2
Helia,EQUIPMENT,ambiguous,EQUIPMENT; ORGANIZATION,EQUIPMENT=2; ORGANIZATION=2,1,2
Heila,EQUIPMENT,ambiguous,EQUIPMENT; ORGANIZATION,EQUIPMENT=2; ORGANIZATION=2,1,2
HXT,EQUIPMENT,ambiguous,EQUIPMENT; LOCATION; ORGANIZATION,EQUIPMENT=2; LOCATION=1; ORGANIZATION=1,2,2
HP,EQUIPMENT,ambiguous,EQUIPMENT; ORGANIZATION,EQUIPMENT=2; ORGANIZATION=2,1,2
HH,LOCATION,ambiguous,LOCATION; ORGANIZATION,LOCATION=2; ORGANIZATION=2,1,2
unit,LOCATION,ambiguous,LOCATION; ORGANIZATION,LOCATION=2; ORGANIZATION=2,1,2
pad eyes,BODY_PART,ambiguous,BODY_PART; EQUIPMENT,BODY_PART=2; EQUIPMENT=2,1,2
RLST,EQUIPMENT,ambiguous,EQUIPMENT; ORGANIZATION,EQUIPMENT=2; ORGANIZATION=2,1,2
Packing,EQUIPMENT,ambiguous,EQUIPMENT; LOCATION; ORGANIZATION,EQUIPMENT=1; LOCATION=1; ORGANIZATION=1,2,2
local A&E,LOCATION,ambiguous,LOCATION; ORGANIZATION,LOCATION=2; ORGANIZATION=2,1,2
WOCS,EQUIPMENT,ambiguous,EQUIPMENT; LOCATION; ORGANIZATION,EQUIPMENT=2; LOCATION=1; ORGANIZATION=1,2,2
WHRT,EQUIPMENT,ambiguous,EQUIPMENT; LOCATION; ORGANIZATION,EQUIPMENT=1; LOCATION=1; ORGANIZATION=1,2,2
WCP,LOCATION,ambiguous,EQUIPMENT; LOCATION; ORGANIZATION,LOCATION=2; EQUIPMENT=1; ORGANIZATION=1,2,2
city hospital,LOCATION,ambiguous,LOCATION; ORGANIZATION,LOCATION=2; ORGANIZATION=2,1,2
UR,EQUIPMENT,ambiguous,EQUIPMENT; LOCATION; ORGANIZATION,EQUIPMENT=1; LOCATION=1; ORGANIZATION=1,2,2
curve,BODY_PART,ambiguous,BODY_PART; LOCATION,BODY_PART=2; LOCATION=2,1,2
desktop,EQUIPMENT,ambiguous,EQUIPMENT; LOCATION,EQUIPMENT=2; LOCATION=2,1,2
TLP,LOCATION,ambiguous,LOCATION; ORGANIZATION,LOCATION=2; ORGANIZATION=2,1,2
Gremp,LOCATION,ambiguous,LOCATION; ORGANIZATION,LOCATION=2; ORGANIZATION=2,1,2
devidoir,BODY_PART,ambiguous,BODY_PART; EQUIPMENT; LOCATION,BODY_PART=1; EQUIPMENT=1; LOCATION=1,2,2
distribution board,EQUIPMENT,ambiguous,EQUIPMENT; LOCATION; ORGANIZATION,EQUIPMENT=1; LOCATION=1; ORGANIZATION=1,2,2
emergency clinic,LOCATION,ambiguous,LOCATION; ORGANIZATION,LOCATION=2; ORGANIZATION=2,1,2
Site ambulance,EQUIPMENT,ambiguous,EQUIPMENT; ORGANIZATION,EQUIPMENT=2; ORGANIZATION=2,1,2
garf,BODY_PART,ambiguous,BODY_PART; EQUIPMENT; LOCATION,BODY_PART=2; EQUIPMENT=1; LOCATION=1,2,2
Sabetta’s third level clinic,LOCATION,ambiguous,LOCATION; ORGANIZATION,LOCATION=2; ORGANIZATION=2,1,2
STR 160,EQUIPMENT,ambiguous,EQUIPMENT; LOCATION,EQUIPMENT=2; LOCATION=2,1,2
SP8,EQUIPMENT,ambiguous,EQUIPMENT; LOCATION,EQUIPMENT=2; LOCATION=2,1,2
hatch,BODY_PART,ambiguous,BODY_PART; EQUIPMENT,BODY_PART=2; EQUIPMENT=2,1,2
Rigger,EQUIPMENT,ambiguous,BODY_PART; EQUIPMENT; ORGANIZATION,EQUIPMENT=2; BODY_PART=1; ORGANIZATION=1,2,2
RWC,ORGANIZATION,ambiguous,INJURY_TYPE; LOCATION; ORGANIZATION,ORGANIZATION=2; INJURY_TYPE=1; LOCATION=1,2,2
ROVCON,EQUIPMENT,ambiguous,EQUIPMENT; ORGANIZATION,EQUIPMENT=2; ORGANIZATION=2,1,2
head area,BODY_PART,ambiguous,BODY_PART; LOCATION,BODY_PART=2; LOCATION=2,1,2
RDT,EQUIPMENT,ambiguous,EQUIPMENT; LOCATION,EQUIPMENT=2; LOCATION=2,1,2
HCVB,EQUIPMENT,ambiguous,EQUIPMENT; ORGANIZATION,EQUIPMENT=2; ORGANIZATION=2,1,2
Skandi Vinland,LOCATION,ambiguous,LOCATION; ORGANIZATION,LOCATION=2; ORGANIZATION=2,1,2
CDHIQ,EQUIPMENT,ambiguous,EQUIPMENT; LOCATION; ORGANIZATION,EQUIPMENT=1; LOCATION=1; ORGANIZATION=1,2,2
ASV,LOCATION,ambiguous,LOCATION; ORGANIZATION,LOCATION=2; ORGANIZATION=2,1,2
Billy Pugh,ORGANIZATION,ambiguous,EQUIPMENT; LOCATION; ORGANIZATION,ORGANIZATION=2; EQUIPMENT=1; LOCATION=1,2,2
All Stop,ORGANIZATION,ambiguous,EQUIPMENT; LOCATION; ORGANIZATION,ORGANIZATION=2; EQUIPMENT=1; LOCATION=1,2,2
CLAD 19,EQUIPMENT,ambiguous,EQUIPMENT; LOCATION; ORGANIZATION,EQUIPMENT=1; LOCATION=1; ORGANIZATION=1,2,2
Firing Line Building,LOCATION,ambiguous,LOCATION; ORGANIZATION,LOCATION=2; ORGANIZATION=2,1,2
CNOOC Zhanjiang,LOCATION,ambiguous,LOCATION; ORGANIZATION,LOCATION=2; ORGANIZATION=2,1,2
CODESA,LOCATION,ambiguous,LOCATION; ORGANIZATION,LOCATION=2; ORGANIZATION=2,1,2
Bahr Essalam,LOCATION,ambiguous,LOCATION; ORGANIZATION,LOCATION=2; ORGANIZATION=2,1,2
GG001,EQUIPMENT,ambiguous,EQUIPMENT; ORGANIZATION,EQUIPMENT=2; ORGANIZATION=2,1,2
Ace Winches,EQUIPMENT,ambiguous,EQUIPMENT; ORGANIZATION,EQUIPMENT=2; ORGANIZATION=2,1,2
GPS,EQUIPMENT,ambiguous,EQUIPMENT; ORGANIZATION,EQUIPMENT=2; ORGANIZATION=2,1,2
docking head,EQUIPMENT,ambiguous,EQUIPMENT; LOCATION,EQUIPMENT=1; LOCATION=1,1,1
engineering building,LOCATION,ambiguous,LOCATION; ORGANIZATION,LOCATION=1; ORGANIZATION=1,1,1
fire hydrant,EQUIPMENT,ambiguous,EQUIPMENT; LOCATION,EQUIPMENT=1; LOCATION=1,1,1
fire,INJURY_TYPE,ambiguous,INJURY_TYPE; ORGANIZATION,INJURY_TYPE=1; ORGANIZATION=1,1,1
eyebolt,BODY_PART,ambiguous,BODY_PART; EQUIPMENT,BODY_PART=1; EQUIPMENT=1,1,1
exhaust manifold,BODY_PART,ambiguous,BODY_PART; EQUIPMENT,BODY_PART=1; EQUIPMENT=1,1,1
escada,BODY_PART,ambiguous,BODY_PART; LOCATION,BODY_PART=1; LOCATION=1,1,1
Armor 10,EQUIPMENT,ambiguous,EQUIPMENT; ORGANIZATION,EQUIPMENT=1; ORGANIZATION=1,1,1
B14,LOCATION,ambiguous,LOCATION; ORGANIZATION,LOCATION=1; ORGANIZATION=1,1,1
diesel tank,EQUIPMENT,ambiguous,EQUIPMENT; LOCATION,EQUIPMENT=1; LOCATION=1,1,1
elevated platform,EQUIPMENT,ambiguous,EQUIPMENT; LOCATION,EQUIPMENT=1; LOCATION=1,1,1
flute,BODY_PART,ambiguous,BODY_PART; LOCATION,BODY_PART=1; LOCATION=1,1,1
duct bank,EQUIPMENT,ambiguous,EQUIPMENT; LOCATION,EQUIPMENT=1; LOCATION=1,1,1
dining table,EQUIPMENT,ambiguous,EQUIPMENT; LOCATION,EQUIPMENT=1; LOCATION=1,1,1
floor plate,BODY_PART,ambiguous,BODY_PART; EQUIPMENT,BODY_PART=1; EQUIPMENT=1,1,1
Gravity Base,EQUIPMENT,ambiguous,EQUIPMENT; LOCATION,EQUIPMENT=1; LOCATION=1,1,1
forno,EQUIPMENT,ambiguous,EQUIPMENT; LOCATION,EQUIPMENT=1; LOCATION=1,1,1
head board,BODY_PART,ambiguous,BODY_PART; EQUIPMENT,BODY_PART=1; EQUIPMENT=1,1,1
Aasta Hansteen Spar,LOCATION,ambiguous,LOCATION; ORGANIZATION,LOCATION=1; ORGANIZATION=1,1,1
lift station,EQUIPMENT,ambiguous,EQUIPMENT; LOCATION,EQUIPMENT=1; LOCATION=1,1,1
leader,BODY_PART,ambiguous,BODY_PART; EQUIPMENT,BODY_PART=1; EQUIPMENT=1,1,1
kaseneuve tower,EQUIPMENT,ambiguous,EQUIPMENT; LOCATION,EQUIPMENT=1; LOCATION=1,1,1
jockey wheel,BODY_PART,ambiguous,BODY_PART; EQUIPMENT,BODY_PART=1; EQUIPMENT=1,1,1
jib arm,BODY_PART,ambiguous,BODY_PART; EQUIPMENT,BODY_PART=1; EQUIPMENT=1,1,1
incinerator,EQUIPMENT,ambiguous,EQUIPMENT; LOCATION,EQUIPMENT=1; LOCATION=1,1,1
immediate,INJURY_TYPE,ambiguous,INJURY_TYPE; ORGANIZATION,INJURY_TYPE=1; ORGANIZATION=1,1,1
Aegir,LOCATION,ambiguous,LOCATION; ORGANIZATION,LOCATION=1; ORGANIZATION=1,1,1
frac tree,EQUIPMENT,ambiguous,EQUIPMENT; LOCATION,EQUIPMENT=1; LOCATION=1,1,1
Alexandroupoli hospital,LOCATION,ambiguous,LOCATION; ORGANIZATION,LOCATION=1; ORGANIZATION=1,1,1
Altea,LOCATION,ambiguous,LOCATION; ORGANIZATION,LOCATION=1; ORGANIZATION=1,1,1
Appomattox,LOCATION,ambiguous,LOCATION; ORGANIZATION,LOCATION=1; ORGANIZATION=1,1,1
grating plate,EQUIPMENT,ambiguous,EQUIPMENT; LOCATION,EQUIPMENT=1; LOCATION=1,1,1
glass,BODY_PART,ambiguous,BODY_PART; EQUIPMENT,BODY_PART=1; EQUIPMENT=1,1,1
general waste skip,EQUIPMENT,ambiguous,EQUIPMENT; LOCATION,EQUIPMENT=1; LOCATION=1,1,1
Arctica 2,EQUIPMENT,ambiguous,EQUIPMENT; LOCATION,EQUIPMENT=1; LOCATION=1,1,1
BORL OHC centre,LOCATION,ambiguous,LOCATION; ORGANIZATION,LOCATION=1; ORGANIZATION=1,1,1
B6,LOCATION,ambiguous,LOCATION; ORGANIZATION,LOCATION=1; ORGANIZATION=1,1,1
cribbing,EQUIPMENT,ambiguous,EQUIPMENT; LOCATION,EQUIPMENT=1; LOCATION=1,1,1
desanders,LOCATION,ambiguous,LOCATION; ORGANIZATION,LOCATION=1; ORGANIZATION=1,1,1
department,LOCATION,ambiguous,LOCATION; ORGANIZATION,LOCATION=1; ORGANIZATION=1,1,1
bride,BODY_PART,ambiguous,BODY_PART; LOCATION,BODY_PART=1; LOCATION=1,1,1
brake,BODY_PART,ambiguous,BODY_PART; EQUIPMENT,BODY_PART=1; EQUIPMENT=1,1,1
bottom step,BODY_PART,ambiguous,BODY_PART; LOCATION,BODY_PART=1; LOCATION=1,1,1
boot,BODY_PART,ambiguous,BODY_PART; EQUIPMENT,BODY_PART=1; EQUIPMENT=1,1,1
book shelf,EQUIPMENT,ambiguous,EQUIPMENT; LOCATION,EQUIPMENT=1; LOCATION=1,1,1
bogey,BODY_PART,ambiguous,BODY_PART; EQUIPMENT,BODY_PART=1; EQUIPMENT=1,1,1
body guard,BODY_PART,ambiguous,BODY_PART; EQUIPMENT,BODY_PART=1; EQUIPMENT=1,1,1
boat,EQUIPMENT,ambiguous,EQUIPMENT; LOCATION,EQUIPMENT=1; LOCATION=1,1,1
blast wall,EQUIPMENT,ambiguous,EQUIPMENT; LOCATION,EQUIPMENT=1; LOCATION=1,1,1
balance,BODY_PART,ambiguous,BODY_PART; EQUIPMENT,BODY_PART=1; EQUIPMENT=1,1,1
back scratcher,BODY_PART,ambiguous,BODY_PART; EQUIPMENT,BODY_PART=1; EQUIPMENT=1,1,1
back door,BODY_PART,ambiguous,BODY_PART; LOCATION,BODY_PART=1; LOCATION=1,1,1
articulated arm,BODY_PART,ambiguous,BODY_PART; EQUIPMENT,BODY_PART=1; EQUIPMENT=1,1,1
armouring line,EQUIPMENT,ambiguous,EQUIPMENT; LOCATION,EQUIPMENT=1; LOCATION=1,1,1
armor,BODY_PART,ambiguous,BODY_PART; EQUIPMENT,BODY_PART=1; EQUIPMENT=1,1,1
aquilux,EQUIPMENT,ambiguous,EQUIPMENT; ORGANIZATION,EQUIPMENT=1; ORGANIZATION=1,1,1
anesthesia,EQUIPMENT,ambiguous,EQUIPMENT; INJURY_TYPE,EQUIPMENT=1; INJURY_TYPE=1,1,1
bunding,EQUIPMENT,ambiguous,EQUIPMENT; LOCATION,EQUIPMENT=1; LOCATION=1,1,1
butchery,LOCATION,ambiguous,LOCATION; ORGANIZATION,LOCATION=1; ORGANIZATION=1,1,1
Bourbon Bora,LOCATION,ambiguous,LOCATION; ORGANIZATION,LOCATION=1; ORGANIZATION=1,1,1
cliquets,BODY_PART,ambiguous,BODY_PART; EQUIPMENT,BODY_PART=1; EQUIPMENT=1,1,1
BWI BP medical centre,LOCATION,ambiguous,LOCATION; ORGANIZATION,LOCATION=1; ORGANIZATION=1,1,1
crosshead,BODY_PART,ambiguous,BODY_PART; EQUIPMENT,BODY_PART=1; EQUIPMENT=1,1,1
low pressure loop,EQUIPMENT,ambiguous,EQUIPMENT; LOCATION,EQUIPMENT=1; LOCATION=1,1,1
control van,EQUIPMENT,ambiguous,EQUIPMENT; LOCATION,EQUIPMENT=1; LOCATION=1,1,1
concrete edge,BODY_PART,ambiguous,BODY_PART; LOCATION,BODY_PART=1; LOCATION=1,1,1
collection network,EQUIPMENT,ambiguous,EQUIPMENT; ORGANIZATION,EQUIPMENT=1; ORGANIZATION=1,1,1
cluster,EQUIPMENT,ambiguous,EQUIPMENT; LOCATION,EQUIPMENT=1; LOCATION=1,1,1
cleaning agent,EQUIPMENT,ambiguous,EQUIPMENT; ORGANIZATION,EQUIPMENT=1; ORGANIZATION=1,1,1
cab area,BODY_PART,ambiguous,BODY_PART; LOCATION,BODY_PART=1; LOCATION=1,1,1
chuck jaws,EQUIPMENT,ambiguous,EQUIPMENT; LOCATION,EQUIPMENT=1; LOCATION=1,1,1
chete,EQUIPMENT,ambiguous,EQUIPMENT; LOCATION,EQUIPMENT=1; LOCATION=1,1,1
charge hand,BODY_PART,ambiguous,BODY_PART; EQUIPMENT,BODY_PART=1; EQUIPMENT=1,1,1
ch.o.,BODY_PART,ambiguous,BODY_PART; LOCATION,BODY_PART=1; LOCATION=1,1,1
cavalette,BODY_PART,ambiguous,BODY_PART; EQUIPMENT,BODY_PART=1; EQUIPMENT=1,1,1
Bintulu Medical Center,LOCATION,ambiguous,LOCATION; ORGANIZATION,LOCATION=1; ORGANIZATION=1,1,1
Bob A6,LOCATION,ambiguous,LOCATION; ORGANIZATION,LOCATION=1; ORGANIZATION=1,1,1
lombaries,BODY_PART,ambiguous,BODY_PART; LOCATION,BODY_PART=1; LOCATION=1,1,1
maintenance office,LOCATION,ambiguous,LOCATION; ORGANIZATION,LOCATION=1; ORGANIZATION=1,1,1
m.o.,BODY_PART,ambiguous,BODY_PART; EQUIPMENT,BODY_PART=1; EQUIPMENT=1,1,1
shot line,EQUIPMENT,ambiguous,EQUIPMENT; LOCATION,EQUIPMENT=1; LOCATION=1,1,1
subsea manifold,EQUIPMENT,ambiguous,EQUIPMENT; LOCATION,EQUIPMENT=1; LOCATION=1,1,1
A & R,EQUIPMENT,ambiguous,EQUIPMENT; ORGANIZATION,EQUIPMENT=1; ORGANIZATION=1,1,1
structure workshop,LOCATION,ambiguous,LOCATION; ORGANIZATION,LOCATION=1; ORGANIZATION=1,1,1
strawbery,EQUIPMENT,ambiguous,EQUIPMENT; ORGANIZATION,EQUIPMENT=1; ORGANIZATION=1,1,1
stop block,EQUIPMENT,ambiguous,EQUIPMENT; LOCATION,EQUIPMENT=1; LOCATION=1,1,1
A1,INJURY_TYPE,ambiguous,INJURY_TYPE; LOCATION,INJURY_TYPE=1; LOCATION=1,1,1
south pipe rack,EQUIPMENT,ambiguous,EQUIPMENT; LOCATION,EQUIPMENT=1; LOCATION=1,1,1
slurry,EQUIPMENT,ambiguous,EQUIPMENT; INJURY_TYPE,EQUIPMENT=1; INJURY_TYPE=1,1,1
shoreside medical facility,LOCATION,ambiguous,LOCATION; ORGANIZATION,LOCATION=1; ORGANIZATION=1,1,1
tarima,EQUIPMENT,ambiguous,EQUIPMENT; ORGANIZATION,EQUIPMENT=1; ORGANIZATION=1,1,1
shoreside hospital,LOCATION,ambiguous,LOCATION; ORGANIZATION,LOCATION=1; ORGANIZATION=1,1,1
A11,EQUIPMENT,ambiguous,EQUIPMENT; LOCATION,EQUIPMENT=1; LOCATION=1,1,1
shipside,BODY_PART,ambiguous,BODY_PART; LOCATION,BODY_PART=1; LOCATION=1,1,1
semi-remorque,EQUIPMENT,ambiguous,EQUIPMENT; INJURY_TYPE,EQUIPMENT=1; INJURY_TYPE=1,1,1
seafarer staircase,EQUIPMENT,ambiguous,EQUIPMENT; LOCATION,EQUIPMENT=1; LOCATION=1,1,1
scaffoldings,EQUIPMENT,ambiguous,EQUIPMENT; LOCATION,EQUIPMENT=1; LOCATION=1,1,1
scaffolding access,EQUIPMENT,ambiguous,EQUIPMENT; LOCATION,EQUIPMENT=1; LOCATION=1,1,1
A6,EQUIPMENT,ambiguous,EQUIPMENT; LOCATION,EQUIPMENT=1; LOCATION=1,1,1
A & E,LOCATION,ambiguous,LOCATION; ORGANIZATION,LOCATION=1; ORGANIZATION=1,1,1
termination head,BODY_PART,ambiguous,BODY_PART; LOCATION,BODY_PART=1; LOCATION=1,1,1
mainline 2,EQUIPMENT,ambiguous,EQUIPMENT; LOCATION,EQUIPMENT=1; LOCATION=1,1,1
treatment center,LOCATION,ambiguous,LOCATION; ORGANIZATION,LOCATION=1; ORGANIZATION=1,1,1
welding platform,EQUIPMENT,ambiguous,EQUIPMENT; LOCATION,EQUIPMENT=1; LOCATION=1,1,1
watchman,EQUIPMENT,ambiguous,EQUIPMENT; ORGANIZATION,EQUIPMENT=1; ORGANIZATION=1,1,1
wardrobe,BODY_PART,ambiguous,BODY_PART; LOCATION,BODY_PART=1; LOCATION=1,1,1
walk behind,BODY_PART,ambiguous,BODY_PART; EQUIPMENT,BODY_PART=1; EQUIPMENT=1,1,1
valve stem,BODY_PART,ambiguous,BODY_PART; EQUIPMENT,BODY_PART=1; EQUIPMENT=1,1,1
3 level clinic,LOCATION,ambiguous,LOCATION; ORGANIZATION,LOCATION=1; ORGANIZATION=1,1,1
turntable deck,EQUIPMENT,ambiguous,EQUIPMENT; LOCATION,EQUIPMENT=1; LOCATION=1,1,1
trench box,EQUIPMENT,ambiguous,EQUIPMENT; LOCATION,EQUIPMENT=1; LOCATION=1,1,1
transport vehicle,EQUIPMENT,ambiguous,EQUIPMENT; LOCATION,EQUIPMENT=1; LOCATION=1,1,1
3/E,EQUIPMENT,ambiguous,EQUIPMENT; ORGANIZATION,EQUIPMENT=1; ORGANIZATION=1,1,1
transport box,EQUIPMENT,ambiguous,EQUIPMENT; LOCATION,EQUIPMENT=1; LOCATION=1,1,1
trailer deck,EQUIPMENT,ambiguous,EQUIPMENT; LOCATION,EQUIPMENT=1; LOCATION=1,1,1
track 3,EQUIPMENT,ambiguous,EQUIPMENT; LOCATION,EQUIPMENT=1; LOCATION=1,1,1
tower scaffold,EQUIPMENT,ambiguous,EQUIPMENT; LOCATION,EQUIPMENT=1; LOCATION=1,1,1
toe plate,BODY_PART,ambiguous,BODY_PART; LOCATION,BODY_PART=1; LOCATION=1,1,1
tipper skip,EQUIPMENT,ambiguous,EQUIPMENT; LOCATION,EQUIPMENT=1; LOCATION=1,1,1
the hanger,EQUIPMENT,ambiguous,EQUIPMENT; LOCATION,EQUIPMENT=1; LOCATION=1,1,1
3-rd level Medical clinic,LOCATION,ambiguous,LOCATION; ORGANIZATION,LOCATION=1; ORGANIZATION=1,1,1
scaffold crew,EQUIPMENT,ambiguous,EQUIPMENT; ORGANIZATION,EQUIPMENT=1; ORGANIZATION=1,1,1
scaffold access,EQUIPMENT,ambiguous,EQUIPMENT; LOCATION,EQUIPMENT=1; LOCATION=1,1,1
sand,EQUIPMENT,ambiguous,EQUIPMENT; LOCATION,EQUIPMENT=1; LOCATION=1,1,1
monkey’s fist,BODY_PART,ambiguous,BODY_PART; EQUIPMENT,BODY_PART=1; EQUIPMENT=1,1,1
overhead,BODY_PART,ambiguous,BODY_PART; LOCATION,BODY_PART=1; LOCATION=1,1,1
open top tank,EQUIPMENT,ambiguous,EQUIPMENT; LOCATION,EQUIPMENT=1; LOCATION=1,1,1
olhal,BODY_PART,ambiguous,BODY_PART; EQUIPMENT,BODY_PART=1; EQUIPMENT=1,1,1
nef A,LOCATION,ambiguous,LOCATION; ORGANIZATION,LOCATION=1; ORGANIZATION=1,1,1
nearby clinic,LOCATION,ambiguous,LOCATION; ORGANIZATION,LOCATION=1; ORGANIZATION=1,1,1
muffler,BODY_PART,ambiguous,BODY_PART; EQUIPMENT,BODY_PART=1; EQUIPMENT=1,1,1
mouse hole,EQUIPMENT,ambiguous,EQUIPMENT; LOCATION,EQUIPMENT=1; LOCATION=1,1,1
morts,BODY_PART,ambiguous,BODY_PART; LOCATION,BODY_PART=1; LOCATION=1,1,1
module 200,EQUIPMENT,ambiguous,EQUIPMENT; LOCATION,EQUIPMENT=1; LOCATION=1,1,1
safety barrier,EQUIPMENT,ambiguous,EQUIPMENT; LOCATION,EQUIPMENT=1; LOCATION=1,1,1
mill,EQUIPMENT,ambiguous,EQUIPMENT; LOCATION,EQUIPMENT=1; LOCATION=1,1,1
mezzanine,BODY_PART,ambiguous,BODY_PART; LOCATION,BODY_PART=1; LOCATION=1,1,1
metal structure,EQUIPMENT,ambiguous,EQUIPMENT; LOCATION,EQUIPMENT=1; LOCATION=1,1,1
AU site,LOCATION,ambiguous,LOCATION; ORGANIZATION,LOCATION=1; ORGANIZATION=1,1,1
mask,BODY_PART,ambiguous,BODY_PART; EQUIPMENT,BODY_PART=1; EQUIPMENT=1,1,1
manbasket,BODY_PART,ambiguous,BODY_PART; LOCATION,BODY_PART=1; LOCATION=1,1,1
major right,BODY_PART,ambiguous,BODY_PART; LOCATION,BODY_PART=1; LOCATION=1,1,1
aft bell,BODY_PART,ambiguous,BODY_PART; LOCATION,BODY_PART=1; LOCATION=1,1,1
ASA,EQUIPMENT,ambiguous,EQUIPMENT; ORGANIZATION,EQUIPMENT=1; ORGANIZATION=1,1,1
padeye,BODY_PART,ambiguous,BODY_PART; EQUIPMENT,BODY_PART=1; EQUIPMENT=1,1,1
AHC,EQUIPMENT,ambiguous,EQUIPMENT; LOCATION,EQUIPMENT=1; LOCATION=1,1,1
paint rack,EQUIPMENT,ambiguous,EQUIPMENT; LOCATION,EQUIPMENT=1; LOCATION=1,1,1
rod,BODY_PART,ambiguous,BODY_PART; EQUIPMENT,BODY_PART=1; EQUIPMENT=1,1,1
reolen,BODY_PART,ambiguous,BODY_PART; LOCATION,BODY_PART=1; LOCATION=1,1,1
rear wheels,BODY_PART,ambiguous,BODY_PART; EQUIPMENT,BODY_PART=1; EQUIPMENT=1,1,1
raw material,EQUIPMENT,ambiguous,EQUIPMENT; ORGANIZATION,EQUIPMENT=1; ORGANIZATION=1,1,1
rack 1,EQUIPMENT,ambiguous,EQUIPMENT; LOCATION,EQUIPMENT=1; LOCATION=1,1,1
quina,BODY_PART,ambiguous,BODY_PART; LOCATION,BODY_PART=1; LOCATION=1,1,1
pontoon,EQUIPMENT,ambiguous,EQUIPMENT; LOCATION,EQUIPMENT=1; LOCATION=1,1,1
poll,BODY_PART,ambiguous,BODY_PART; LOCATION,BODY_PART=1; LOCATION=1,1,1
plastic wrapped humpy,EQUIPMENT,ambiguous,EQUIPMENT; LOCATION,EQUIPMENT=1; LOCATION=1,1,1
pipelay control_x000D_,EQUIPMENT,ambiguous,EQUIPMENT; ORGANIZATION,EQUIPMENT=1; ORGANIZATION=1,1,1
pipe string,EQUIPMENT,ambiguous,EQUIPMENT; LOCATION,EQUIPMENT=1; LOCATION=1,1,1
pipe rack foundation,EQUIPMENT,ambiguous,EQUIPMENT; LOCATION,EQUIPMENT=1; LOCATION=1,1,1
pillar,BODY_PART,ambiguous,BODY_PART; LOCATION,BODY_PART=1; LOCATION=1,1,1
pickup,EQUIPMENT,ambiguous,EQUIPMENT; LOCATION,EQUIPMENT=1; LOCATION=1,1,1
A7,EQUIPMENT,ambiguous,EQUIPMENT; LOCATION,EQUIPMENT=1; LOCATION=1,1,1
paywelder,EQUIPMENT,ambiguous,EQUIPMENT; ORGANIZATION,EQUIPMENT=1; ORGANIZATION=1,1,1
patesca,BODY_PART,ambiguous,BODY_PART; EQUIPMENT,BODY_PART=1; EQUIPMENT=1,1,1
andaime,EQUIPMENT,ambiguous,EQUIPMENT; LOCATION,EQUIPMENT=1; LOCATION=1,1,1
XLX 50,EQUIPMENT,ambiguous,EQUIPMENT; ORGANIZATION,EQUIPMENT=1; ORGANIZATION=1,1,1
affected area,BODY_PART,ambiguous,BODY_PART; LOCATION,BODY_PART=1; LOCATION=1,1,1
FEL,EQUIPMENT,ambiguous,EQUIPMENT; ORGANIZATION,EQUIPMENT=1; ORGANIZATION=1,1,1
PFLNG-2,EQUIPMENT,ambiguous,EQUIPMENT; LOCATION,EQUIPMENT=1; LOCATION=1,1,1
PCR-X,EQUIPMENT,ambiguous,EQUIPMENT; ORGANIZATION,EQUIPMENT=1; ORGANIZATION=1,1,1
PCH,LOCATION,ambiguous,LOCATION; ORGANIZATION,LOCATION=1; ORGANIZATION=1,1,1
Emergency Diesel Generators,LOCATION,ambiguous,LOCATION; ORGANIZATION,LOCATION=1; ORGANIZATION=1,1,1
Emsslift,EQUIPMENT,ambiguous,EQUIPMENT; ORGANIZATION,EQUIPMENT=1; ORGANIZATION=1,1,1
P7,EQUIPMENT,ambiguous,EQUIPMENT; LOCATION,EQUIPMENT=1; LOCATION=1,1,1
Etalon,LOCATION,ambiguous,LOCATION; ORGANIZATION,LOCATION=1; ORGANIZATION=1,1,1
FB,BODY_PART,ambiguous,BODY_PART; ORGANIZATION,BODY_PART=1; ORGANIZATION=1,1,1
OC,EQUIPMENT,ambiguous,EQUIPMENT; ORGANIZATION,EQUIPMENT=1; ORGANIZATION=1,1,1
Movax,EQUIPMENT,ambiguous,EQUIPMENT; ORGANIZATION,EQUIPMENT=1; ORGANIZATION=1,1,1
Normand Cutter,EQUIPMENT,ambiguous,EQUIPMENT; ORGANIZATION,EQUIPMENT=1; ORGANIZATION=1,1,1
New Rio,LOCATION,ambiguous,LOCATION; ORGANIZATION,LOCATION=1; ORGANIZATION=1,1,1
NWR,INJURY_TYPE,ambiguous,INJURY_TYPE; ORGANIZATION,INJURY_TYPE=1; ORGANIZATION=1,1,1
NOGA 1 TCF,LOCATION,ambiguous,LOCATION; ORGANIZATION,LOCATION=1; ORGANIZATION=1,1,1
NHT-CCR,LOCATION,ambiguous,LOCATION; ORGANIZATION,LOCATION=1; ORGANIZATION=1,1,1
FM,EQUIPMENT,ambiguous,EQUIPMENT; ORGANIZATION,EQUIPMENT=1; ORGANIZATION=1,1,1
Fayard shipyard,LOCATION,ambiguous,LOCATION; ORGANIZATION,LOCATION=1; ORGANIZATION=1,1,1
NCP,LOCATION,ambiguous,LOCATION; ORGANIZATION,LOCATION=1; ORGANIZATION=1,1,1
PHC,EQUIPMENT,ambiguous,EQUIPMENT; ORGANIZATION,EQUIPMENT=1; ORGANIZATION=1,1,1
ESS-305,EQUIPMENT,ambiguous,EQUIPMENT; LOCATION,EQUIPMENT=1; LOCATION=1,1,1
ESDV,EQUIPMENT,ambiguous,EQUIPMENT; ORGANIZATION,EQUIPMENT=1; ORGANIZATION=1,1,1
ERB,EQUIPMENT,ambiguous,EQUIPMENT; LOCATION,EQUIPMENT=1; LOCATION=1,1,1
Distribution Center,LOCATION,ambiguous,LOCATION; ORGANIZATION,LOCATION=1; ORGANIZATION=1,1,1
ROU8,LOCATION,ambiguous,LOCATION; ORGANIZATION,LOCATION=1; ORGANIZATION=1,1,1
Document Controller office,LOCATION,ambiguous,LOCATION; ORGANIZATION,LOCATION=1; ORGANIZATION=1,1,1
Duva & P1 Project,LOCATION,ambiguous,LOCATION; ORGANIZATION,LOCATION=1; ORGANIZATION=1,1,1
RHDS,EQUIPMENT,ambiguous,EQUIPMENT; ORGANIZATION,EQUIPMENT=1; ORGANIZATION=1,1,1
E&I support,EQUIPMENT,ambiguous,EQUIPMENT; ORGANIZATION,EQUIPMENT=1; ORGANIZATION=1,1,1
QC laboratory,LOCATION,ambiguous,LOCATION; ORGANIZATION,LOCATION=1; ORGANIZATION=1,1,1
Q4000,EQUIPMENT,ambiguous,EQUIPMENT; ORGANIZATION,EQUIPMENT=1; ORGANIZATION=1,1,1
Pugnax,LOCATION,ambiguous,LOCATION; ORGANIZATION,LOCATION=1; ORGANIZATION=1,1,1
ECA,LOCATION,ambiguous,LOCATION; ORGANIZATION,LOCATION=1; ORGANIZATION=1,1,1
Poseidon,EQUIPMENT,ambiguous,EQUIPMENT; LOCATION,EQUIPMENT=1; LOCATION=1,1,1
Photoboard,EQUIPMENT,ambiguous,EQUIPMENT; ORGANIZATION,EQUIPMENT=1; ORGANIZATION=1,1,1
Performance rod buster,EQUIPMENT,ambiguous,EQUIPMENT; ORGANIZATION,EQUIPMENT=1; ORGANIZATION=1,1,1
ELCB,EQUIPMENT,ambiguous,EQUIPMENT; ORGANIZATION,EQUIPMENT=1; ORGANIZATION=1,1,1
PSV Skandi Buchan,LOCATION,ambiguous,LOCATION; ORGANIZATION,LOCATION=1; ORGANIZATION=1,1,1
PR 100,EQUIPMENT,ambiguous,EQUIPMENT; LOCATION,EQUIPMENT=1; LOCATION=1,1,1
PO,EQUIPMENT,ambiguous,EQUIPMENT; ORGANIZATION,EQUIPMENT=1; ORGANIZATION=1,1,1
N2,EQUIPMENT,ambiguous,EQUIPMENT; ORGANIZATION,EQUIPMENT=1; ORGANIZATION=1,1,1
Marshalling,LOCATION,ambiguous,LOCATION; ORGANIZATION,LOCATION=1; ORGANIZATION=1,1,1
abdominal pains,BODY_PART,ambiguous,BODY_PART; INJURY_TYPE,BODY_PART=1; INJURY_TYPE=1,1,1
Horn Mountain West,LOCATION,ambiguous,LOCATION; ORGANIZATION,LOCATION=1; ORGANIZATION=1,1,1
JB,EQUIPMENT,ambiguous,EQUIPMENT; LOCATION,EQUIPMENT=1; LOCATION=1,1,1
Ithaca,LOCATION,ambiguous,LOCATION; ORGANIZATION,LOCATION=1; ORGANIZATION=1,1,1
Inspection,LOCATION,ambiguous,LOCATION; ORGANIZATION,LOCATION=1; ORGANIZATION=1,1,1
ISOS_x000D_,LOCATION,ambiguous,LOCATION; ORGANIZATION,LOCATION=1; ORGANIZATION=1,1,1
Flap #1,EQUIPMENT,ambiguous,EQUIPMENT; LOCATION,EQUIPMENT=1; LOCATION=1,1,1
ISBL,LOCATION,ambiguous,LOCATION; ORGANIZATION,LOCATION=1; ORGANIZATION=1,1,1
IB hub,EQUIPMENT,ambiguous,EQUIPMENT; LOCATION,EQUIPMENT=1; LOCATION=1,1,1
Hospital Labuan,LOCATION,ambiguous,LOCATION; ORGANIZATION,LOCATION=1; ORGANIZATION=1,1,1
G1200 Helideck,EQUIPMENT,ambiguous,EQUIPMENT; LOCATION,EQUIPMENT=1; LOCATION=1,1,1
Maersk Detector,EQUIPMENT,ambiguous,EQUIPMENT; ORGANIZATION,EQUIPMENT=1; ORGANIZATION=1,1,1
G201,LOCATION,ambiguous,LOCATION; ORGANIZATION,LOCATION=1; ORGANIZATION=1,1,1
Hasbah reel,EQUIPMENT,ambiguous,EQUIPMENT; LOCATION,EQUIPMENT=1; LOCATION=1,1,1
Happy River,LOCATION,ambiguous,LOCATION; ORGANIZATION,LOCATION=1; ORGANIZATION=1,1,1
GBV 18,LOCATION,ambiguous,LOCATION; ORGANIZATION,LOCATION=1; ORGANIZATION=1,1,1
HRM,EQUIPMENT,ambiguous,EQUIPMENT; ORGANIZATION,EQUIPMENT=1; ORGANIZATION=1,1,1
HPU1,EQUIPMENT,ambiguous,EQUIPMENT; LOCATION,EQUIPMENT=1; LOCATION=1,1,1
HPA,EQUIPMENT,ambiguous,EQUIPMENT; LOCATION,EQUIPMENT=1; LOCATION=1,1,1
GOM,LOCATION,ambiguous,LOCATION; ORGANIZATION,LOCATION=1; ORGANIZATION=1,1,1
JFL,LOCATION,ambiguous,LOCATION; ORGANIZATION,LOCATION=1; ORGANIZATION=1,1,1
Jacket walkway,BODY_PART,ambiguous,BODY_PART; LOCATION,BODY_PART=1; LOCATION=1,1,1
Jurong Port,LOCATION,ambiguous,LOCATION; ORGANIZATION,LOCATION=1; ORGANIZATION=1,1,1
Fitter,EQUIPMENT,ambiguous,EQUIPMENT; ORGANIZATION,EQUIPMENT=1; ORGANIZATION=1,1,1
MTR1,EQUIPMENT,ambiguous,EQUIPMENT; LOCATION,EQUIPMENT=1; LOCATION=1,1,1
MTP,LOCATION,ambiguous,LOCATION; ORGANIZATION,LOCATION=1; ORGANIZATION=1,1,1
Fenja,LOCATION,ambiguous,LOCATION; ORGANIZATION,LOCATION=1; ORGANIZATION=1,1,1
Feres Medical Facility,LOCATION,ambiguous,LOCATION; ORGANIZATION,LOCATION=1; ORGANIZATION=1,1,1
MIL205,EQUIPMENT,ambiguous,EQUIPMENT; ORGANIZATION,EQUIPMENT=1; ORGANIZATION=1,1,1
Loyal Drill Centre,LOCATION,ambiguous,LOCATION; ORGANIZATION,LOCATION=1; ORGANIZATION=1,1,1
LTPC,EQUIPMENT,ambiguous,EQUIPMENT; ORGANIZATION,EQUIPMENT=1; ORGANIZATION=1,1,1
LST,LOCATION,ambiguous,LOCATION; ORGANIZATION,LOCATION=1; ORGANIZATION=1,1,1
LS,BODY_PART,ambiguous,BODY_PART; EQUIPMENT,BODY_PART=1; EQUIPMENT=1,1,1
LQ,BODY_PART,ambiguous,BODY_PART; ORGANIZATION,BODY_PART=1; ORGANIZATION=1,1,1
LB,LOCATION,ambiguous,LOCATION; ORGANIZATION,LOCATION=1; ORGANIZATION=1,1,1
Komotini Project Clinic,LOCATION,ambiguous,LOCATION; ORGANIZATION,LOCATION=1; ORGANIZATION=1,1,1
Fishing Tool,EQUIPMENT,ambiguous,EQUIPMENT; ORGANIZATION,EQUIPMENT=1; ORGANIZATION=1,1,1
Kavala Hospital,LOCATION,ambiguous,LOCATION; ORGANIZATION,LOCATION=1; ORGANIZATION=1,1,1
Kastoria General Hospital,LOCATION,ambiguous,LOCATION; ORGANIZATION,LOCATION=1; ORGANIZATION=1,1,1
Karratha Health Campus,LOCATION,ambiguous,LOCATION; ORGANIZATION,LOCATION=1; ORGANIZATION=1,1,1
KSU B17,LOCATION,ambiguous,LOCATION; ORGANIZATION,LOCATION=1; ORGANIZATION=1,1,1
Deepsea Yantai,LOCATION,ambiguous,LOCATION; ORGANIZATION,LOCATION=1; ORGANIZATION=1,1,1
Receiving A,LOCATION,ambiguous,LOCATION; ORGANIZATION,LOCATION=1; ORGANIZATION=1,1,1
Red Deer facility,LOCATION,ambiguous,LOCATION; ORGANIZATION,LOCATION=1; ORGANIZATION=1,1,1
CDW-B,EQUIPMENT,ambiguous,EQUIPMENT; LOCATION,EQUIPMENT=1; LOCATION=1,1,1
Transocean Spitsbergen,LOCATION,ambiguous,LOCATION; ORGANIZATION,LOCATION=1; ORGANIZATION=1,1,1
Tower Crane #2,EQUIPMENT,ambiguous,EQUIPMENT; ORGANIZATION,EQUIPMENT=1; ORGANIZATION=1,1,1
Thermoplastic Umbilicals Factory,LOCATION,ambiguous,LOCATION; ORGANIZATION,LOCATION=1; ORGANIZATION=1,1,1
Tether Management System,EQUIPMENT,ambiguous,EQUIPMENT; ORGANIZATION,EQUIPMENT=1; ORGANIZATION=1,1,1
Tens?o Constante,EQUIPMENT,ambiguous,EQUIPMENT; LOCATION,EQUIPMENT=1; LOCATION=1,1,1
Template N,EQUIPMENT,ambiguous,EQUIPMENT; LOCATION,EQUIPMENT=1; LOCATION=1,1,1
Tehcnip,LOCATION,ambiguous,LOCATION; ORGANIZATION,LOCATION=1; ORGANIZATION=1,1,1
TWC,EQUIPMENT,ambiguous,EQUIPMENT; ORGANIZATION,EQUIPMENT=1; ORGANIZATION=1,1,1
TRAIN1,EQUIPMENT,ambiguous,EQUIPMENT; LOCATION,EQUIPMENT=1; LOCATION=1,1,1
Red Zed 1,EQUIPMENT,ambiguous,EQUIPMENT; ORGANIZATION,EQUIPMENT=1; ORGANIZATION=1,1,1
TR,LOCATION,ambiguous,LOCATION; ORGANIZATION,LOCATION=1; ORGANIZATION=1,1,1
TMP005,LOCATION,ambiguous,LOCATION; ORGANIZATION,LOCATION=1; ORGANIZATION=1,1,1
TLS tower,EQUIPMENT,ambiguous,EQUIPMENT; ORGANIZATION,EQUIPMENT=1; ORGANIZATION=1,1,1
CMT,EQUIPMENT,ambiguous,EQUIPMENT; ORGANIZATION,EQUIPMENT=1; ORGANIZATION=1,1,1
COXON TIDE,EQUIPMENT,ambiguous,EQUIPMENT; ORGANIZATION,EQUIPMENT=1; ORGANIZATION=1,1,1
TFM,EQUIPMENT,ambiguous,EQUIPMENT; ORGANIZATION,EQUIPMENT=1; ORGANIZATION=1,1,1
TCN 26,EQUIPMENT,ambiguous,EQUIPMENT; LOCATION,EQUIPMENT=1; LOCATION=1,1,1
CR,LOCATION,ambiguous,LOCATION; ORGANIZATION,LOCATION=1; ORGANIZATION=1,1,1
UOT,LOCATION,ambiguous,LOCATION; ORGANIZATION,LOCATION=1; ORGANIZATION=1,1,1
UTAJ,LOCATION,ambiguous,LOCATION; ORGANIZATION,LOCATION=1; ORGANIZATION=1,1,1
UTF,EQUIPMENT,ambiguous,EQUIPMENT; ORGANIZATION,EQUIPMENT=1; ORGANIZATION=1,1,1
C-spine,BODY_PART,ambiguous,BODY_PART; EQUIPMENT,BODY_PART=1; EQUIPMENT=1,1,1
Zipper,EQUIPMENT,ambiguous,EQUIPMENT; LOCATION,EQUIPMENT=1; LOCATION=1,1,1
GTG,LOCATION,ambiguous,LOCATION; ORGANIZATION,LOCATION=1; ORGANIZATION=1,1,1
XLS24,EQUIPMENT,ambiguous,EQUIPMENT; LOCATION,EQUIPMENT=1; LOCATION=1,1,1
X-Tree,LOCATION,ambiguous,LOCATION; ORGANIZATION,LOCATION=1; ORGANIZATION=1,1,1
Winch 19,EQUIPMENT,ambiguous,EQUIPMENT; LOCATION,EQUIPMENT=1; LOCATION=1,1,1
WSP18,LOCATION,ambiguous,LOCATION; ORGANIZATION,LOCATION=1; ORGANIZATION=1,1,1
Bourbon Evolution 803,EQUIPMENT,ambiguous,EQUIPMENT; LOCATION,EQUIPMENT=1; LOCATION=1,1,1
Buzios,LOCATION,ambiguous,LOCATION; ORGANIZATION,LOCATION=1; ORGANIZATION=1,1,1
C,BODY_PART,ambiguous,BODY_PART; LOCATION,BODY_PART=1; LOCATION=1,1,1
W7,BODY_PART,ambiguous,BODY_PART; EQUIPMENT,BODY_PART=1; EQUIPMENT=1,1,1
Vinland,LOCATION,ambiguous,LOCATION; ORGANIZATION,LOCATION=1; ORGANIZATION=1,1,1
Viking Neptun,EQUIPMENT,ambiguous,EQUIPMENT; ORGANIZATION,EQUIPMENT=1; ORGANIZATION=1,1,1
Van Oord,LOCATION,ambiguous,LOCATION; ORGANIZATION,LOCATION=1; ORGANIZATION=1,1,1
VLS gutter,EQUIPMENT,ambiguous,EQUIPMENT; LOCATION,EQUIPMENT=1; LOCATION=1,1,1
Ustay sewage water truck,EQUIPMENT,ambiguous,EQUIPMENT; ORGANIZATION,EQUIPMENT=1; ORGANIZATION=1,1,1
Unit 14,LOCATION,ambiguous,LOCATION; ORGANIZATION,LOCATION=1; ORGANIZATION=1,1,1
UTH frames,EQUIPMENT,ambiguous,EQUIPMENT; ORGANIZATION,EQUIPMENT=1; ORGANIZATION=1,1,1
TBT & JRA,EQUIPMENT,ambiguous,EQUIPMENT; ORGANIZATION,EQUIPMENT=1; ORGANIZATION=1,1,1
TATRA,EQUIPMENT,ambiguous,EQUIPMENT; ORGANIZATION,EQUIPMENT=1; ORGANIZATION=1,1,1
Surfer 2000,EQUIPMENT,ambiguous,EQUIPMENT; ORGANIZATION,EQUIPMENT=1; ORGANIZATION=1,1,1
STA,LOCATION,ambiguous,LOCATION; ORGANIZATION,LOCATION=1; ORGANIZATION=1,1,1
SRT,LOCATION,ambiguous,LOCATION; ORGANIZATION,LOCATION=1; ORGANIZATION=1,1,1
D&A,INJURY_TYPE,ambiguous,INJURY_TYPE; ORGANIZATION,INJURY_TYPE=1; ORGANIZATION=1,1,1
SRL,EQUIPMENT,ambiguous,EQUIPMENT; ORGANIZATION,EQUIPMENT=1; ORGANIZATION=1,1,1
SPFM,EQUIPMENT,ambiguous,EQUIPMENT; ORGANIZATION,EQUIPMENT=1; ORGANIZATION=1,1,1
SPA,EQUIPMENT,ambiguous,EQUIPMENT; LOCATION,EQUIPMENT=1; LOCATION=1,1,1
DPG,EQUIPMENT,ambiguous,EQUIPMENT; ORGANIZATION,EQUIPMENT=1; ORGANIZATION=1,1,1
SP7,LOCATION,ambiguous,LOCATION; ORGANIZATION,LOCATION=1; ORGANIZATION=1,1,1
SP-21,EQUIPMENT,ambiguous,EQUIPMENT; LOCATION,EQUIPMENT=1; LOCATION=1,1,1
SEM,EQUIPMENT,ambiguous,EQUIPMENT; ORGANIZATION,EQUIPMENT=1; ORGANIZATION=1,1,1
DPO’s,EQUIPMENT,ambiguous,EQUIPMENT; ORGANIZATION,EQUIPMENT=1; ORGANIZATION=1,1,1
S13 Buck Up,LOCATION,ambiguous,LOCATION; ORGANIZATION,LOCATION=1; ORGANIZATION=1,1,1
Rowan Norway,LOCATION,ambiguous,LOCATION; ORGANIZATION,LOCATION=1; ORGANIZATION=1,1,1
Rov,BODY_PART,ambiguous,BODY_PART; LOCATION,BODY_PART=1; LOCATION=1,1,1
Deema,LOCATION,ambiguous,LOCATION; ORGANIZATION,LOCATION=1; ORGANIZATION=1,1,1
Romashka camp clinic,LOCATION,ambiguous,LOCATION; ORGANIZATION,LOCATION=1; ORGANIZATION=1,1,1
Deep Blue clinic,LOCATION,ambiguous,LOCATION; ORGANIZATION,LOCATION=1; ORGANIZATION=1,1,1
Reeves County Hospital,LOCATION,ambiguous,LOCATION; ORGANIZATION,LOCATION=1; ORGANIZATION=1,1,1
Compressor “A”,EQUIPMENT,ambiguous,EQUIPMENT; LOCATION,EQUIPMENT=1; LOCATION=1,1,1
STEPS,BODY_PART,ambiguous,BODY_PART; ORGANIZATION,BODY_PART=1; ORGANIZATION=1,1,1
Surf Allamanda,LOCATION,ambiguous,LOCATION; ORGANIZATION,LOCATION=1; ORGANIZATION=1,1,1
STF,LOCATION,ambiguous,LOCATION; ORGANIZATION,LOCATION=1; ORGANIZATION=1,1,1
Stanley,LOCATION,ambiguous,LOCATION; ORGANIZATION,LOCATION=1; ORGANIZATION=1,1,1
CRU,EQUIPMENT,ambiguous,EQUIPMENT; ORGANIZATION,EQUIPMENT=1; ORGANIZATION=1,1,1
2nd end,BODY_PART,ambiguous,BODY_PART; EQUIPMENT,BODY_PART=1; EQUIPMENT=1,1,1
Skandi Niterói,LOCATION,ambiguous,LOCATION; ORGANIZATION,LOCATION=1; ORGANIZATION=1,1,1
Callanish Project,LOCATION,ambiguous,LOCATION; ORGANIZATION,LOCATION=1; ORGANIZATION=1,1,1
Siem Barracuda,EQUIPMENT,ambiguous,EQUIPMENT; ORGANIZATION,EQUIPMENT=1; ORGANIZATION=1,1,1
Shell Tellus 22,EQUIPMENT,ambiguous,EQUIPMENT; ORGANIZATION,EQUIPMENT=1; ORGANIZATION=1,1,1
Serres General Hospital,LOCATION,ambiguous,LOCATION; ORGANIZATION,LOCATION=1; ORGANIZATION=1,1,1
Sapura Esmeralda,LOCATION,ambiguous,LOCATION; ORGANIZATION,LOCATION=1; ORGANIZATION=1,1,1
Carousel B,EQUIPMENT,ambiguous,EQUIPMENT; LOCATION,EQUIPMENT=1; LOCATION=1,1,1
ChagTerms,LOCATION,ambiguous,LOCATION; ORGANIZATION,LOCATION=1; ORGANIZATION=1,1,1
SWC,EQUIPMENT,ambiguous,EQUIPMENT; ORGANIZATION,EQUIPMENT=1; ORGANIZATION=1,1,1
SVP,EQUIPMENT,ambiguous,EQUIPMENT; LOCATION,EQUIPMENT=1; LOCATION=1,1,1
Christmas Tree,LOCATION,ambiguous,LOCATION; ORGANIZATION,LOCATION=1; ORGANIZATION=1,1,1
STR,LOCATION,ambiguous,LOCATION; ORGANIZATION,LOCATION=1; ORGANIZATION=1,1,1
STM,EQUIPMENT,ambiguous,EQUIPMENT; LOCATION,EQUIPMENT=1; LOCATION=1,1,1
STL office,LOCATION,ambiguous,LOCATION; ORGANIZATION,LOCATION=1; ORGANIZATION=1,1,1
114-PAU-012 Compressor A,EQUIPMENT,ambiguous,EQUIPMENT; LOCATION,EQUIPMENT=1; LOCATION=1,1,1
