entity_type,entity_a_id,entity_a_value,entity_a_degree,entity_b_id,entity_b_value,entity_b_degree,similarity_score,merge_rule,combined_degree
ORGANIZATION,ORGANIZATION::TECHNIPFMC PLC,TECHNIPFMC PLC,2518,ORGANIZATION::TECHNIPFMC,TECHNIPFMC,1821,1.0,legal_suffix_strip,4339
ORGANIZATION,ORGANIZATION::TECHNIPFMC PLC,TECHNIPFMC PLC,2518,ORGANIZATION::TFMC,TFMC,336,1.0,exact_normalized,2854
ORGANIZATION,ORGANIZATION::TECHNIPFMC PLC,TECHNIPFMC PLC,2518,ORGANIZATION::TECHNIP FMC,TECHNIP FMC,145,0.9524,near_exact,2663
ORGANIZATION,ORGANIZATION::TECHNIPFMC PLC,TECHNIPFMC PLC,2518,ORGANIZATION::TECHNPFMC,TechnpFMC,1,0.9474,jaro_winkler,2519
ORGANIZATION,ORGANIZATION::TECHNIPFMC PLC,TECHNIPFMC PLC,2518,ORGANIZATION::TECHNIPFMC UK,TechnipFMC UK,1,0.8696,jaro_winkler,2519
ORGANIZATION,ORGANIZATION::TECHNIPFMC PLC,TECHNIPFMC PLC,2518,ORGANIZATION::TECHNIP PMC,Technip PMC,1,0.8571,jaro_winkler,2519
ORGANIZATION,ORGANIZATION::TECHNIPFMC,TECHNIPFMC,1821,ORGANIZATION::TFMC,TFMC,336,1.0,exact_normalized,2157
ORGANIZATION,ORGANIZATION::TECHNIPFMC,TECHNIPFMC,1821,ORGANIZATION::TECHNIP FMC,TECHNIP FMC,145,0.9524,near_exact,1966
ORGANIZATION,ORGANIZATION::TECHNIPFMC,TECHNIPFMC,1821,ORGANIZATION::TECHNPFMC,TechnpFMC,1,0.9474,jaro_winkler,1822
ORGANIZATION,ORGANIZATION::TECHNIPFMC,TECHNIPFMC,1821,ORGANIZATION::TECHNIPFMC UK,TechnipFMC UK,1,0.8696,jaro_winkler,1822
ORGANIZATION,ORGANIZATION::TECHNIPFMC,TECHNIPFMC,1821,ORGANIZATION::TECHNIP PMC,Technip PMC,1,0.8571,jaro_winkler,1822
ROOT_CAUSE_CATEGORY,ROOT_CAUSE_CATEGORY::UNCONTROLLED MOVING OBJECTS/ PARTS (STRUCK BY OTHER THAN MACHINE PARTS AND DROPPED OBJECTS),Uncontrolled moving objects/ parts (struck by other than machine parts and dropped objects),345,ROOT_CAUSE_CATEGORY::MECHANICAL - UNCONTROLLED MOVING OBJECTS/ PARTS (STRUCK BY OTHER THAN MACHINE PARTS AND DROPPED OBJECTS),Mechanical - Uncontrolled moving objects/ parts (struck by other than machine parts and dropped objects),1126,0.9333,substring_match,1471
ROOT_CAUSE_CATEGORY,ROOT_CAUSE_CATEGORY::HAZARD IDENTIFICATION & RISK ASSESSMENT,Hazard Identification & Risk Assessment,333,ROOT_CAUSE_CATEGORY::BASIC ORGANIZATIONAL - HAZARD IDENTIFICATION & RISK ASSESSMENT,Basic Organizational - Hazard Identification & Risk Assessment,973,0.7723,substring_match,1306
ROOT_CAUSE_CATEGORY,ROOT_CAUSE_CATEGORY::EQUIPMENT CONDITION,Equipment condition,359,ROOT_CAUSE_CATEGORY::MECHANICAL - EQUIPMENT CONDITION,Mechanical - Equipment condition,896,0.7451,substring_match,1255
ROOT_CAUSE_CATEGORY,"ROOT_CAUSE_CATEGORY::FALLS, SLIPS AND TRIPS ON SAME LEVEL (WITHOUT POTENTIAL TO FALL TO LOWER LEVEL)","Falls, slips and trips on same level (without potential to fall to lower level)",190,"ROOT_CAUSE_CATEGORY::WORK ENVIRONMENT - FALLS, SLIPS AND TRIPS ON SAME LEVEL (WITHOUT POTENTIAL TO FALL TO LOWER LEVEL)","Work environment - Falls, slips and trips on same level (without potential to fall to lower level)",991,0.8927,substring_match,1181
ROOT_CAUSE_CATEGORY,ROOT_CAUSE_CATEGORY::STORED ENERGY (DROPPED OBJECTS),Stored energy (dropped objects),300,ROOT_CAUSE_CATEGORY::MECHANICAL - STORED ENERGY (DROPPED OBJECTS),Mechanical - Stored energy (dropped objects),860,0.8267,substring_match,1160
ROOT_CAUSE_CATEGORY,ROOT_CAUSE_CATEGORY::MECHANICAL - EQUIPMENT CONDITION,Mechanical - Equipment condition,896,ROOT_CAUSE_CATEGORY::MECHANICAL - TOOL CONDITION,Mechanical - Tool condition,158,0.8136,jaro_winkler,1054
ROOT_CAUSE_CATEGORY,ROOT_CAUSE_CATEGORY::HAZARDOUS LIQUIDS (EXPOSURE TO / SPILL / LOSS OF CONTAINMENT /POLLUTION),Hazardous liquids (exposure to / spill / loss of containment /pollution),294,ROOT_CAUSE_CATEGORY::SUBSTANCES  - HAZARDOUS LIQUIDS (EXPOSURE TO / SPILL / LOSS OF CONTAINMENT /POLLUTION),Substances  - Hazardous liquids (exposure to / spill / loss of containment /pollution),743,0.9114,substring_match,1037
ORGANIZATION,ORGANIZATION::FLEXI FRANCE,FLEXI FRANCE,1004,ORGANIZATION::FLEXI FRANCE SAS,FLEXI FRANCE SAS,11,0.8571,jaro_winkler,1015
ORGANIZATION,ORGANIZATION::FLEXI FRANCE,FLEXI FRANCE,1004,ORGANIZATION::FLEXIFRANCE,FlexiFrance,4,0.9565,near_exact,1008
ORGANIZATION,ORGANIZATION::FLEXI FRANCE,FLEXI FRANCE,1004,ORGANIZATION::FLEXI-FRANCE,Flexi-France,1,0.9167,jaro_winkler,1005
ROOT_CAUSE_CATEGORY,ROOT_CAUSE_CATEGORY::BASIC ORGANIZATIONAL,Basic Organizational,1,ROOT_CAUSE_CATEGORY::BASIC ORGANIZATIONAL - HAZARD IDENTIFICATION & RISK ASSESSMENT,Basic Organizational - Hazard Identification & Risk Assessment,973,0.4878,substring_match,974
ROOT_CAUSE_CATEGORY,ROOT_CAUSE_CATEGORY::SUBSTANCES  - HAZARDOUS LIQUIDS (EXPOSURE TO / SPILL / LOSS OF CONTAINMENT /POLLUTION),Substances  - Hazardous liquids (exposure to / spill / loss of containment /pollution),743,"ROOT_CAUSE_CATEGORY::SUBSTANCES  - HAZARDOUS GASES, VAPOURS, AEROSOLS (EXPOSURE TO / SPILL / LOSS OF CONTAINMENT /POLLUTION)","Substances  - Hazardous gases, vapours, aerosols (exposure to / spill / loss of containment /pollution)",105,0.8571,jaro_winkler,848
ROOT_CAUSE_CATEGORY,"ROOT_CAUSE_CATEGORY::STANDARD OPERATING PROCEDURES, PROCEDURES & WORK INSTRUCTIONS","Standard Operating Procedures, Procedures & Work instructions",158,"ROOT_CAUSE_CATEGORY::BASIC ORGANIZATIONAL - STANDARD OPERATING PROCEDURES, PROCEDURES & WORK INSTRUCTIONS","Basic Organizational - Standard Operating Procedures, Procedures & Work instructions",659,0.8414,substring_match,817
ROOT_CAUSE_CATEGORY,ROOT_CAUSE_CATEGORY::SUBSTANCES  - HAZARDOUS LIQUIDS (EXPOSURE TO / SPILL / LOSS OF CONTAINMENT /POLLUTION),Substances  - Hazardous liquids (exposure to / spill / loss of containment /pollution),743,ROOT_CAUSE_CATEGORY::SUBSTANCES  - HAZARDOUS SOLIDS (EXPOSURE TO / SPILL / LOSS OF CONTAINMENT /POLLUTION),Substances  - Hazardous solids (exposure to / spill / loss of containment /pollution),38,0.9708,jaro_winkler,781
EQUIPMENT,EQUIPMENT::FORKLIFT,forklift,734,EQUIPMENT::FORK LIFT,fork lift,38,0.9412,jaro_winkler,772
ROOT_CAUSE_CATEGORY,ROOT_CAUSE_CATEGORY::MANUAL HANDLING,Manual handling,163,ROOT_CAUSE_CATEGORY::ERGONOMICS - MANUAL HANDLING,Ergonomics - Manual handling,597,0.6977,substring_match,760
ROOT_CAUSE_CATEGORY,ROOT_CAUSE_CATEGORY::HAZARDOUS SOLIDS (EXPOSURE TO / SPILL / LOSS OF CONTAINMENT /POLLUTION),Hazardous solids (exposure to / spill / loss of containment /pollution),9,ROOT_CAUSE_CATEGORY::SUBSTANCES  - HAZARDOUS LIQUIDS (EXPOSURE TO / SPILL / LOSS OF CONTAINMENT /POLLUTION),Substances  - Hazardous liquids (exposure to / spill / loss of containment /pollution),743,0.879,jaro_winkler,752
EQUIPMENT,EQUIPMENT::FORKLIFT,forklift,734,EQUIPMENT::FORKLIFTS,forklifts,7,1.0,exact_normalized,741
EQUIPMENT,EQUIPMENT::FORKLIFT,forklift,734,EQUIPMENT::FORK-LIFT,fork-lift,3,0.9412,jaro_winkler,737
EQUIPMENT,EQUIPMENT::FORKLIFT,forklift,734,EQUIPMENT::FORKLOIFT,forkloift,1,0.9412,jaro_winkler,735
EQUIPMENT,EQUIPMENT::FORKLIFT,forklift,734,EQUIPMENT::FORKLIFT1,Forklift1,1,0.9412,jaro_winkler,735
EQUIPMENT,EQUIPMENT::FORKLIFT,forklift,734,EQUIPMENT::FORKLIFT 1,forklift 1,1,0.8889,jaro_winkler,735
EQUIPMENT,EQUIPMENT::FORKLIFT,forklift,734,EQUIPMENT::FORKLIFT 2,forklift 2,1,0.8889,jaro_winkler,735
ROOT_CAUSE_CATEGORY,"ROOT_CAUSE_CATEGORY::STORED ENERGY (PRESSURE, TENSION)","Stored energy (pressure, tension)",229,"ROOT_CAUSE_CATEGORY::MECHANICAL - STORED ENERGY (PRESSURE, TENSION)","Mechanical - Stored energy (pressure, tension)",496,0.8354,substring_match,725
ROOT_CAUSE_CATEGORY,ROOT_CAUSE_CATEGORY::PLANNING AND COORDINATION OF WORKS,Planning and coordination of works,180,ROOT_CAUSE_CATEGORY::BASIC ORGANIZATIONAL - PLANNING AND COORDINATION OF WORKS,Basic Organizational - Planning and coordination of works,538,0.7473,substring_match,718
ROOT_CAUSE_CATEGORY,ROOT_CAUSE_CATEGORY::BASIC ORGANIZATIONAL,Basic Organizational,1,"ROOT_CAUSE_CATEGORY::BASIC ORGANIZATIONAL - STANDARD OPERATING PROCEDURES, PROCEDURES & WORK INSTRUCTIONS","Basic Organizational - Standard Operating Procedures, Procedures & Work instructions",659,0.3846,substring_match,660
EQUIPMENT,EQUIPMENT::CRANE,crane,620,EQUIPMENT::CRANES,cranes,3,1.0,exact_normalized,623
BODY_PART,BODY_PART::LEFT HAND,left hand,423,BODY_PART::HAND,hand,182,1.0,laterality_strip,605
ROOT_CAUSE_CATEGORY,ROOT_CAUSE_CATEGORY::BASIC ORGANISATIONAL - EQUIPMENT SUITABILITY,Basic Organisational - Equipment Suitability,383,ROOT_CAUSE_CATEGORY::BASIC ORGANIZATIONAL - TOOL SUITABILITY,Basic Organizational - Tool suitability,193,0.8434,jaro_winkler,576
BODY_PART,BODY_PART::RIGHT HAND,right hand,358,BODY_PART::HAND,hand,182,1.0,laterality_strip,540
ROOT_CAUSE_CATEGORY,ROOT_CAUSE_CATEGORY::BASIC ORGANIZATIONAL,Basic Organizational,1,ROOT_CAUSE_CATEGORY::BASIC ORGANIZATIONAL - PLANNING AND COORDINATION OF WORKS,Basic Organizational - Planning and coordination of works,538,0.5195,substring_match,539
ROOT_CAUSE_CATEGORY,ROOT_CAUSE_CATEGORY::EQUIPMENT SUITABILITY,Equipment Suitability,154,ROOT_CAUSE_CATEGORY::BASIC ORGANISATIONAL - EQUIPMENT SUITABILITY,Basic Organisational - Equipment Suitability,383,0.6462,substring_match,537
ROOT_CAUSE_CATEGORY,ROOT_CAUSE_CATEGORY::WORK ENVIRONMENT - MOTOR VEHICLE WORKSITE ACCIDENT,Work environment - Motor Vehicle Worksite Accident,233,ROOT_CAUSE_CATEGORY::WORK ENVIRONMENT - MOTOR VEHICLE ROAD ACCIDENT,Work environment - Motor Vehicle Road Accident,296,0.8958,jaro_winkler,529
ORGANIZATION,ORGANIZATION::PETROBRAS,PETROBRAS,521,ORGANIZATION::PETROBAS,Petrobas,1,0.9412,jaro_winkler,522
ROOT_CAUSE_CATEGORY,ROOT_CAUSE_CATEGORY::FALL TO LOWER LEVEL / FALL TO WATER / LOOSE MATERIALS (E.G. SILOS WITH GRANULATE),Fall to lower level / fall to water / loose materials (e.g. silos with granulate),72,ROOT_CAUSE_CATEGORY::WORK ENVIRONMENT - FALL TO LOWER LEVEL / FALL TO WATER / LOOSE MATERIALS (E.G. SILOS WITH GRANULATE),Work environment - Fall to lower level / fall to water / loose materials (e.g. silos with granulate),442,0.895,substring_match,514
ROOT_CAUSE_CATEGORY,ROOT_CAUSE_CATEGORY::MOTOR VEHICLE ROAD ACCIDENT,Motor Vehicle Road Accident,193,ROOT_CAUSE_CATEGORY::WORK ENVIRONMENT - MOTOR VEHICLE ROAD ACCIDENT,Work environment - Motor Vehicle Road Accident,296,0.7397,substring_match,489
ORGANIZATION,ORGANIZATION::TECHNIP FMC,TECHNIP FMC,145,ORGANIZATION::TFMC,TFMC,336,0.9524,near_exact,481
BODY_PART,BODY_PART::LEFT HAND,left hand,423,BODY_PART::HANDS,hands,31,1.0,laterality_strip,454
ORGANIZATION,ORGANIZATION::TECHNIPFMC UMBILICALS LTD,TECHNIPFMC UMBILICALS LTD,281,"ORGANIZATION::TECHNIPFMC UMBILICALS, INC.","TechnipFMC Umbilicals, Inc.",147,0.9767,near_exact,428
