query_id,name,query_type,strategy,entity_filters,meta_filters,narrative_keywords,require_connected,output_mode,output_target,output_top_n,coverage_thresholds,diagnosis_rule,custom_fn,ground_truth,notes,expected_count
SH-01,Forklift incidents in 2022,Single-hop,entity_filter,EQUIPMENT:fork\s*lift|flt|forklift:INVOLVED,year == 2022,,,count_incidents,,10,50:1,ER_NEEDED,,,,86
SH-02,Equipment for incident #29857,Single-hop,spot_check,,,,,aggregate,INCIDENT::29857:EQUIPMENT:INVOLVED,10,4:1,auto,,pry bar|rov|tms|lanyard,,
SH-03,Body parts in crane incidents,Single-hop,entity_filter,EQUIPMENT:crane|overhead crane|mobile crane|tower crane|gantry crane|pedestal crane:INVOLVED,,,,aggregate,BODY_PART:AFFECTED,10,5:1,ER_NEEDED,,,,
SH-04,Locations for valve incidents,Single-hop,entity_filter,EQUIPMENT:valve|ball valve|check valve|safety relief valve|isolation valve|control valve|pressure valve:INVOLVED,,,,aggregate,LOCATION[country]:OCCURRED_AT,10,3:1,ER_NEEDED,,,,
SH-05,Injuries at offshore installations,Single-hop,meta_filter,,work_process contains offshore|marine,,,aggregate,INJURY_TYPE:RESULTED_IN,10,5:1,CLEAN,,,,1120
SH-06,Incidents reported by Shell Offshore,Single-hop,entity_filter,ORGANIZATION:shell offshore:REPORTED_BY,,,,count_incidents,,10,1:0,ER_NEEDED,,,,60
AG-01,Root causes of dropped object incidents,Aggregation,narrative_filter,,,dropped,,aggregate,ROOT_CAUSE_CATEGORY:CATEGORIZED_AS,10,3:1,CLEAN,,,,1026
AG-02,Countries with most high-severity incidents,Aggregation,meta_filter,,severity_bin >= 4,,,aggregate,LOCATION[country]:OCCURRED_AT,10,3:1,CLEAN,,,,167
AG-03,Most common equipment by incident count,Aggregation,entity_filter,,,,,aggregate,EQUIPMENT:INVOLVED,20,1:0,ER_NEEDED,,,Pre-ER variants are separate,
AG-04,Incident type x business unit crosstab,Aggregation,crosstab,,,,,crosstab,business_unit:incident_type,,3:1,DATA_SPARSE,,,70.7% null business_unit in source data — partial coverage is expected and correct,
AG-05,Monthly trend of fall/slip incidents,Aggregation,entity_filter,ROOT_CAUSE_CATEGORY:fall|slip|trip:CATEGORIZED_AS,,,,count_by_year,,10,12:1,CLEAN,,,,1695
AG-06,Severity distribution by impact type,Aggregation,crosstab,,,,,crosstab,impact_type:severity_bin,,1:0,CLEAN,,,,
MH-01,Equipment in containment->injury at offshore,Multi-hop,custom,,,,,,,10,1:1,CLEAN,containment_injury_offshore,,Rare query: containment + injury + offshore,
MH-02,Injuries from equipment failures during maintenance,Multi-hop,intersect,,work_process contains maintenance,fail,,pairs,"EQUIPMENT:INVOLVED,INJURY_TYPE:RESULTED_IN",10,3:1,CLEAN,,,,29
MH-03,Clients with vessel + back injury,Multi-hop,intersect,BODY_PART:back:AFFECTED,,"ANY:vessel,marine vessel,ship,barge",,aggregate,ORGANIZATION:REPORTED_BY,10,10:1,ER_NEEDED,,,Broadened from entity_filter (only 1 exact 'vessel' entity) to narrative keywords,
MH-04,Top injury types per top-5 equipment,Multi-hop,custom,,,,,,,10,,ER_NEEDED,top_injury_per_equipment,,,
MH-05,Hand + pipe + Asia Pacific,Multi-hop,intersect,BODY_PART:hand:AFFECTED;EQUIPMENT:pipe:INVOLVED;LOCATION:asia pacific:OCCURRED_AT,,,,count_incidents,,10,5:1,auto,,,,
MH-06,Severity: trucks vs cranes,Multi-hop,custom,,,,,,,10,,ER_NEEDED,severity_comparison,,,
MH-07,Scaffold near-misses by location,Multi-hop,entity_filter,EQUIPMENT:scaffold:INVOLVED,incident_type contains near miss,,,aggregate,LOCATION[city]:OCCURRED_AT,10,3:1,ER_NEEDED,,,,309
MH-08,Hydraulic valve -> injury outcome,Multi-hop,entity_filter,EQUIPMENT:hydraulic valve:INVOLVED,impact_type contains Injury,,,aggregate,INJURY_TYPE:RESULTED_IN,10,1:0,EXTRACTION_GAP,,,Incident found (604895) but GLiNER did not extract INJURY_TYPE — real extraction gap,
GL-01,Safety risk clusters (Louvain),Global,custom,,,,,,,10,,CLEAN,louvain_communities,,,
GL-02,Equipment recurring across regions,Global,custom,,,,,,,20,,ER_NEEDED,equipment_across_regions,,,
GL-03,Temporal trend of incident types,Global,crosstab,,,,,crosstab,year:incident_type,,1:0,CLEAN,,,,
GL-04,Hub centrality analysis,Global,custom,,,,,,,20,,CLEAN,hub_centrality,,,
CJ-01,Corrosion -> equipment failure -> fire (L2),Conjunctive,custom,,,,,,,10,,L2_REQUIRED,causal_chain_check,,,"Corrosion+fire intersection is genuinely sparse (5 records, 4 are 'line of fire' safety term not actual fire). See CJ-07 for corrosion effects analysis."
CJ-02,Crane + back + offshore + high severity,Conjunctive,intersect,EQUIPMENT:crane:INVOLVED;BODY_PART:back:AFFECTED,work_process contains offshore;severity_bin >= 4,,,count_incidents,,10,0:0,KNOWN_SPARSE,,,4-way conjunction too specific for 20K records — 0 results is the confirmed correct answer,
CJ-03,Maintenance fail + pipe + environmental + Middle East,Conjunctive,intersect,EQUIPMENT:pipe:INVOLVED;LOCATION:middle east|saudi arabia|kuwait|bahrain|uae|united arab emirates|qatar|oman|iraq|iran:OCCURRED_AT,impact_type contains environment,"maintenance,fail",,count_incidents,,10,0:0,KNOWN_SPARSE,,,4-way conjunction too specific for 20K records — 0 results is the confirmed correct answer,
CJ-04,Equipment: accident + near-miss same location/year,Conjunctive,custom,,,,,,,10,,CLEAN,dual_risk_detection,,,
CJ-05,Procedural -> dropped -> head/hand injury (L2),Conjunctive,custom,,,,,count_incidents,,10,99999:1,L2_REQUIRED,procedural_dropped_injury,,,
CJ-06,Falls/slips + vehicle + construction,Conjunctive,intersect,ROOT_CAUSE_CATEGORY:fall|slip|trip:CATEGORIZED_AS;EQUIPMENT:truck|vehicle|van|car :INVOLVED,work_process contains construction,,,count_incidents,,10,1:0,auto,,,,147
CJ-07,Primary effects of corrosion (L2),Conjunctive,custom,,,,,,,10,,L2_REQUIRED,corrosion_effects,,,Corrosion causal effects analysis via L2 edges
SC-01,Spot-check: forklift mirror caught manifold (#623703),Single-hop,spot_check,,,,,aggregate,INCIDENT::623703:EQUIPMENT:INVOLVED,10,2:1,auto,,forklift|mirror|manifold,Equipment extraction check,
SC-02,Spot-check: electrical substation feeder fire (#570187),Single-hop,spot_check,,,,,aggregate,INCIDENT::570187:EQUIPMENT:INVOLVED,10,2:1,auto,,connector link|feeder breaker|feeder box,Equipment extraction check,
SC-03,Spot-check: forklift hit PGB in yard (#602346),Single-hop,spot_check,,,,,aggregate,INCIDENT::602346:EQUIPMENT:INVOLVED,10,1:1,auto,,forklift|pgb,Equipment extraction check,
SC-04,Spot-check: press + back pain (#14338),Single-hop,spot_check,,,,,aggregate,INCIDENT::14338:EQUIPMENT:INVOLVED,10,1:1,auto,,press,Equipment extraction check,
SC-05,Spot-check: ROV marker buoys dropped (#500389),Single-hop,spot_check,,,,,aggregate,INCIDENT::500389:EQUIPMENT:INVOLVED,10,3:1,auto,,marker buoys|football float|odom weight|chain|tms,Equipment extraction check,
SC-06,Spot-check: fall + head cuts on barrier (#8712),Single-hop,spot_check,,,,,aggregate,INCIDENT::8712:EQUIPMENT:INVOLVED,10,1:1,auto,,ceu 25 barrier,Equipment extraction check,
SC-07,Spot-check: wire sling + crane lip cut (#511771),Single-hop,spot_check,,,,,aggregate,INCIDENT::511771:EQUIPMENT:INVOLVED,10,1:1,auto,,wire rope sling|crane hook,Equipment extraction check,
SC-08,Spot-check: forklift + truck collision (#324),Single-hop,spot_check,,,,,aggregate,INCIDENT::324:EQUIPMENT:INVOLVED,10,1:1,auto,,20t forklift,Equipment extraction check,
SC-09,Spot-check: crane exit + head cut (#18312),Single-hop,spot_check,,,,,aggregate,INCIDENT::18312:EQUIPMENT:INVOLVED,10,1:1,auto,,crane|plastic sun visor,Equipment extraction check,
SC-04b,Spot-check: press + back pain body part (#14338),Single-hop,spot_check,,,,,aggregate,INCIDENT::14338:BODY_PART:AFFECTED,10,1:1,auto,,lower back,Body part extraction check,
SC-06b,Spot-check: fall head cuts body parts (#8712),Single-hop,spot_check,,,,,aggregate,INCIDENT::8712:BODY_PART:AFFECTED,10,1:1,auto,,head|forehead|face,Body part extraction check,
SC-07b,Spot-check: wire sling lip cut body part (#511771),Single-hop,spot_check,,,,,aggregate,INCIDENT::511771:BODY_PART:AFFECTED,10,1:1,auto,,lower lip,Body part extraction check,
SC-09b,Spot-check: crane exit head cut body part (#18312),Single-hop,spot_check,,,,,aggregate,INCIDENT::18312:BODY_PART:AFFECTED,10,1:1,auto,,head,Body part extraction check,
IOGP-01,Moving vehicle/mobile equipment incidents,Aggregation,entity_filter,EQUIPMENT:forklift|truck|vehicle|van|car|mewp|loader|bulldozer|excavator|tractor:INVOLVED,,,,aggregate,INJURY_TYPE:RESULTED_IN,10,10:1,ER_NEEDED,,,,
IOGP-02,Dropped object incidents by severity,Aggregation,narrative_filter,,,dropped object,,crosstab,severity_bin:year,,5:1,CLEAN,,,,
IOGP-03,Stored energy / snap-back incidents,Single-hop,narrative_filter,,,"ANY:stored energy,snap.?back,spring energy,coiled,under pressure",,count_incidents,,10,5:1,CLEAN,,,Narrative keyword search for IOGP category 4 - dropped bare tension (muscle tension false positives),
IOGP-04,Pressurized system incidents with containment loss,Multi-hop,intersect,EQUIPMENT:valve|pressure|cylinder|hose|pipeline|gas bottle:INVOLVED,impact_type contains environment,,,count_incidents,,10,3:1,ER_NEEDED,,,IOGP category 6 + environmental impact,
IOGP-05,Electrical incidents with LOTO failures (L2),Conjunctive,custom,,,,,,,10,1:1,auto,loto_failures_l2,,Uses FAILED_CONTROL edges from L2 to identify barrier failures in LOTO incidents,
IOGP-06,Working at height incidents with fall protection gaps,Multi-hop,intersect,EQUIPMENT:scaffold|harness|lanyard|guardrail|ladder:INVOLVED,,"ANY:fall,height,dropped",,aggregate,BODY_PART:AFFECTED,10,5:1,ER_NEEDED,,,IOGP category 3 - falls and dropped objects,
IOGP-07,Mechanical lifting incidents with rigging failures,Multi-hop,intersect,EQUIPMENT:crane|hoist|sling|rigging|shackle|winch:INVOLVED,,,,aggregate,INJURY_TYPE:RESULTED_IN,10,5:1,ER_NEEDED,,,IOGP category 2 - mechanical lifting/hoisting,
IOGP-08,Machinery/tools incidents with hand/finger injuries,Multi-hop,intersect,EQUIPMENT:grinder|saw|drill|\bpress\b|lathe|wrench|hammer:INVOLVED;BODY_PART:hand|finger|thumb:AFFECTED,,,,count_incidents,,10,3:1,ER_NEEDED,,,IOGP category 7 - machinery and tools - \bpress\b excludes pressure/compressor,
