entity_type,entity_id,canonical_id,cluster_id
EQUIPMENT,EQUIPMENT::30 TON OVERHEAD CRANE,EQUIPMENT::30 TON  OVERHEAD CRANE,EQUIPMENT::30 TON  OVERHEAD CRANE
EQUIPMENT,EQUIPMENT::360 EXCAVATORS,EQUIPMENT::360 EXCAVATOR,EQUIPMENT::360 EXCAVATOR
EQUIPMENT,EQUIPMENT::4-LEG CHAIN SLINGS,EQUIPMENT::4-LEG CHAIN SLING,EQUIPMENT::4-LEG CHAIN SLING
EQUIPMENT,EQUIPMENT::4X4S,EQUIPMENT::4X4,EQUIPMENT::4X4
EQUIPMENT,EQUIPMENT::A FRAME,EQUIPMENT::A FRAMES,EQUIPMENT::A FRAME
EQUIPMENT,EQUIPMENT::A&R HEADS,EQUIPMENT::A&R HEAD,EQUIPMENT::A&R HEAD
EQUIPMENT,EQUIPMENT::A-FRAMES,EQUIPMENT::A-FRAME,EQUIPMENT::A-FRAME
EQUIPMENT,EQUIPMENT::ABSORBENTS,EQUIPMENT::ABSORBENT,EQUIPMENT::ABSORBENT
EQUIPMENT,EQUIPMENT::ACCRO PROP,EQUIPMENT::ACCRO PROPS,EQUIPMENT::ACCRO PROP
EQUIPMENT,EQUIPMENT::ACCUMULATORS,EQUIPMENT::ACCUMULATOR,EQUIPMENT::ACCUMULATOR
EQUIPMENT,EQUIPMENT::ACTUATORS,EQUIPMENT::ACTUATOR,EQUIPMENT::ACTUATOR
EQUIPMENT,EQUIPMENT::ADHESIVE PLASTER,EQUIPMENT::ADHESIVE PLASTERS,EQUIPMENT::ADHESIVE PLASTER
EQUIPMENT,EQUIPMENT::AGA MASK,EQUIPMENT::AGA MASKS,EQUIPMENT::AGA MASK
EQUIPMENT,EQUIPMENT::AIR BAG,EQUIPMENT::AIR BAGS,EQUIPMENT::AIR BAG
EQUIPMENT,EQUIPMENT::AIR COMPRESSORS,EQUIPMENT::AIR COMPRESSOR,EQUIPMENT::AIR COMPRESSOR
EQUIPMENT,EQUIPMENT::AIR FILTER,EQUIPMENT::AIR FILTERS,EQUIPMENT::AIR FILTER
EQUIPMENT,EQUIPMENT::AIR HOSES,EQUIPMENT::AIR HOSE,EQUIPMENT::AIR HOSE
EQUIPMENT,EQUIPMENT::AIRBAG,EQUIPMENT::AIRBAGS,EQUIPMENT::AIRBAG
EQUIPMENT,EQUIPMENT::ANGLE GRINDER,EQUIPMENT::ANGLE GRINDERS,EQUIPMENT::ANGLE GRINDER
EQUIPMENT,EQUIPMENT::ANODE,EQUIPMENT::ANODES,EQUIPMENT::ANODE
EQUIPMENT,EQUIPMENT::ANTI-SLIP DEVICE,EQUIPMENT::ANTI-SLIP DEVICES,EQUIPMENT::ANTI-SLIP DEVICE
EQUIPMENT,EQUIPMENT::ARRIVAL VALVES,EQUIPMENT::ARRIVAL VALVE,EQUIPMENT::ARRIVAL VALVE
EQUIPMENT,EQUIPMENT::ASSEMBLY TABLES,EQUIPMENT::ASSEMBLY TABLE,EQUIPMENT::ASSEMBLY TABLE
EQUIPMENT,EQUIPMENT::ASSETS,EQUIPMENT::ASSET,EQUIPMENT::ASSET
EQUIPMENT,EQUIPMENT::AUGERS,EQUIPMENT::AUGER,EQUIPMENT::AUGER
EQUIPMENT,EQUIPMENT::AUTOCLAVES,EQUIPMENT::AUTOCLAVE,EQUIPMENT::AUTOCLAVE
EQUIPMENT,EQUIPMENT::AUTOCLAVE FITTING,EQUIPMENT::AUTOCLAVE FITTINGS,EQUIPMENT::AUTOCLAVE FITTING
EQUIPMENT,EQUIPMENT::AUTOMATIC DOORS,EQUIPMENT::AUTOMATIC DOOR,EQUIPMENT::AUTOMATIC DOOR
EQUIPMENT,EQUIPMENT::BA SETS,EQUIPMENT::BA SET,EQUIPMENT::BA SET
EQUIPMENT,EQUIPMENT::BALL VALVES,EQUIPMENT::BALL VALVE,EQUIPMENT::BALL VALVE
EQUIPMENT,EQUIPMENT::BARRIER,EQUIPMENT::BARRIERS,EQUIPMENT::BARRIER
EQUIPMENT,EQUIPMENT::BEACONS,EQUIPMENT::BEACON,EQUIPMENT::BEACON
EQUIPMENT,EQUIPMENT::BEND RESTRICTOR,EQUIPMENT::BEND RESTRICTORS,EQUIPMENT::BEND RESTRICTOR
EQUIPMENT,EQUIPMENT::BILGE PUMPS,EQUIPMENT::BILGE PUMP,EQUIPMENT::BILGE PUMP
EQUIPMENT,EQUIPMENT::BLAST SHIELDS,EQUIPMENT::BLAST SHIELD,EQUIPMENT::BLAST SHIELD
EQUIPMENT,EQUIPMENT::BLOWERS,EQUIPMENT::BLOWER,EQUIPMENT::BLOWER
EQUIPMENT,EQUIPMENT::BOBBINS,EQUIPMENT::BOBBIN,EQUIPMENT::BOBBIN
EQUIPMENT,EQUIPMENT::BODY GUARD,EQUIPMENT::BODY GUARDS,EQUIPMENT::BODY GUARD
EQUIPMENT,EQUIPMENT::BOILERS,EQUIPMENT::BOILER,EQUIPMENT::BOILER
EQUIPMENT,EQUIPMENT::BOLTS,EQUIPMENT::BOLT,EQUIPMENT::BOLT
EQUIPMENT,EQUIPMENT::BOOSTER COMPRESSORS,EQUIPMENT::BOOSTER COMPRESSOR,EQUIPMENT::BOOSTER COMPRESSOR
EQUIPMENT,EQUIPMENT::BOOT,EQUIPMENT::BOOTS,EQUIPMENT::BOOT
EQUIPMENT,EQUIPMENT::BOPS,EQUIPMENT::BOP,EQUIPMENT::BOP
EQUIPMENT,EQUIPMENT::BOTTLES,EQUIPMENT::BOTTLE,EQUIPMENT::BOTTLE
EQUIPMENT,EQUIPMENT::BPVS,EQUIPMENT::BPV,EQUIPMENT::BPV
EQUIPMENT,EQUIPMENT::BRACES,EQUIPMENT::BRACE,EQUIPMENT::BRACE
EQUIPMENT,EQUIPMENT::BRACKETS,EQUIPMENT::BRACKET,EQUIPMENT::BRACKET
EQUIPMENT,EQUIPMENT::BRAKE,EQUIPMENT::BRAKES,EQUIPMENT::BRAKE
EQUIPMENT,EQUIPMENT::BREAST LINES,EQUIPMENT::BREAST LINE,EQUIPMENT::BREAST LINE
EQUIPMENT,EQUIPMENT::BROKEN CUP,EQUIPMENT::BROKEN CUPS,EQUIPMENT::BROKEN CUP
EQUIPMENT,EQUIPMENT::BROOMS,EQUIPMENT::BROOM,EQUIPMENT::BROOM
EQUIPMENT,EQUIPMENT::BUCKETS,EQUIPMENT::BUCKET,EQUIPMENT::BUCKET
EQUIPMENT,EQUIPMENT::BULLDOZER,EQUIPMENT::BULLDOZERS,EQUIPMENT::BULLDOZER
EQUIPMENT,EQUIPMENT::BUMP CAPS,EQUIPMENT::BUMP CAP,EQUIPMENT::BUMP CAP
EQUIPMENT,EQUIPMENT::BUOYANCY MODULE,EQUIPMENT::BUOYANCY MODULES,EQUIPMENT::BUOYANCY MODULE
EQUIPMENT,EQUIPMENT::BUTTERFLY VALVES,EQUIPMENT::BUTTERFLY VALVE,EQUIPMENT::BUTTERFLY VALVE
EQUIPMENT,EQUIPMENT::C-PLATES,EQUIPMENT::C-PLATE,EQUIPMENT::C-PLATE
EQUIPMENT,EQUIPMENT::CABS,EQUIPMENT::CAB,EQUIPMENT::CAB
EQUIPMENT,EQUIPMENT::CABLES,EQUIPMENT::CABLE,EQUIPMENT::CABLE
EQUIPMENT,EQUIPMENT::CABLE DRUMS,EQUIPMENT::CABLE DRUM,EQUIPMENT::CABLE DRUM
EQUIPMENT,EQUIPMENT::CABLE TRAYS,EQUIPMENT::CABLE TRAY,EQUIPMENT::CABLE TRAY
EQUIPMENT,EQUIPMENT::CAMERA,EQUIPMENT::CAMERAS,EQUIPMENT::CAMERA
EQUIPMENT,EQUIPMENT::CAPACITOR,EQUIPMENT::CAPACITORS,EQUIPMENT::CAPACITOR
EQUIPMENT,EQUIPMENT::CARGO STRAP,EQUIPMENT::CARGO STRAPS,EQUIPMENT::CARGO STRAP
EQUIPMENT,EQUIPMENT::CARGO STROPS,EQUIPMENT::CARGO STROP,EQUIPMENT::CARGO STROP
EQUIPMENT,EQUIPMENT::CASING HEADS,EQUIPMENT::CASING HEAD,EQUIPMENT::CASING HEAD
EQUIPMENT,EQUIPMENT::CASING VALVE,EQUIPMENT::CASING VALVES,EQUIPMENT::CASING VALVE
EQUIPMENT,EQUIPMENT::CATCHERS,EQUIPMENT::CATCHER,EQUIPMENT::CATCHER
EQUIPMENT,EQUIPMENT::CAVALETE,EQUIPMENT::CAVALETES,EQUIPMENT::CAVALETE
EQUIPMENT,EQUIPMENT::CCTVS,EQUIPMENT::CCTV,EQUIPMENT::CCTV
EQUIPMENT,EQUIPMENT::CENTRALIZERS,EQUIPMENT::CENTRALIZER,EQUIPMENT::CENTRALIZER
EQUIPMENT,EQUIPMENT::CHAIN,EQUIPMENT::CHAINS,EQUIPMENT::CHAIN
EQUIPMENT,EQUIPMENT::CHAIN BLOCKS,EQUIPMENT::CHAIN BLOCK,EQUIPMENT::CHAIN BLOCK
EQUIPMENT,EQUIPMENT::CHAIN FALLS,EQUIPMENT::CHAIN FALL,EQUIPMENT::CHAIN FALL
EQUIPMENT,EQUIPMENT::CHAIN HOISTS,EQUIPMENT::CHAIN HOIST,EQUIPMENT::CHAIN HOIST
EQUIPMENT,EQUIPMENT::CHAIN SLINGS,EQUIPMENT::CHAIN SLING,EQUIPMENT::CHAIN SLING
EQUIPMENT,EQUIPMENT::CHAIN TONGS,EQUIPMENT::CHAIN TONG,EQUIPMENT::CHAIN TONG
EQUIPMENT,EQUIPMENT::CHECK VALVES,EQUIPMENT::CHECK VALVE,EQUIPMENT::CHECK VALVE
EQUIPMENT,EQUIPMENT::CHEMICAL SUITS,EQUIPMENT::CHEMICAL SUIT,EQUIPMENT::CHEMICAL SUIT
EQUIPMENT,EQUIPMENT::CHERRY PICKERS,EQUIPMENT::CHERRY PICKER,EQUIPMENT::CHERRY PICKER
EQUIPMENT,EQUIPMENT::CHOCK,EQUIPMENT::CHOCKS,EQUIPMENT::CHOCK
EQUIPMENT,EQUIPMENT::CIRCUIT BREAKERS,EQUIPMENT::CIRCUIT BREAKER,EQUIPMENT::CIRCUIT BREAKER
EQUIPMENT,EQUIPMENT::CIRCULATION PUMP,EQUIPMENT::CIRCULATION PUMPS,EQUIPMENT::CIRCULATION PUMP
EQUIPMENT,EQUIPMENT::CLAMPS,EQUIPMENT::CLAMP,EQUIPMENT::CLAMP
EQUIPMENT,EQUIPMENT::CLIQUET,EQUIPMENT::CLIQUETS,EQUIPMENT::CLIQUET
EQUIPMENT,EQUIPMENT::CLUMP WEIGHT,EQUIPMENT::CLUMP WEIGHTS,EQUIPMENT::CLUMP WEIGHT
EQUIPMENT,EQUIPMENT::CNC PROFILE CUTTING  MACHINE,EQUIPMENT::CNC PROFILE CUTTING MACHINE,EQUIPMENT::CNC PROFILE CUTTING  MACHINE
EQUIPMENT,EQUIPMENT::CO2 FIRE EXTINGUISHERS,EQUIPMENT::CO2 FIRE EXTINGUISHER,EQUIPMENT::CO2 FIRE EXTINGUISHER
EQUIPMENT,EQUIPMENT::COATS,EQUIPMENT::COAT,EQUIPMENT::COAT
EQUIPMENT,EQUIPMENT::COLD PACK,EQUIPMENT::COLD PACKS,EQUIPMENT::COLD PACK
EQUIPMENT,EQUIPMENT::COMPENSATION BOTTLE,EQUIPMENT::COMPENSATION BOTTLES,EQUIPMENT::COMPENSATION BOTTLE
EQUIPMENT,EQUIPMENT::COMPRESSORS,EQUIPMENT::COMPRESSOR,EQUIPMENT::COMPRESSOR
EQUIPMENT,EQUIPMENT::CONCRETE PUMPS,EQUIPMENT::CONCRETE PUMP,EQUIPMENT::CONCRETE PUMP
EQUIPMENT,EQUIPMENT::CONE,EQUIPMENT::CONES,EQUIPMENT::CONE
EQUIPMENT,EQUIPMENT::CONNECTIONS,EQUIPMENT::CONNECTION,EQUIPMENT::CONNECTION
EQUIPMENT,EQUIPMENT::CONNECTORS,EQUIPMENT::CONNECTOR,EQUIPMENT::CONNECTOR
EQUIPMENT,EQUIPMENT::CONTAINMENT,EQUIPMENT::CONTAINMENTS,EQUIPMENT::CONTAINMENT
EQUIPMENT,EQUIPMENT::CONTROLS,EQUIPMENT::CONTROL,EQUIPMENT::CONTROL
EQUIPMENT,EQUIPMENT::COOL PACKS,EQUIPMENT::COOL PACK,EQUIPMENT::COOL PACK
EQUIPMENT,EQUIPMENT::COUNTER WEIGHT,EQUIPMENT::COUNTER WEIGHTS,EQUIPMENT::COUNTER WEIGHT
EQUIPMENT,EQUIPMENT::COUNTERWEIGHTS,EQUIPMENT::COUNTERWEIGHT,EQUIPMENT::COUNTERWEIGHT
EQUIPMENT,EQUIPMENT::COVER PLATE,EQUIPMENT::COVER PLATES,EQUIPMENT::COVER PLATE
EQUIPMENT,EQUIPMENT::COVERALL,EQUIPMENT::COVERALLS,EQUIPMENT::COVERALL
EQUIPMENT,EQUIPMENT::CRADLES,EQUIPMENT::CRADLE,EQUIPMENT::CRADLE
EQUIPMENT,EQUIPMENT::CRANES,EQUIPMENT::CRANE,EQUIPMENT::CRANE
EQUIPMENT,EQUIPMENT::CRANE REMOTE CONTROL,EQUIPMENT::CRANE REMOTE CONTROLS,EQUIPMENT::CRANE REMOTE CONTROL
EQUIPMENT,EQUIPMENT::CRATES,EQUIPMENT::CRATE,EQUIPMENT::CRATE
EQUIPMENT,EQUIPMENT::CREW  BUS,EQUIPMENT::CREW BUS,EQUIPMENT::CREW  BUS
EQUIPMENT,EQUIPMENT::CREW SIDE‐BOOM,EQUIPMENT::CREW SIDE‐BOOMS,EQUIPMENT::CREW SIDE‐BOOM
EQUIPMENT,EQUIPMENT::CROWBARS,EQUIPMENT::CROWBAR,EQUIPMENT::CROWBAR
EQUIPMENT,EQUIPMENT::CRUSHER,EQUIPMENT::CRUSHERS,EQUIPMENT::CRUSHER
EQUIPMENT,EQUIPMENT::CUT RESISTANT GLOVE,EQUIPMENT::CUT RESISTANT GLOVES,EQUIPMENT::CUT RESISTANT GLOVE
EQUIPMENT,EQUIPMENT::CUTTERS,EQUIPMENT::CUTTER,EQUIPMENT::CUTTER
EQUIPMENT,EQUIPMENT::CUTTING DISC,EQUIPMENT::CUTTING DISCS,EQUIPMENT::CUTTING DISC
EQUIPMENT,EQUIPMENT::CYLINDER,EQUIPMENT::CYLINDERS,EQUIPMENT::CYLINDER
EQUIPMENT,EQUIPMENT::D RINGS,EQUIPMENT::D RING,EQUIPMENT::D RING
EQUIPMENT,EQUIPMENT::DECK PLATE,EQUIPMENT::DECK PLATES,EQUIPMENT::DECK PLATE
EQUIPMENT,EQUIPMENT::DEDICATED TOOLS,EQUIPMENT::DEDICATED TOOL,EQUIPMENT::DEDICATED TOOL
EQUIPMENT,EQUIPMENT::DEFLECTORS,EQUIPMENT::DEFLECTOR,EQUIPMENT::DEFLECTOR
EQUIPMENT,EQUIPMENT::DEHUMIDIFIERS,EQUIPMENT::DEHUMIDIFIER,EQUIPMENT::DEHUMIDIFIER
EQUIPMENT,EQUIPMENT::DIABLO ROLLER,EQUIPMENT::DIABLO ROLLERS,EQUIPMENT::DIABLO ROLLER
EQUIPMENT,EQUIPMENT::DIESEL HEAT GENERATOR,EQUIPMENT::DIESEL HEAT GENERATORS,EQUIPMENT::DIESEL HEAT GENERATOR
EQUIPMENT,EQUIPMENT::DIESEL HEATERS,EQUIPMENT::DIESEL HEATER,EQUIPMENT::DIESEL HEATER
EQUIPMENT,EQUIPMENT::DIESEL PUMPS,EQUIPMENT::DIESEL PUMP,EQUIPMENT::DIESEL PUMP
EQUIPMENT,EQUIPMENT::DIVER MATEABLE FITTING,EQUIPMENT::DIVER MATEABLE FITTINGS,EQUIPMENT::DIVER MATEABLE FITTING
EQUIPMENT,EQUIPMENT::DOORS,EQUIPMENT::DOOR,EQUIPMENT::DOOR
EQUIPMENT,EQUIPMENT::DRAWER,EQUIPMENT::DRAWERS,EQUIPMENT::DRAWER
EQUIPMENT,EQUIPMENT::DRAWER UNITS,EQUIPMENT::DRAWER UNIT,EQUIPMENT::DRAWER UNIT
EQUIPMENT,EQUIPMENT::DRILL BIT,EQUIPMENT::DRILL BITS,EQUIPMENT::DRILL BIT
EQUIPMENT,EQUIPMENT::DRILLING TOOLS,EQUIPMENT::DRILLING TOOL,EQUIPMENT::DRILLING TOOL
EQUIPMENT,EQUIPMENT::DRIP PANS,EQUIPMENT::DRIP PAN,EQUIPMENT::DRIP PAN
EQUIPMENT,EQUIPMENT::DRIP TRAY,EQUIPMENT::DRIP TRAYS,EQUIPMENT::DRIP TRAY
EQUIPMENT,EQUIPMENT::DRIVE DOGS,EQUIPMENT::DRIVE DOG,EQUIPMENT::DRIVE DOG
EQUIPMENT,EQUIPMENT::DRIVE ROLLER,EQUIPMENT::DRIVE ROLLERS,EQUIPMENT::DRIVE ROLLER
EQUIPMENT,EQUIPMENT::DUMPER TRUCK,EQUIPMENT::DUMPER TRUCKS,EQUIPMENT::DUMPER TRUCK
EQUIPMENT,EQUIPMENT::E&I SUPPORT,EQUIPMENT::E&I SUPPORTS,EQUIPMENT::E&I SUPPORT
EQUIPMENT,EQUIPMENT::E-STOPS,EQUIPMENT::E-STOP,EQUIPMENT::E-STOP
EQUIPMENT,EQUIPMENT::ELECTRIC CABLES,EQUIPMENT::ELECTRIC CABLE,EQUIPMENT::ELECTRIC CABLE
EQUIPMENT,EQUIPMENT::ELECTRIC HOISTS,EQUIPMENT::ELECTRIC HOIST,EQUIPMENT::ELECTRIC HOIST
EQUIPMENT,EQUIPMENT::ELECTRICAL CABLES,EQUIPMENT::ELECTRICAL CABLE,EQUIPMENT::ELECTRICAL CABLE
EQUIPMENT,EQUIPMENT::ELECTRICAL MOTOR,EQUIPMENT::ELECTRICAL MOTORS,EQUIPMENT::ELECTRICAL MOTOR
EQUIPMENT,EQUIPMENT::ELINGUE,EQUIPMENT::ELINGUES,EQUIPMENT::ELINGUE
EQUIPMENT,EQUIPMENT::EMERGENCY LIGHTS,EQUIPMENT::EMERGENCY LIGHT,EQUIPMENT::EMERGENCY LIGHT
EQUIPMENT,EQUIPMENT::ENCODER,EQUIPMENT::ENCODERS,EQUIPMENT::ENCODER
EQUIPMENT,EQUIPMENT::END FITTINGS,EQUIPMENT::END FITTING,EQUIPMENT::END FITTING
EQUIPMENT,EQUIPMENT::ENGINES,EQUIPMENT::ENGINE,EQUIPMENT::ENGINE
EQUIPMENT,EQUIPMENT::EPIS,EQUIPMENT::EPI,EQUIPMENT::EPI
EQUIPMENT,EQUIPMENT::ETAFOAM PLATE,EQUIPMENT::ETAFOAM PLATES,EQUIPMENT::ETAFOAM PLATE
EQUIPMENT,EQUIPMENT::EXCAVATORS,EQUIPMENT::EXCAVATOR,EQUIPMENT::EXCAVATOR
EQUIPMENT,EQUIPMENT::EXHAUST FANS,EQUIPMENT::EXHAUST FAN,EQUIPMENT::EXHAUST FAN
EQUIPMENT,EQUIPMENT::EXTINCTORS,EQUIPMENT::EXTINCTOR,EQUIPMENT::EXTINCTOR
EQUIPMENT,EQUIPMENT::EXTINGUISHER,EQUIPMENT::EXTINGUISHERS,EQUIPMENT::EXTINGUISHER
EQUIPMENT,EQUIPMENT::EXTRACTION FAN,EQUIPMENT::EXTRACTION FANS,EQUIPMENT::EXTRACTION FAN
EQUIPMENT,EQUIPMENT::FANS,EQUIPMENT::FAN,EQUIPMENT::FAN
EQUIPMENT,EQUIPMENT::FENDERS,EQUIPMENT::FENDER,EQUIPMENT::FENDER
EQUIPMENT,EQUIPMENT::FILTERS,EQUIPMENT::FILTER,EQUIPMENT::FILTER
EQUIPMENT,EQUIPMENT::FILTER PODS,EQUIPMENT::FILTER POD,EQUIPMENT::FILTER POD
EQUIPMENT,EQUIPMENT::FIRE  HOSE  REEL,EQUIPMENT::FIRE HOSE REEL,EQUIPMENT::FIRE  HOSE  REEL
EQUIPMENT,EQUIPMENT::FIRE BLANKETS,EQUIPMENT::FIRE BLANKET,EQUIPMENT::FIRE BLANKET
EQUIPMENT,EQUIPMENT::FIRE DETECTION SYSTEM,EQUIPMENT::FIRE DETECTION SYSTEMS,EQUIPMENT::FIRE DETECTION SYSTEM
EQUIPMENT,EQUIPMENT::FIRE DETECTORS,EQUIPMENT::FIRE DETECTOR,EQUIPMENT::FIRE DETECTOR
EQUIPMENT,EQUIPMENT::FIRE EXTINGUISHERS,EQUIPMENT::FIRE EXTINGUISHER,EQUIPMENT::FIRE EXTINGUISHER
EQUIPMENT,EQUIPMENT::FIRE HOSES,EQUIPMENT::FIRE HOSE,EQUIPMENT::FIRE HOSE
EQUIPMENT,EQUIPMENT::FIRST AIDS,EQUIPMENT::FIRST AID,EQUIPMENT::FIRST AID
EQUIPMENT,EQUIPMENT::FIRST AID KITS,EQUIPMENT::FIRST AID KIT,EQUIPMENT::FIRST AID KIT
EQUIPMENT,EQUIPMENT::FITTINGS,EQUIPMENT::FITTING,EQUIPMENT::FITTING
EQUIPMENT,EQUIPMENT::FIXTURE PLATES,EQUIPMENT::FIXTURE PLATE,EQUIPMENT::FIXTURE PLATE
EQUIPMENT,EQUIPMENT::FLANGES,EQUIPMENT::FLANGE,EQUIPMENT::FLANGE
EQUIPMENT,EQUIPMENT::FLARE LINES,EQUIPMENT::FLARE LINE,EQUIPMENT::FLARE LINE
EQUIPMENT,EQUIPMENT::FLASH BACK ARRESTOR,EQUIPMENT::FLASH BACK ARRESTORS,EQUIPMENT::FLASH BACK ARRESTOR
EQUIPMENT,EQUIPMENT::FLASHBACK ARRESTOR,EQUIPMENT::FLASHBACK ARRESTORS,EQUIPMENT::FLASHBACK ARRESTOR
EQUIPMENT,EQUIPMENT::FLET,EQUIPMENT::FLETS,EQUIPMENT::FLET
EQUIPMENT,EQUIPMENT::FLEXIBLE LINE,EQUIPMENT::FLEXIBLE LINES,EQUIPMENT::FLEXIBLE LINE
EQUIPMENT,EQUIPMENT::FLEXIBLE TUBE,EQUIPMENT::FLEXIBLE TUBES,EQUIPMENT::FLEXIBLE TUBE
EQUIPMENT,EQUIPMENT::FLOWMETERS,EQUIPMENT::FLOWMETER,EQUIPMENT::FLOWMETER
EQUIPMENT,EQUIPMENT::FOAM FIRE EXTINGUISHER,EQUIPMENT::FOAM FIRE EXTINGUISHERS,EQUIPMENT::FOAM FIRE EXTINGUISHER
EQUIPMENT,EQUIPMENT::FORK,EQUIPMENT::FORKS,EQUIPMENT::FORK
EQUIPMENT,EQUIPMENT::FORK ATTACHMENT,EQUIPMENT::FORK ATTACHMENTS,EQUIPMENT::FORK ATTACHMENT
EQUIPMENT,EQUIPMENT::FORKLIFTS,EQUIPMENT::FORKLIFT,EQUIPMENT::FORKLIFT
EQUIPMENT,EQUIPMENT::FORKLIFT DRIVERS,EQUIPMENT::FORKLIFT DRIVER,EQUIPMENT::FORKLIFT DRIVER
EQUIPMENT,EQUIPMENT::FORKLIFT FORK,EQUIPMENT::FORKLIFT FORKS,EQUIPMENT::FORKLIFT FORK
EQUIPMENT,EQUIPMENT::FORKLIFT POCKETS,EQUIPMENT::FORKLIFT POCKET,EQUIPMENT::FORKLIFT POCKET
EQUIPMENT,EQUIPMENT::FORMWORKS,EQUIPMENT::FORMWORK,EQUIPMENT::FORMWORK
EQUIPMENT,EQUIPMENT::FRAC TANK,EQUIPMENT::FRAC TANKS,EQUIPMENT::FRAC TANK
EQUIPMENT,EQUIPMENT::FREEZERS,EQUIPMENT::FREEZER,EQUIPMENT::FREEZER
EQUIPMENT,EQUIPMENT::G CLAMP,EQUIPMENT::G CLAMPS,EQUIPMENT::G CLAMP
EQUIPMENT,EQUIPMENT::GANTRY   CRANE,EQUIPMENT::GANTRY CRANE,EQUIPMENT::GANTRY   CRANE
EQUIPMENT,EQUIPMENT::GAS CYLINDER,EQUIPMENT::GAS CYLINDERS,EQUIPMENT::GAS CYLINDER
EQUIPMENT,EQUIPMENT::GAS DETECTORS,EQUIPMENT::GAS DETECTOR,EQUIPMENT::GAS DETECTOR
EQUIPMENT,EQUIPMENT::GAS HOSES,EQUIPMENT::GAS HOSE,EQUIPMENT::GAS HOSE
EQUIPMENT,EQUIPMENT::GATE VALVE,EQUIPMENT::GATE VALVES,EQUIPMENT::GATE VALVE
EQUIPMENT,EQUIPMENT::GEARS,EQUIPMENT::GEAR,EQUIPMENT::GEAR
EQUIPMENT,EQUIPMENT::GENERATOR,EQUIPMENT::GENERATORS,EQUIPMENT::GENERATOR
EQUIPMENT,EQUIPMENT::GIN WHEELS,EQUIPMENT::GIN WHEEL,EQUIPMENT::GIN WHEEL
EQUIPMENT,EQUIPMENT::GLOVE,EQUIPMENT::GLOVES,EQUIPMENT::GLOVE
EQUIPMENT,EQUIPMENT::GOGGLE,EQUIPMENT::GOGGLES,EQUIPMENT::GOGGLE
EQUIPMENT,EQUIPMENT::GRAPPLE,EQUIPMENT::GRAPPLES,EQUIPMENT::GRAPPLE
EQUIPMENT,EQUIPMENT::GRATINGS,EQUIPMENT::GRATING,EQUIPMENT::GRATING
EQUIPMENT,EQUIPMENT::GRATING PLATE,EQUIPMENT::GRATING PLATES,EQUIPMENT::GRATING PLATE
EQUIPMENT,EQUIPMENT::GREASE HOSES,EQUIPMENT::GREASE HOSE,EQUIPMENT::GREASE HOSE
EQUIPMENT,EQUIPMENT::GRID STACK,EQUIPMENT::GRID STACKS,EQUIPMENT::GRID STACK
EQUIPMENT,EQUIPMENT::GRINDING DISC,EQUIPMENT::GRINDING DISCS,EQUIPMENT::GRINDING DISC
EQUIPMENT,EQUIPMENT::GRINDING DISKS,EQUIPMENT::GRINDING DISK,EQUIPMENT::GRINDING DISK
EQUIPMENT,EQUIPMENT::GRINDING TOOLS,EQUIPMENT::GRINDING TOOL,EQUIPMENT::GRINDING TOOL
EQUIPMENT,EQUIPMENT::GUARD RAIL,EQUIPMENT::GUARD RAILS,EQUIPMENT::GUARD RAIL
EQUIPMENT,EQUIPMENT::GUIDE ROLLER,EQUIPMENT::GUIDE ROLLERS,EQUIPMENT::GUIDE ROLLER
EQUIPMENT,EQUIPMENT::GUIDED CABLE,EQUIPMENT::GUIDED CABLES,EQUIPMENT::GUIDED CABLE
EQUIPMENT,EQUIPMENT::H-BEAMS,EQUIPMENT::H-BEAM,EQUIPMENT::H-BEAM
EQUIPMENT,EQUIPMENT::HAMMER UNION,EQUIPMENT::HAMMER UNIONS,EQUIPMENT::HAMMER UNION
EQUIPMENT,EQUIPMENT::HAND RAILS,EQUIPMENT::HAND RAIL,EQUIPMENT::HAND RAIL
EQUIPMENT,EQUIPMENT::HAND TOOL,EQUIPMENT::HAND TOOLS,EQUIPMENT::HAND TOOL
EQUIPMENT,EQUIPMENT::HAND-RAIL,EQUIPMENT::HAND-RAILS,EQUIPMENT::HAND-RAIL
EQUIPMENT,EQUIPMENT::HANDRAIL,EQUIPMENT::HANDRAILS,EQUIPMENT::HANDRAIL
EQUIPMENT,EQUIPMENT::HANGERS,EQUIPMENT::HANGER,EQUIPMENT::HANGER
EQUIPMENT,EQUIPMENT::HARD HATS,EQUIPMENT::HARD HAT,EQUIPMENT::HARD HAT
EQUIPMENT,EQUIPMENT::HARDHATS,EQUIPMENT::HARDHAT,EQUIPMENT::HARDHAT
EQUIPMENT,EQUIPMENT::HEAT PAD,EQUIPMENT::HEAT PADS,EQUIPMENT::HEAT PAD
EQUIPMENT,EQUIPMENT::HEATERS,EQUIPMENT::HEATER,EQUIPMENT::HEATER
EQUIPMENT,EQUIPMENT::HEAVING LINE,EQUIPMENT::HEAVING LINES,EQUIPMENT::HEAVING LINE
EQUIPMENT,EQUIPMENT::HELMETS,EQUIPMENT::HELMET,EQUIPMENT::HELMET
EQUIPMENT,EQUIPMENT::HIGH-PRESSURE HOSES,EQUIPMENT::HIGH-PRESSURE HOSE,EQUIPMENT::HIGH-PRESSURE HOSE
EQUIPMENT,EQUIPMENT::HMI SCREENS,EQUIPMENT::HMI SCREEN,EQUIPMENT::HMI SCREEN
EQUIPMENT,EQUIPMENT::HOH SLING,EQUIPMENT::HOH SLINGS,EQUIPMENT::HOH SLING
EQUIPMENT,EQUIPMENT::HOISTS,EQUIPMENT::HOIST,EQUIPMENT::HOIST
EQUIPMENT,EQUIPMENT::HOIST RINGS,EQUIPMENT::HOIST RING,EQUIPMENT::HOIST RING
EQUIPMENT,EQUIPMENT::HOLE CUTTERS,EQUIPMENT::HOLE CUTTER,EQUIPMENT::HOLE CUTTER
EQUIPMENT,EQUIPMENT::HOOKS,EQUIPMENT::HOOK,EQUIPMENT::HOOK
EQUIPMENT,EQUIPMENT::HORSE STAND,EQUIPMENT::HORSE STANDS,EQUIPMENT::HORSE STAND
EQUIPMENT,EQUIPMENT::HOSES,EQUIPMENT::HOSE,EQUIPMENT::HOSE
EQUIPMENT,EQUIPMENT::HOT-STABS,EQUIPMENT::HOT-STAB,EQUIPMENT::HOT-STAB
EQUIPMENT,EQUIPMENT::HP HOSES,EQUIPMENT::HP HOSE,EQUIPMENT::HP HOSE
EQUIPMENT,EQUIPMENT::HPUS,EQUIPMENT::HPU,EQUIPMENT::HPU
EQUIPMENT,EQUIPMENT::HPU PUMPS,EQUIPMENT::HPU PUMP,EQUIPMENT::HPU PUMP
EQUIPMENT,EQUIPMENT::HUBS,EQUIPMENT::HUB,EQUIPMENT::HUB
EQUIPMENT,EQUIPMENT::HYD HOSES,EQUIPMENT::HYD HOSE,EQUIPMENT::HYD HOSE
EQUIPMENT,EQUIPMENT::HYDRAULIC CABINETS,EQUIPMENT::HYDRAULIC CABINET,EQUIPMENT::HYDRAULIC CABINET
EQUIPMENT,EQUIPMENT::HYDRAULIC CYLINDERS,EQUIPMENT::HYDRAULIC CYLINDER,EQUIPMENT::HYDRAULIC CYLINDER
EQUIPMENT,EQUIPMENT::HYDRAULIC HOSE,EQUIPMENT::HYDRAULIC HOSES,EQUIPMENT::HYDRAULIC HOSE
EQUIPMENT,EQUIPMENT::HYDRAULIC JACKS,EQUIPMENT::HYDRAULIC JACK,EQUIPMENT::HYDRAULIC JACK
EQUIPMENT,EQUIPMENT::HYDRAULIC LINES,EQUIPMENT::HYDRAULIC LINE,EQUIPMENT::HYDRAULIC LINE
EQUIPMENT,EQUIPMENT::HYDRAULIC MOTORS,EQUIPMENT::HYDRAULIC MOTOR,EQUIPMENT::HYDRAULIC MOTOR
EQUIPMENT,EQUIPMENT::HYDRAULIC RAMS,EQUIPMENT::HYDRAULIC RAM,EQUIPMENT::HYDRAULIC RAM
EQUIPMENT,EQUIPMENT::HYDRAULIC U-CLAMPS,EQUIPMENT::HYDRAULIC U-CLAMP,EQUIPMENT::HYDRAULIC U-CLAMP
EQUIPMENT,EQUIPMENT::I-BEAMS,EQUIPMENT::I-BEAM,EQUIPMENT::I-BEAM
EQUIPMENT,EQUIPMENT::IBCS,EQUIPMENT::IBC,EQUIPMENT::IBC
EQUIPMENT,EQUIPMENT::ICE PACKS,EQUIPMENT::ICE PACK,EQUIPMENT::ICE PACK
EQUIPMENT,EQUIPMENT::IMPACT GLOVE,EQUIPMENT::IMPACT GLOVES,EQUIPMENT::IMPACT GLOVE
EQUIPMENT,EQUIPMENT::INDUCTION COILS,EQUIPMENT::INDUCTION COIL,EQUIPMENT::INDUCTION COIL
EQUIPMENT,EQUIPMENT::INERTIA REELS,EQUIPMENT::INERTIA REEL,EQUIPMENT::INERTIA REEL
EQUIPMENT,EQUIPMENT::INSTALLATION ASSEMBLY TOOL,EQUIPMENT::INSTALLATION  ASSEMBLY TOOL,EQUIPMENT::INSTALLATION  ASSEMBLY TOOL
EQUIPMENT,EQUIPMENT::IR OVENS,EQUIPMENT::IR OVEN,EQUIPMENT::IR OVEN
EQUIPMENT,EQUIPMENT::JACK,EQUIPMENT::JACKS,EQUIPMENT::JACK
EQUIPMENT,EQUIPMENT::JACK STANDS,EQUIPMENT::JACK STAND,EQUIPMENT::JACK STAND
EQUIPMENT,EQUIPMENT::JIC FITTINGS,EQUIPMENT::JIC FITTING,EQUIPMENT::JIC FITTING
EQUIPMENT,EQUIPMENT::JUBILEE CLIPS,EQUIPMENT::JUBILEE CLIP,EQUIPMENT::JUBILEE CLIP
EQUIPMENT,EQUIPMENT::JUMPERS,EQUIPMENT::JUMPER,EQUIPMENT::JUMPER
EQUIPMENT,EQUIPMENT::JUMPER HOSES,EQUIPMENT::JUMPER HOSE,EQUIPMENT::JUMPER HOSE
EQUIPMENT,EQUIPMENT::KEYS,EQUIPMENT::KEY,EQUIPMENT::KEY
EQUIPMENT,EQUIPMENT::LADDERS,EQUIPMENT::LADDER,EQUIPMENT::LADDER
EQUIPMENT,EQUIPMENT::LANYARDS,EQUIPMENT::LANYARD,EQUIPMENT::LANYARD
EQUIPMENT,EQUIPMENT::LASHINGS,EQUIPMENT::LASHING,EQUIPMENT::LASHING
EQUIPMENT,EQUIPMENT::LEAD,EQUIPMENT::LEADS,EQUIPMENT::LEAD
EQUIPMENT,EQUIPMENT::LED LIGHT,EQUIPMENT::LED LIGHTS,EQUIPMENT::LED LIGHT
EQUIPMENT,EQUIPMENT::LEDEFORKLIFTS,EQUIPMENT::LEDEFORKLIFT,EQUIPMENT::LEDEFORKLIFT
EQUIPMENT,EQUIPMENT::LEDGER,EQUIPMENT::LEDGERS,EQUIPMENT::LEDGER
EQUIPMENT,EQUIPMENT::LEVER HOISTS,EQUIPMENT::LEVER HOIST,EQUIPMENT::LEVER HOIST
EQUIPMENT,EQUIPMENT::LIFE RAFTS,EQUIPMENT::LIFE RAFT,EQUIPMENT::LIFE RAFT
EQUIPMENT,EQUIPMENT::LIFEBOAT,EQUIPMENT::LIFEBOATS,EQUIPMENT::LIFEBOAT
EQUIPMENT,EQUIPMENT::LIFT,EQUIPMENT::LIFTS,EQUIPMENT::LIFT
EQUIPMENT,EQUIPMENT::LIFT BAGS,EQUIPMENT::LIFT BAG,EQUIPMENT::LIFT BAG
EQUIPMENT,EQUIPMENT::LIFTERS,EQUIPMENT::LIFTER,EQUIPMENT::LIFTER
EQUIPMENT,EQUIPMENT::LIFTING BARS,EQUIPMENT::LIFTING BAR,EQUIPMENT::LIFTING BAR
EQUIPMENT,EQUIPMENT::LIFTING BELT,EQUIPMENT::LIFTING BELTS,EQUIPMENT::LIFTING BELT
EQUIPMENT,EQUIPMENT::LIFTING CHAINS,EQUIPMENT::LIFTING CHAIN,EQUIPMENT::LIFTING CHAIN
EQUIPMENT,EQUIPMENT::LIFTING CLAMPS,EQUIPMENT::LIFTING CLAMP,EQUIPMENT::LIFTING CLAMP
EQUIPMENT,EQUIPMENT::LIFTING DEVICE,EQUIPMENT::LIFTING DEVICES,EQUIPMENT::LIFTING DEVICE
EQUIPMENT,EQUIPMENT::LIFTING EYES,EQUIPMENT::LIFTING EYE,EQUIPMENT::LIFTING EYE
EQUIPMENT,EQUIPMENT::LIFTING GEAR,EQUIPMENT::LIFTING GEARS,EQUIPMENT::LIFTING GEAR
EQUIPMENT,EQUIPMENT::LIFTING PUMP,EQUIPMENT::LIFTING PUMPS,EQUIPMENT::LIFTING PUMP
EQUIPMENT,EQUIPMENT::LIFTING SLINGS,EQUIPMENT::LIFTING SLING,EQUIPMENT::LIFTING SLING
EQUIPMENT,EQUIPMENT::LIFTING STRAPS,EQUIPMENT::LIFTING STRAP,EQUIPMENT::LIFTING STRAP
EQUIPMENT,EQUIPMENT::LIGHT,EQUIPMENT::LIGHTS,EQUIPMENT::LIGHT
EQUIPMENT,EQUIPMENT::LIGHTING CABLE,EQUIPMENT::LIGHTING CABLES,EQUIPMENT::LIGHTING CABLE
EQUIPMENT,EQUIPMENT::LINE,EQUIPMENT::LINES,EQUIPMENT::LINE
EQUIPMENT,EQUIPMENT::LOCATOR,EQUIPMENT::LOCATORS,EQUIPMENT::LOCATOR
EQUIPMENT,EQUIPMENT::LOGIC CAPS,EQUIPMENT::LOGIC CAP,EQUIPMENT::LOGIC CAP
EQUIPMENT,EQUIPMENT::LOW PRESSURE HOSE,EQUIPMENT::LOW PRESSURE HOSES,EQUIPMENT::LOW PRESSURE HOSE
EQUIPMENT,EQUIPMENT::LUVA,EQUIPMENT::LUVAS,EQUIPMENT::LUVA
EQUIPMENT,EQUIPMENT::MACGREGOR CRANES,EQUIPMENT::MACGREGOR CRANE,EQUIPMENT::MACGREGOR CRANE
EQUIPMENT,EQUIPMENT::MAGNETIC LIFTERS,EQUIPMENT::MAGNETIC LIFTER,EQUIPMENT::MAGNETIC LIFTER
EQUIPMENT,EQUIPMENT::MANIFOLD VALVES,EQUIPMENT::MANIFOLD VALVE,EQUIPMENT::MANIFOLD VALVE
EQUIPMENT,EQUIPMENT::MANILES,EQUIPMENT::MANILE,EQUIPMENT::MANILE
EQUIPMENT,EQUIPMENT::MANOMETERS,EQUIPMENT::MANOMETER,EQUIPMENT::MANOMETER
EQUIPMENT,EQUIPMENT::MANUAL TOOL,EQUIPMENT::MANUAL TOOLS,EQUIPMENT::MANUAL TOOL
EQUIPMENT,EQUIPMENT::MANUAL VALVE,EQUIPMENT::MANUAL VALVES,EQUIPMENT::MANUAL VALVE
EQUIPMENT,EQUIPMENT::MASTER LINKS,EQUIPMENT::MASTER LINK,EQUIPMENT::MASTER LINK
EQUIPMENT,EQUIPMENT::MASTER MOVERS,EQUIPMENT::MASTER MOVER,EQUIPMENT::MASTER MOVER
EQUIPMENT,EQUIPMENT::MASTER VALVE,EQUIPMENT::MASTER VALVES,EQUIPMENT::MASTER VALVE
EQUIPMENT,EQUIPMENT::MEASURING TAPES,EQUIPMENT::MEASURING TAPE,EQUIPMENT::MEASURING TAPE
EQUIPMENT,EQUIPMENT::METAL CHANNELS,EQUIPMENT::METAL CHANNEL,EQUIPMENT::METAL CHANNEL
EQUIPMENT,EQUIPMENT::METAL PLATES,EQUIPMENT::METAL PLATE,EQUIPMENT::METAL PLATE
EQUIPMENT,EQUIPMENT::MEWPS,EQUIPMENT::MEWP,EQUIPMENT::MEWP
EQUIPMENT,EQUIPMENT::MINIMESS  HOSE,EQUIPMENT::MINIMESS HOSE,EQUIPMENT::MINIMESS  HOSE
EQUIPMENT,EQUIPMENT::MIRROR,EQUIPMENT::MIRRORS,EQUIPMENT::MIRROR
EQUIPMENT,EQUIPMENT::MLP,EQUIPMENT::MLPS,EQUIPMENT::MLP
EQUIPMENT,EQUIPMENT::MOLDS,EQUIPMENT::MOLD,EQUIPMENT::MOLD
EQUIPMENT,EQUIPMENT::MONITOR,EQUIPMENT::MONITORS,EQUIPMENT::MONITOR
EQUIPMENT,EQUIPMENT::MONORAILS,EQUIPMENT::MONORAIL,EQUIPMENT::MONORAIL
EQUIPMENT,EQUIPMENT::MOORING LINES,EQUIPMENT::MOORING LINE,EQUIPMENT::MOORING LINE
EQUIPMENT,EQUIPMENT::MOORING ROPES,EQUIPMENT::MOORING ROPE,EQUIPMENT::MOORING ROPE
EQUIPMENT,EQUIPMENT::MOP,EQUIPMENT::MOPS,EQUIPMENT::MOP
EQUIPMENT,EQUIPMENT::MOTORS,EQUIPMENT::MOTOR,EQUIPMENT::MOTOR
EQUIPMENT,EQUIPMENT::MQCS,EQUIPMENT::MQC,EQUIPMENT::MQC
EQUIPMENT,EQUIPMENT::MUG,EQUIPMENT::MUGS,EQUIPMENT::MUG
EQUIPMENT,EQUIPMENT::NEEDLE VALVES,EQUIPMENT::NEEDLE VALVE,EQUIPMENT::NEEDLE VALVE
EQUIPMENT,EQUIPMENT::NITROGEN CYLINDERS,EQUIPMENT::NITROGEN CYLINDER,EQUIPMENT::NITROGEN CYLINDER
EQUIPMENT,EQUIPMENT::O RINGS,EQUIPMENT::O RING,EQUIPMENT::O RING
EQUIPMENT,EQUIPMENT::ODOM WEIGHTS,EQUIPMENT::ODOM WEIGHT,EQUIPMENT::ODOM WEIGHT
EQUIPMENT,EQUIPMENT::OHPLS,EQUIPMENT::OHPL,EQUIPMENT::OHPL
EQUIPMENT,EQUIPMENT::ONE TON SLINGS,EQUIPMENT::ONE TON SLING,EQUIPMENT::ONE TON SLING
EQUIPMENT,EQUIPMENT::OUTRIGGER,EQUIPMENT::OUTRIGGERS,EQUIPMENT::OUTRIGGER
EQUIPMENT,EQUIPMENT::OUTRIGGER PADS,EQUIPMENT::OUTRIGGER PAD,EQUIPMENT::OUTRIGGER PAD
EQUIPMENT,EQUIPMENT::OVENS,EQUIPMENT::OVEN,EQUIPMENT::OVEN
EQUIPMENT,EQUIPMENT::OVERHEAD CRANES,EQUIPMENT::OVERHEAD CRANE,EQUIPMENT::OVERHEAD CRANE
EQUIPMENT,EQUIPMENT::OXYGEN CYLINDER,EQUIPMENT::OXYGEN CYLINDERS,EQUIPMENT::OXYGEN CYLINDER
EQUIPMENT,EQUIPMENT::PAD,EQUIPMENT::PADS,EQUIPMENT::PAD
EQUIPMENT,EQUIPMENT::PAD EYE,EQUIPMENT::PAD EYES,EQUIPMENT::PAD EYE
EQUIPMENT,EQUIPMENT::PAD-EYE,EQUIPMENT::PAD-EYES,EQUIPMENT::PAD-EYE
EQUIPMENT,EQUIPMENT::PADDLES,EQUIPMENT::PADDLE,EQUIPMENT::PADDLE
EQUIPMENT,EQUIPMENT::PALETTES,EQUIPMENT::PALETTE,EQUIPMENT::PALETTE
EQUIPMENT,EQUIPMENT::PALLETS,EQUIPMENT::PALLET,EQUIPMENT::PALLET
EQUIPMENT,EQUIPMENT::PALLET JACKS,EQUIPMENT::PALLET JACK,EQUIPMENT::PALLET JACK
EQUIPMENT,EQUIPMENT::PALLET RACK,EQUIPMENT::PALLET RACKS,EQUIPMENT::PALLET RACK
EQUIPMENT,EQUIPMENT::PARALLEL RACK,EQUIPMENT::PARALLEL RACKS,EQUIPMENT::PARALLEL RACK
EQUIPMENT,EQUIPMENT::PARKER HOSES,EQUIPMENT::PARKER HOSE,EQUIPMENT::PARKER HOSE
EQUIPMENT,EQUIPMENT::PHONE PLUGS,EQUIPMENT::PHONE PLUG,EQUIPMENT::PHONE PLUG
EQUIPMENT,EQUIPMENT::PILING RIG,EQUIPMENT::PILING RIGS,EQUIPMENT::PILING RIG
EQUIPMENT,EQUIPMENT::PIPES,EQUIPMENT::PIPE,EQUIPMENT::PIPE
EQUIPMENT,EQUIPMENT::PIPE CLAMP,EQUIPMENT::PIPE CLAMPS,EQUIPMENT::PIPE CLAMP
EQUIPMENT,EQUIPMENT::PIPE GRAB,EQUIPMENT::PIPE GRABS,EQUIPMENT::PIPE GRAB
EQUIPMENT,EQUIPMENT::PIPE RACKS,EQUIPMENT::PIPE RACK,EQUIPMENT::PIPE RACK
EQUIPMENT,EQUIPMENT::PIPE SPOOLS,EQUIPMENT::PIPE SPOOL,EQUIPMENT::PIPE SPOOL
EQUIPMENT,EQUIPMENT::PIPE STANDS,EQUIPMENT::PIPE STAND,EQUIPMENT::PIPE STAND
EQUIPMENT,EQUIPMENT::PIPE SUPPORTS,EQUIPMENT::PIPE SUPPORT,EQUIPMENT::PIPE SUPPORT
EQUIPMENT,EQUIPMENT::PISTON ACCUMULATORS,EQUIPMENT::PISTON ACCUMULATOR,EQUIPMENT::PISTON ACCUMULATOR
EQUIPMENT,EQUIPMENT::PLASTER,EQUIPMENT::PLASTERS,EQUIPMENT::PLASTER
EQUIPMENT,EQUIPMENT::PLASTIC PIPE,EQUIPMENT::PLASTIC PIPES,EQUIPMENT::PLASTIC PIPE
EQUIPMENT,EQUIPMENT::PLATES,EQUIPMENT::PLATE,EQUIPMENT::PLATE
EQUIPMENT,EQUIPMENT::PLATE CLAMP,EQUIPMENT::PLATE CLAMPS,EQUIPMENT::PLATE CLAMP
EQUIPMENT,EQUIPMENT::PLIERS,EQUIPMENT::PLIER,EQUIPMENT::PLIER
EQUIPMENT,EQUIPMENT::PNEUMATIC GRINDERS,EQUIPMENT::PNEUMATIC GRINDER,EQUIPMENT::PNEUMATIC GRINDER
EQUIPMENT,EQUIPMENT::PNEUMATIC TOOLS,EQUIPMENT::PNEUMATIC TOOL,EQUIPMENT::PNEUMATIC TOOL
EQUIPMENT,EQUIPMENT::PODS,EQUIPMENT::POD,EQUIPMENT::POD
EQUIPMENT,EQUIPMENT::POLYESTER SLING,EQUIPMENT::POLYESTER SLINGS,EQUIPMENT::POLYESTER SLING
EQUIPMENT,EQUIPMENT::POP UP ROLLERS,EQUIPMENT::POP UP ROLLER,EQUIPMENT::POP UP ROLLER
EQUIPMENT,EQUIPMENT::PORTABLE FIRE EXTINGUISHERS,EQUIPMENT::PORTABLE FIRE EXTINGUISHER,EQUIPMENT::PORTABLE FIRE EXTINGUISHER
EQUIPMENT,EQUIPMENT::POTS,EQUIPMENT::POT,EQUIPMENT::POT
EQUIPMENT,EQUIPMENT::POWER CABLES,EQUIPMENT::POWER CABLE,EQUIPMENT::POWER CABLE
EQUIPMENT,EQUIPMENT::PPES,EQUIPMENT::PPE,EQUIPMENT::PPE
EQUIPMENT,EQUIPMENT::PRESS MACHINE,EQUIPMENT::PRESS MACHINES,EQUIPMENT::PRESS MACHINE
EQUIPMENT,EQUIPMENT::PRESSURE GAUGES,EQUIPMENT::PRESSURE GAUGE,EQUIPMENT::PRESSURE GAUGE
EQUIPMENT,EQUIPMENT::PRESSURE HOSES,EQUIPMENT::PRESSURE HOSE,EQUIPMENT::PRESSURE HOSE
EQUIPMENT,EQUIPMENT::PRINTERS,EQUIPMENT::PRINTER,EQUIPMENT::PRINTER
EQUIPMENT,EQUIPMENT::PROPELLER,EQUIPMENT::PROPELLERS,EQUIPMENT::PROPELLER
EQUIPMENT,EQUIPMENT::PULL LIFTS,EQUIPMENT::PULL LIFT,EQUIPMENT::PULL LIFT
EQUIPMENT,EQUIPMENT::PULLEYS,EQUIPMENT::PULLEY,EQUIPMENT::PULLEY
EQUIPMENT,EQUIPMENT::PULLING HEADS,EQUIPMENT::PULLING HEAD,EQUIPMENT::PULLING HEAD
EQUIPMENT,EQUIPMENT::PUMPS,EQUIPMENT::PUMP,EQUIPMENT::PUMP
EQUIPMENT,EQUIPMENT::PUMP HOSES,EQUIPMENT::PUMP HOSE,EQUIPMENT::PUMP HOSE
EQUIPMENT,EQUIPMENT::PUMP TRUCKS,EQUIPMENT::PUMP TRUCK,EQUIPMENT::PUMP TRUCK
EQUIPMENT,EQUIPMENT::PUP JOINTS,EQUIPMENT::PUP JOINT,EQUIPMENT::PUP JOINT
EQUIPMENT,EQUIPMENT::PURGE LINE,EQUIPMENT::PURGE LINES,EQUIPMENT::PURGE LINE
EQUIPMENT,EQUIPMENT::RACKS,EQUIPMENT::RACK,EQUIPMENT::RACK
EQUIPMENT,EQUIPMENT::RADIO,EQUIPMENT::RADIOS,EQUIPMENT::RADIO
EQUIPMENT,EQUIPMENT::RAM,EQUIPMENT::RAMS,EQUIPMENT::RAM
EQUIPMENT,EQUIPMENT::RATCHETS,EQUIPMENT::RATCHET,EQUIPMENT::RATCHET
EQUIPMENT,EQUIPMENT::RATCHET STRAPS,EQUIPMENT::RATCHET STRAP,EQUIPMENT::RATCHET STRAP
EQUIPMENT,EQUIPMENT::REELS,EQUIPMENT::REEL,EQUIPMENT::REEL
EQUIPMENT,EQUIPMENT::RELIEF VALVES,EQUIPMENT::RELIEF VALVE,EQUIPMENT::RELIEF VALVE
EQUIPMENT,EQUIPMENT::RIG HANDS,EQUIPMENT::RIG HAND,EQUIPMENT::RIG HAND
EQUIPMENT,EQUIPMENT::RISERS,EQUIPMENT::RISER,EQUIPMENT::RISER
EQUIPMENT,EQUIPMENT::ROLLERS,EQUIPMENT::ROLLER,EQUIPMENT::ROLLER
EQUIPMENT,EQUIPMENT::ROLLER PATH,EQUIPMENT::ROLLER PATHS,EQUIPMENT::ROLLER PATH
EQUIPMENT,EQUIPMENT::ROLLER SYSTEMS,EQUIPMENT::ROLLER SYSTEM,EQUIPMENT::ROLLER SYSTEM
EQUIPMENT,EQUIPMENT::ROPES,EQUIPMENT::ROPE,EQUIPMENT::ROPE
EQUIPMENT,EQUIPMENT::ROVS,EQUIPMENT::ROV,EQUIPMENT::ROV
EQUIPMENT,EQUIPMENT::ROV COMPENSATOR,EQUIPMENT::ROV COMPENSATORS,EQUIPMENT::ROV COMPENSATOR
EQUIPMENT,EQUIPMENT::ROV CONTROL CONTAINERS,EQUIPMENT::ROV CONTROL CONTAINER,EQUIPMENT::ROV CONTROL CONTAINER
EQUIPMENT,EQUIPMENT::ROV GRAB BARS,EQUIPMENT::ROV GRAB BAR,EQUIPMENT::ROV GRAB BAR
EQUIPMENT,EQUIPMENT::ROV HANGERS,EQUIPMENT::ROV HANGER,EQUIPMENT::ROV HANGER
EQUIPMENT,EQUIPMENT::ROV HOOKS,EQUIPMENT::ROV HOOK,EQUIPMENT::ROV HOOK
EQUIPMENT,EQUIPMENT::ROV LOCKING PINS,EQUIPMENT::ROV LOCKING PIN,EQUIPMENT::ROV LOCKING PIN
EQUIPMENT,EQUIPMENT::ROV PANELS,EQUIPMENT::ROV PANEL,EQUIPMENT::ROV PANEL
EQUIPMENT,EQUIPMENT::ROV SHACKLES,EQUIPMENT::ROV SHACKLE,EQUIPMENT::ROV SHACKLE
EQUIPMENT,EQUIPMENT::ROV SYSTEMS,EQUIPMENT::ROV SYSTEM,EQUIPMENT::ROV SYSTEM
EQUIPMENT,EQUIPMENT::RUBBER DOOR,EQUIPMENT::RUBBER DOORS,EQUIPMENT::RUBBER DOOR
EQUIPMENT,EQUIPMENT::SABOTS,EQUIPMENT::SABOT,EQUIPMENT::SABOT
EQUIPMENT,EQUIPMENT::SADDLES,EQUIPMENT::SADDLE,EQUIPMENT::SADDLE
EQUIPMENT,EQUIPMENT::SAFETY BARRIER,EQUIPMENT::SAFETY BARRIERS,EQUIPMENT::SAFETY BARRIER
EQUIPMENT,EQUIPMENT::SAFETY CHAINS,EQUIPMENT::SAFETY CHAIN,EQUIPMENT::SAFETY CHAIN
EQUIPMENT,EQUIPMENT::SAFETY CLIP,EQUIPMENT::SAFETY CLIPS,EQUIPMENT::SAFETY CLIP
EQUIPMENT,EQUIPMENT::SAFETY CONE,EQUIPMENT::SAFETY CONES,EQUIPMENT::SAFETY CONE
EQUIPMENT,EQUIPMENT::SAFETY GOGGLE,EQUIPMENT::SAFETY GOGGLES,EQUIPMENT::SAFETY GOGGLE
EQUIPMENT,EQUIPMENT::SAFETY LINK,EQUIPMENT::SAFETY LINKS,EQUIPMENT::SAFETY LINK
EQUIPMENT,EQUIPMENT::SAFETY SHOE,EQUIPMENT::SAFETY SHOES,EQUIPMENT::SAFETY SHOE
EQUIPMENT,EQUIPMENT::SAFETY VALVE,EQUIPMENT::SAFETY VALVES,EQUIPMENT::SAFETY VALVE
EQUIPMENT,EQUIPMENT::SAND BAG,EQUIPMENT::SAND BAGS,EQUIPMENT::SAND BAG
EQUIPMENT,EQUIPMENT::SANDWICH PANEL,EQUIPMENT::SANDWICH PANELS,EQUIPMENT::SANDWICH PANEL
EQUIPMENT,EQUIPMENT::SAVE-ALL,EQUIPMENT::SAVE-ALLS,EQUIPMENT::SAVE-ALL
EQUIPMENT,EQUIPMENT::SCAFFOLDS,EQUIPMENT::SCAFFOLD,EQUIPMENT::SCAFFOLD
EQUIPMENT,EQUIPMENT::SCAFFOLD BARRICADES,EQUIPMENT::SCAFFOLD BARRICADE,EQUIPMENT::SCAFFOLD BARRICADE
EQUIPMENT,EQUIPMENT::SCAFFOLD BOARD,EQUIPMENT::SCAFFOLD BOARDS,EQUIPMENT::SCAFFOLD BOARD
EQUIPMENT,EQUIPMENT::SCAFFOLD CLAMPS,EQUIPMENT::SCAFFOLD CLAMP,EQUIPMENT::SCAFFOLD CLAMP
EQUIPMENT,EQUIPMENT::SCAFFOLD ELEMENT,EQUIPMENT::SCAFFOLD ELEMENTS,EQUIPMENT::SCAFFOLD ELEMENT
EQUIPMENT,EQUIPMENT::SCAFFOLD PIPES,EQUIPMENT::SCAFFOLD PIPE,EQUIPMENT::SCAFFOLD PIPE
EQUIPMENT,EQUIPMENT::SCAFFOLD PLANK,EQUIPMENT::SCAFFOLD PLANKS,EQUIPMENT::SCAFFOLD PLANK
EQUIPMENT,EQUIPMENT::SCAFFOLD POLES,EQUIPMENT::SCAFFOLD POLE,EQUIPMENT::SCAFFOLD POLE
EQUIPMENT,EQUIPMENT::SCAFFOLD SECTION,EQUIPMENT::SCAFFOLD SECTIONS,EQUIPMENT::SCAFFOLD SECTION
EQUIPMENT,EQUIPMENT::SCAFFOLD STANDARDS,EQUIPMENT::SCAFFOLD STANDARD,EQUIPMENT::SCAFFOLD STANDARD
EQUIPMENT,EQUIPMENT::SCAFFOLD TUBES,EQUIPMENT::SCAFFOLD TUBE,EQUIPMENT::SCAFFOLD TUBE
EQUIPMENT,EQUIPMENT::SCAFFOLDINGS,EQUIPMENT::SCAFFOLDING,EQUIPMENT::SCAFFOLDING
EQUIPMENT,EQUIPMENT::SCAFFOLDING BOARDS,EQUIPMENT::SCAFFOLDING BOARD,EQUIPMENT::SCAFFOLDING BOARD
EQUIPMENT,EQUIPMENT::SCAFFOLDING CLAMPS,EQUIPMENT::SCAFFOLDING CLAMP,EQUIPMENT::SCAFFOLDING CLAMP
EQUIPMENT,EQUIPMENT::SCAFFOLDING ELEMENTS,EQUIPMENT::SCAFFOLDING ELEMENT,EQUIPMENT::SCAFFOLDING ELEMENT
EQUIPMENT,EQUIPMENT::SCAFFOLDING TUBE,EQUIPMENT::SCAFFOLDING TUBES,EQUIPMENT::SCAFFOLDING TUBE
EQUIPMENT,EQUIPMENT::SCBAS,EQUIPMENT::SCBA,EQUIPMENT::SCBA
EQUIPMENT,EQUIPMENT::SCISSOR,EQUIPMENT::SCISSORS,EQUIPMENT::SCISSOR
EQUIPMENT,EQUIPMENT::SCREEN,EQUIPMENT::SCREENS,EQUIPMENT::SCREEN
EQUIPMENT,EQUIPMENT::SCREW,EQUIPMENT::SCREWS,EQUIPMENT::SCREW
EQUIPMENT,EQUIPMENT::SEA FASTENING,EQUIPMENT::SEA FASTENINGS,EQUIPMENT::SEA FASTENING
EQUIPMENT,EQUIPMENT::SEAL,EQUIPMENT::SEALS,EQUIPMENT::SEAL
EQUIPMENT,EQUIPMENT::SEATS,EQUIPMENT::SEAT,EQUIPMENT::SEAT
EQUIPMENT,EQUIPMENT::SEAT BELT,EQUIPMENT::SEAT BELTS,EQUIPMENT::SEAT BELT
EQUIPMENT,EQUIPMENT::SELMERS SYSTEM,EQUIPMENT::SELMERS SYSTEMS,EQUIPMENT::SELMERS SYSTEM
EQUIPMENT,EQUIPMENT::SENSORS,EQUIPMENT::SENSOR,EQUIPMENT::SENSOR
EQUIPMENT,EQUIPMENT::SERVICE HOSE,EQUIPMENT::SERVICE HOSES,EQUIPMENT::SERVICE HOSE
EQUIPMENT,EQUIPMENT::SERVICE TRUCKS,EQUIPMENT::SERVICE TRUCK,EQUIPMENT::SERVICE TRUCK
EQUIPMENT,EQUIPMENT::SFL REELS,EQUIPMENT::SFL REEL,EQUIPMENT::SFL REEL
EQUIPMENT,EQUIPMENT::SHACKLES,EQUIPMENT::SHACKLE,EQUIPMENT::SHACKLE
EQUIPMENT,EQUIPMENT::SHAFTS,EQUIPMENT::SHAFT,EQUIPMENT::SHAFT
EQUIPMENT,EQUIPMENT::SHIM,EQUIPMENT::SHIMS,EQUIPMENT::SHIM
EQUIPMENT,EQUIPMENT::SHOES,EQUIPMENT::SHOE,EQUIPMENT::SHOE
EQUIPMENT,EQUIPMENT::SHOVELS,EQUIPMENT::SHOVEL,EQUIPMENT::SHOVEL
EQUIPMENT,EQUIPMENT::SIDE BOOMS,EQUIPMENT::SIDE BOOM,EQUIPMENT::SIDE BOOM
EQUIPMENT,EQUIPMENT::SIDE-BOOMS,EQUIPMENT::SIDE-BOOM,EQUIPMENT::SIDE-BOOM
EQUIPMENT,EQUIPMENT::SIDEBOOMS,EQUIPMENT::SIDEBOOM,EQUIPMENT::SIDEBOOM
EQUIPMENT,EQUIPMENT::SKIDS,EQUIPMENT::SKID,EQUIPMENT::SKID
EQUIPMENT,EQUIPMENT::SLEDGES,EQUIPMENT::SLEDGE,EQUIPMENT::SLEDGE
EQUIPMENT,EQUIPMENT::SLEDGE HAMMERS,EQUIPMENT::SLEDGE HAMMER,EQUIPMENT::SLEDGE HAMMER
EQUIPMENT,EQUIPMENT::SLINGS,EQUIPMENT::SLING,EQUIPMENT::SLING
EQUIPMENT,EQUIPMENT::SMOKE DETECTORS,EQUIPMENT::SMOKE DETECTOR,EQUIPMENT::SMOKE DETECTOR
EQUIPMENT,EQUIPMENT::SOCKETS,EQUIPMENT::SOCKET,EQUIPMENT::SOCKET
EQUIPMENT,EQUIPMENT::SOFT SLINGS,EQUIPMENT::SOFT SLING,EQUIPMENT::SOFT SLING
EQUIPMENT,EQUIPMENT::SOPEP KITS,EQUIPMENT::SOPEP KIT,EQUIPMENT::SOPEP KIT
EQUIPMENT,EQUIPMENT::SOPEP PAD,EQUIPMENT::SOPEP PADS,EQUIPMENT::SOPEP PAD
EQUIPMENT,EQUIPMENT::SPACERS,EQUIPMENT::SPACER,EQUIPMENT::SPACER
EQUIPMENT,EQUIPMENT::SPARE TERMINAL,EQUIPMENT::SPARE TERMINALS,EQUIPMENT::SPARE TERMINAL
EQUIPMENT,EQUIPMENT::SPILL KIT,EQUIPMENT::SPILL KITS,EQUIPMENT::SPILL KIT
EQUIPMENT,EQUIPMENT::SPLINTS,EQUIPMENT::SPLINT,EQUIPMENT::SPLINT
EQUIPMENT,EQUIPMENT::SPOOLS,EQUIPMENT::SPOOL,EQUIPMENT::SPOOL
EQUIPMENT,EQUIPMENT::SPOOL PIECES,EQUIPMENT::SPOOL PIECE,EQUIPMENT::SPOOL PIECE
EQUIPMENT,EQUIPMENT::SPOTLIGHT,EQUIPMENT::SPOTLIGHTS,EQUIPMENT::SPOTLIGHT
EQUIPMENT,EQUIPMENT::SPOTTERS,EQUIPMENT::SPOTTER,EQUIPMENT::SPOTTER
EQUIPMENT,EQUIPMENT::SPREADER BARS,EQUIPMENT::SPREADER BAR,EQUIPMENT::SPREADER BAR
EQUIPMENT,EQUIPMENT::SPRING STACK,EQUIPMENT::SPRING STACKS,EQUIPMENT::SPRING STACK
EQUIPMENT,EQUIPMENT::SQUEEGEES,EQUIPMENT::SQUEEGEE,EQUIPMENT::SQUEEGEE
EQUIPMENT,EQUIPMENT::STACKERS,EQUIPMENT::STACKER,EQUIPMENT::STACKER
EQUIPMENT,EQUIPMENT::STEAM HOSES,EQUIPMENT::STEAM HOSE,EQUIPMENT::STEAM HOSE
EQUIPMENT,EQUIPMENT::STEEL BEAMS,EQUIPMENT::STEEL BEAM,EQUIPMENT::STEEL BEAM
EQUIPMENT,EQUIPMENT::STEEL CLAMPS,EQUIPMENT::STEEL CLAMP,EQUIPMENT::STEEL CLAMP
EQUIPMENT,EQUIPMENT::STEEL PLATES,EQUIPMENT::STEEL PLATE,EQUIPMENT::STEEL PLATE
EQUIPMENT,EQUIPMENT::STENTS,EQUIPMENT::STENT,EQUIPMENT::STENT
EQUIPMENT,EQUIPMENT::STEP LADDERS,EQUIPMENT::STEP LADDER,EQUIPMENT::STEP LADDER
EQUIPMENT,EQUIPMENT::STOPPER,EQUIPMENT::STOPPERS,EQUIPMENT::STOPPER
EQUIPMENT,EQUIPMENT::STORAGE RACKS,EQUIPMENT::STORAGE RACK,EQUIPMENT::STORAGE RACK
EQUIPMENT,EQUIPMENT::STRETCHERS,EQUIPMENT::STRETCHER,EQUIPMENT::STRETCHER
EQUIPMENT,EQUIPMENT::STROPS,EQUIPMENT::STROP,EQUIPMENT::STROP
EQUIPMENT,EQUIPMENT::STUD,EQUIPMENT::STUDS,EQUIPMENT::STUD
EQUIPMENT,EQUIPMENT::SUN LOUNGERS,EQUIPMENT::SUN LOUNGER,EQUIPMENT::SUN LOUNGER
EQUIPMENT,EQUIPMENT::SUPPORTS,EQUIPMENT::SUPPORT,EQUIPMENT::SUPPORT
EQUIPMENT,EQUIPMENT::SWIVELS,EQUIPMENT::SWIVEL,EQUIPMENT::SWIVEL
EQUIPMENT,EQUIPMENT::SWIVEL HOISTS,EQUIPMENT::SWIVEL HOIST,EQUIPMENT::SWIVEL HOIST
EQUIPMENT,EQUIPMENT::SWIVEL HOIST RING,EQUIPMENT::SWIVEL HOIST RINGS,EQUIPMENT::SWIVEL HOIST RING
EQUIPMENT,EQUIPMENT::SYNTHETIC SLINGS,EQUIPMENT::SYNTHETIC SLING,EQUIPMENT::SYNTHETIC SLING
EQUIPMENT,EQUIPMENT::TABLES,EQUIPMENT::TABLE,EQUIPMENT::TABLE
EQUIPMENT,EQUIPMENT::TABULEIRO,EQUIPMENT::TABULEIROS,EQUIPMENT::TABULEIRO
EQUIPMENT,EQUIPMENT::TAG LINES,EQUIPMENT::TAG LINE,EQUIPMENT::TAG LINE
EQUIPMENT,EQUIPMENT::TAGLINES,EQUIPMENT::TAGLINE,EQUIPMENT::TAGLINE
EQUIPMENT,EQUIPMENT::TAMBOURS,EQUIPMENT::TAMBOUR,EQUIPMENT::TAMBOUR
EQUIPMENT,EQUIPMENT::TANK,EQUIPMENT::TANKS,EQUIPMENT::TANK
EQUIPMENT,EQUIPMENT::TARPS,EQUIPMENT::TARP,EQUIPMENT::TARP
EQUIPMENT,EQUIPMENT::TARPAULINS,EQUIPMENT::TARPAULIN,EQUIPMENT::TARPAULIN
EQUIPMENT,EQUIPMENT::TAUT WIRE,EQUIPMENT::TAUT WIRES,EQUIPMENT::TAUT WIRE
EQUIPMENT,EQUIPMENT::TEMPORARY BLIND,EQUIPMENT::TEMPORARY BLINDS,EQUIPMENT::TEMPORARY BLIND
EQUIPMENT,EQUIPMENT::TENSIONER,EQUIPMENT::TENSIONERS,EQUIPMENT::TENSIONER
EQUIPMENT,EQUIPMENT::TEST CAPS,EQUIPMENT::TEST CAP,EQUIPMENT::TEST CAP
EQUIPMENT,EQUIPMENT::TEST CELL DOORS,EQUIPMENT::TEST CELL DOOR,EQUIPMENT::TEST CELL DOOR
EQUIPMENT,EQUIPMENT::TEST FLANGE,EQUIPMENT::TEST FLANGES,EQUIPMENT::TEST FLANGE
EQUIPMENT,EQUIPMENT::TEXTILE SLINGS,EQUIPMENT::TEXTILE SLING,EQUIPMENT::TEXTILE SLING
EQUIPMENT,EQUIPMENT::THRUSTER,EQUIPMENT::THRUSTERS,EQUIPMENT::THRUSTER
EQUIPMENT,EQUIPMENT::TIE ROD,EQUIPMENT::TIE RODS,EQUIPMENT::TIE ROD
EQUIPMENT,EQUIPMENT::TIMBER PACKER,EQUIPMENT::TIMBER PACKERS,EQUIPMENT::TIMBER PACKER
EQUIPMENT,EQUIPMENT::TIRES,EQUIPMENT::TIRE,EQUIPMENT::TIRE
EQUIPMENT,EQUIPMENT::TOOLS,EQUIPMENT::TOOL,EQUIPMENT::TOOL
EQUIPMENT,EQUIPMENT::TOOL LANYARD,EQUIPMENT::TOOL LANYARDS,EQUIPMENT::TOOL LANYARD
EQUIPMENT,EQUIPMENT::TORQUE HEADS,EQUIPMENT::TORQUE HEAD,EQUIPMENT::TORQUE HEAD
EQUIPMENT,EQUIPMENT::TORQUE TOOLS,EQUIPMENT::TORQUE TOOL,EQUIPMENT::TORQUE TOOL
EQUIPMENT,EQUIPMENT::TPRS,EQUIPMENT::TPR,EQUIPMENT::TPR
EQUIPMENT,EQUIPMENT::TRACK HOES,EQUIPMENT::TRACK HOE,EQUIPMENT::TRACK HOE
EQUIPMENT,EQUIPMENT::TRAFFIC CONES,EQUIPMENT::TRAFFIC CONE,EQUIPMENT::TRAFFIC CONE
EQUIPMENT,EQUIPMENT::TRANSPONDERS,EQUIPMENT::TRANSPONDER,EQUIPMENT::TRANSPONDER
EQUIPMENT,EQUIPMENT::TRANSPORTATION SLING,EQUIPMENT::TRANSPORTATION SLINGS,EQUIPMENT::TRANSPORTATION SLING
EQUIPMENT,EQUIPMENT::TRAYS,EQUIPMENT::TRAY,EQUIPMENT::TRAY
EQUIPMENT,EQUIPMENT::TROLLEYS,EQUIPMENT::TROLLEY,EQUIPMENT::TROLLEY
EQUIPMENT,EQUIPMENT::TRUCKS,EQUIPMENT::TRUCK,EQUIPMENT::TRUCK
EQUIPMENT,EQUIPMENT::TUBE,EQUIPMENT::TUBES,EQUIPMENT::TUBE
EQUIPMENT,EQUIPMENT::TUBING HEADS,EQUIPMENT::TUBING HEAD,EQUIPMENT::TUBING HEAD
EQUIPMENT,EQUIPMENT::TUGGER,EQUIPMENT::TUGGERS,EQUIPMENT::TUGGER
EQUIPMENT,EQUIPMENT::TUGGER WIRES,EQUIPMENT::TUGGER WIRE,EQUIPMENT::TUGGER WIRE
EQUIPMENT,EQUIPMENT::TUMBLE DRYERS,EQUIPMENT::TUMBLE DRYER,EQUIPMENT::TUMBLE DRYER
EQUIPMENT,EQUIPMENT::TUNNEL THRUSTERS,EQUIPMENT::TUNNEL THRUSTER,EQUIPMENT::TUNNEL THRUSTER
EQUIPMENT,EQUIPMENT::TV CAR,EQUIPMENT::TV CARS,EQUIPMENT::TV CAR
EQUIPMENT,EQUIPMENT::TWO WHEELERS,EQUIPMENT::TWO WHEELER,EQUIPMENT::TWO WHEELER
EQUIPMENT,EQUIPMENT::UMBILICALS,EQUIPMENT::UMBILICAL,EQUIPMENT::UMBILICAL
EQUIPMENT,EQUIPMENT::UMBILICAL REELS,EQUIPMENT::UMBILICAL REEL,EQUIPMENT::UMBILICAL REEL
EQUIPMENT,EQUIPMENT::UNDER ROLLERS,EQUIPMENT::UNDER ROLLER,EQUIPMENT::UNDER ROLLER
EQUIPMENT,EQUIPMENT::UNDER-ROLLERS,EQUIPMENT::UNDER-ROLLER,EQUIPMENT::UNDER-ROLLER
EQUIPMENT,EQUIPMENT::UNDEROLLER,EQUIPMENT::UNDEROLLERS,EQUIPMENT::UNDEROLLER
EQUIPMENT,EQUIPMENT::UPPER TENSIONERS,EQUIPMENT::UPPER TENSIONER,EQUIPMENT::UPPER TENSIONER
EQUIPMENT,EQUIPMENT::UPPER TREE FRAME,EQUIPMENT::UPPER TREE FRAMES,EQUIPMENT::UPPER TREE FRAME
EQUIPMENT,EQUIPMENT::V ROLLER,EQUIPMENT::V ROLLERS,EQUIPMENT::V ROLLER
EQUIPMENT,EQUIPMENT::VALVES,EQUIPMENT::VALVE,EQUIPMENT::VALVE
EQUIPMENT,EQUIPMENT::VEHICLES,EQUIPMENT::VEHICLE,EQUIPMENT::VEHICLE
EQUIPMENT,EQUIPMENT::VENTILATION DUCT,EQUIPMENT::VENTILATION DUCTS,EQUIPMENT::VENTILATION DUCT
EQUIPMENT,EQUIPMENT::VERTICAL ROLLER,EQUIPMENT::VERTICAL ROLLERS,EQUIPMENT::VERTICAL ROLLER
EQUIPMENT,EQUIPMENT::VESSEL CRANES,EQUIPMENT::VESSEL CRANE,EQUIPMENT::VESSEL CRANE
EQUIPMENT,EQUIPMENT::VHAM REEL,EQUIPMENT::VHAM REELS,EQUIPMENT::VHAM REEL
EQUIPMENT,EQUIPMENT::VICES,EQUIPMENT::VICE,EQUIPMENT::VICE
EQUIPMENT,EQUIPMENT::VICE CLAMPS,EQUIPMENT::VICE CLAMP,EQUIPMENT::VICE CLAMP
EQUIPMENT,EQUIPMENT::VIREUR,EQUIPMENT::VIREURS,EQUIPMENT::VIREUR
EQUIPMENT,EQUIPMENT::VLS TENSIONERS,EQUIPMENT::VLS TENSIONER,EQUIPMENT::VLS TENSIONER
EQUIPMENT,EQUIPMENT::WASHING MACHINES,EQUIPMENT::WASHING MACHINE,EQUIPMENT::WASHING MACHINE
EQUIPMENT,EQUIPMENT::WATER PUMPS,EQUIPMENT::WATER PUMP,EQUIPMENT::WATER PUMP
EQUIPMENT,EQUIPMENT::WATER TRUCK,EQUIPMENT::WATER TRUCKS,EQUIPMENT::WATER TRUCK
EQUIPMENT,EQUIPMENT::WEB  SLING,EQUIPMENT::WEB SLING,EQUIPMENT::WEB  SLING
EQUIPMENT,EQUIPMENT::WEB SLINGS,EQUIPMENT::WEB SLING,EQUIPMENT::WEB  SLING
EQUIPMENT,EQUIPMENT::WEBBING SLINGS,EQUIPMENT::WEBBING SLING,EQUIPMENT::WEBBING SLING
EQUIPMENT,EQUIPMENT::WELDERS,EQUIPMENT::WELDER,EQUIPMENT::WELDER
EQUIPMENT,EQUIPMENT::WELDING CABINS,EQUIPMENT::WELDING CABIN,EQUIPMENT::WELDING CABIN
EQUIPMENT,EQUIPMENT::WELDING CABLES,EQUIPMENT::WELDING CABLE,EQUIPMENT::WELDING CABLE
EQUIPMENT,EQUIPMENT::WELDING FRAME,EQUIPMENT::WELDING FRAMES,EQUIPMENT::WELDING FRAME
EQUIPMENT,EQUIPMENT::WELDING GAUNTLET,EQUIPMENT::WELDING GAUNTLETS,EQUIPMENT::WELDING GAUNTLET
EQUIPMENT,EQUIPMENT::WELDING GLOVES,EQUIPMENT::WELDING GLOVE,EQUIPMENT::WELDING GLOVE
EQUIPMENT,EQUIPMENT::WELDING MACHINES,EQUIPMENT::WELDING MACHINE,EQUIPMENT::WELDING MACHINE
EQUIPMENT,EQUIPMENT::WELDING ROD,EQUIPMENT::WELDING RODS,EQUIPMENT::WELDING ROD
EQUIPMENT,EQUIPMENT::WELDING SUPPORTS,EQUIPMENT::WELDING SUPPORT,EQUIPMENT::WELDING SUPPORT
EQUIPMENT,EQUIPMENT::WELL SERVICE PUMPS,EQUIPMENT::WELL SERVICE PUMP,EQUIPMENT::WELL SERVICE PUMP
EQUIPMENT,EQUIPMENT::WELLFLEX LINE,EQUIPMENT::WELLFLEX LINES,EQUIPMENT::WELLFLEX LINE
EQUIPMENT,EQUIPMENT::WHEELS,EQUIPMENT::WHEEL,EQUIPMENT::WHEEL
EQUIPMENT,EQUIPMENT::WHIP CHECKS,EQUIPMENT::WHIP CHECK,EQUIPMENT::WHIP CHECK
EQUIPMENT,EQUIPMENT::WINCH DRUMS,EQUIPMENT::WINCH DRUM,EQUIPMENT::WINCH DRUM
EQUIPMENT,EQUIPMENT::WINCH WIRES,EQUIPMENT::WINCH WIRE,EQUIPMENT::WINCH WIRE
EQUIPMENT,EQUIPMENT::WING VALVE,EQUIPMENT::WING VALVES,EQUIPMENT::WING VALVE
EQUIPMENT,EQUIPMENT::WIRES,EQUIPMENT::WIRE,EQUIPMENT::WIRE
EQUIPMENT,EQUIPMENT::WIRE REEL,EQUIPMENT::WIRE REELS,EQUIPMENT::WIRE REEL
EQUIPMENT,EQUIPMENT::WIRE ROPE SLINGS,EQUIPMENT::WIRE ROPE SLING,EQUIPMENT::WIRE ROPE SLING
EQUIPMENT,EQUIPMENT::WIRE SLINGS,EQUIPMENT::WIRE SLING,EQUIPMENT::WIRE SLING
EQUIPMENT,EQUIPMENT::WIRE WINDER,EQUIPMENT::WIRE WINDERS,EQUIPMENT::WIRE WINDER
EQUIPMENT,EQUIPMENT::WOODEN CRATES,EQUIPMENT::WOODEN CRATE,EQUIPMENT::WOODEN CRATE
EQUIPMENT,EQUIPMENT::WOODEN PACKER,EQUIPMENT::WOODEN PACKERS,EQUIPMENT::WOODEN PACKER
EQUIPMENT,EQUIPMENT::WOODEN PALLETS,EQUIPMENT::WOODEN PALLET,EQUIPMENT::WOODEN PALLET
EQUIPMENT,EQUIPMENT::WOODEN SKID,EQUIPMENT::WOODEN SKIDS,EQUIPMENT::WOODEN SKID
EQUIPMENT,EQUIPMENT::WOODEN WEDGES,EQUIPMENT::WOODEN WEDGE,EQUIPMENT::WOODEN WEDGE
EQUIPMENT,EQUIPMENT::WORK BOOT,EQUIPMENT::WORK BOOTS,EQUIPMENT::WORK BOOT
EQUIPMENT,EQUIPMENT::WORKSCOPES,EQUIPMENT::WORKSCOPE,EQUIPMENT::WORKSCOPE
EQUIPMENT,EQUIPMENT::WORKSTATIONS,EQUIPMENT::WORKSTATION,EQUIPMENT::WORKSTATION
EQUIPMENT,EQUIPMENT::X RAYS,EQUIPMENT::X RAY,EQUIPMENT::X RAY
EQUIPMENT,EQUIPMENT::X-RAYS,EQUIPMENT::X-RAY,EQUIPMENT::X-RAY
EQUIPMENT,EQUIPMENT::XRAYS,EQUIPMENT::XRAY,EQUIPMENT::XRAY
EQUIPMENT,EQUIPMENT::YOKOHAMA FENDERS,EQUIPMENT::YOKOHAMA FENDER,EQUIPMENT::YOKOHAMA FENDER
EQUIPMENT,EQUIPMENT::Z-PURLIN,EQUIPMENT::Z-PURLINS,EQUIPMENT::Z-PURLIN
ORGANIZATION,ORGANIZATION::3RD LEVEL SOGAZ-MEDSERVIS LLC,ORGANIZATION::3RD LEVEL SOGAZ-MEDSERVIS,ORGANIZATION::3RD LEVEL SOGAZ-MEDSERVIS
ORGANIZATION,ORGANIZATION::?VELESSTROYMONTAZH? LLC,ORGANIZATION::LLC ?VELESSTROYMONTAZH?,ORGANIZATION::?VELESSTROYMONTAZH? LLC
ORGANIZATION,ORGANIZATION::BP TRINIDAD & TOBAGO,ORGANIZATION::BP TRINIDAD & TOBAGO LLC,ORGANIZATION::BP TRINIDAD & TOBAGO
ORGANIZATION,ORGANIZATION::LLC CD,ORGANIZATION::CD,ORGANIZATION::CD
ORGANIZATION,ORGANIZATION::CENOVUS ENERGY,ORGANIZATION::CENOVUS ENERGY INC.,ORGANIZATION::CENOVUS ENERGY
ORGANIZATION,ORGANIZATION::CHS,ORGANIZATION::CHS INC.,ORGANIZATION::CHS
ORGANIZATION,ORGANIZATION::CONSTRUCTION MANAGER AND SAFETY,ORGANIZATION::CONSTRUCTION AND SAFETY MANAGER,ORGANIZATION::CONSTRUCTION AND SAFETY MANAGER
ORGANIZATION,ORGANIZATION::CONTRACTOR TEAM INC.,ORGANIZATION::CONTRACTOR TEAM,ORGANIZATION::CONTRACTOR TEAM
ORGANIZATION,ORGANIZATION::CORE INDUSTRIES,ORGANIZATION::CORE INDUSTRIES INC.,ORGANIZATION::CORE INDUSTRIES
ORGANIZATION,ORGANIZATION::CREW ENERGY,ORGANIZATION::CREW ENERGY INC,ORGANIZATION::CREW ENERGY
ORGANIZATION,ORGANIZATION::ENQUEST,ORGANIZATION::ENQUEST PLC,ORGANIZATION::ENQUEST
ORGANIZATION,ORGANIZATION::FLEXI FRANCE SAS,ORGANIZATION::FLEXI FRANCE,ORGANIZATION::FLEXI FRANCE
ORGANIZATION,ORGANIZATION::FMC TECHNOLOGIES LTD,ORGANIZATION::FMC TECHNOLOGIES,ORGANIZATION::FMC
ORGANIZATION,ORGANIZATION::FMC,ORGANIZATION::FMC TECHNOLOGIES,ORGANIZATION::FMC
ORGANIZATION,ORGANIZATION::FORTH PORTS PLC,ORGANIZATION::FORTH PORTS,ORGANIZATION::FORTH PORTS
ORGANIZATION,ORGANIZATION::GAZTEPLOMONTAZH-2 LLC,ORGANIZATION::GAZTEPLOMONTAZH-2,ORGANIZATION::GAZTEPLOMONTAZH-2
ORGANIZATION,ORGANIZATION::HALLIBURTON ENERGY SERVICES,ORGANIZATION::HALLIBURTON ENERGY SERVICES INC.,ORGANIZATION::HALLIBURTON ENERGY SERVICES
ORGANIZATION,ORGANIZATION::HELLENIC ELECTRICITY DISTRIBUTION NETWORK OPERATOR,ORGANIZATION::HELLENIC ELECTRICITY DISTRIBUTION NETWORK OPERATOR S.A.,ORGANIZATION::HELLENIC ELECTRICITY DISTRIBUTION NETWORK OPERATOR
ORGANIZATION,ORGANIZATION::NOVA,ORGANIZATION::LLC NOVA,ORGANIZATION::LLC NOVA
ORGANIZATION,ORGANIZATION::NOVA LLC,ORGANIZATION::LLC NOVA,ORGANIZATION::LLC NOVA
ORGANIZATION,ORGANIZATION::LLC NVEM,ORGANIZATION::NVEM,ORGANIZATION::LLC NVEM
ORGANIZATION,ORGANIZATION::NVEM LLC,ORGANIZATION::NVEM,ORGANIZATION::LLC NVEM
ORGANIZATION,ORGANIZATION::LLC POLATI,ORGANIZATION::POLATI,ORGANIZATION::LLC POLATI
ORGANIZATION,ORGANIZATION::POLATI LLC,ORGANIZATION::POLATI,ORGANIZATION::LLC POLATI
ORGANIZATION,ORGANIZATION::RENSTROYDETAL,ORGANIZATION::RENSTROYDETAL LLC,ORGANIZATION::LLC RENSTROYDETAL
ORGANIZATION,ORGANIZATION::LLC RENSTROYDETAL,ORGANIZATION::RENSTROYDETAL LLC,ORGANIZATION::LLC RENSTROYDETAL
ORGANIZATION,ORGANIZATION::SEVERTRANSSTROY,ORGANIZATION::LLC SEVERTRANSSTROY,ORGANIZATION::LLC SEVERTRANSSTROY
ORGANIZATION,ORGANIZATION::LLC SNEMA SERVICE,ORGANIZATION::SNEMA SERVICE,ORGANIZATION::LLC SNEMA SERVICE
ORGANIZATION,ORGANIZATION::SNEMA SERVIS,ORGANIZATION::LLC SNEMA SERVIS,ORGANIZATION::LLC SNEMA SERVIS
ORGANIZATION,ORGANIZATION::SNEMA-SERVIS,ORGANIZATION::LLC SNEMA-SERVIS,ORGANIZATION::LLC SNEMA-SERVIS
ORGANIZATION,ORGANIZATION::SOGAZ-MEDSERVIS LLC,ORGANIZATION::SOGAZ-MEDSERVIS,ORGANIZATION::LLC SOGAZ-MEDSERVIS
ORGANIZATION,ORGANIZATION::LLC SOGAZ-MEDSERVIS,ORGANIZATION::SOGAZ-MEDSERVIS,ORGANIZATION::LLC SOGAZ-MEDSERVIS
ORGANIZATION,ORGANIZATION::VELESSTROY LLC,ORGANIZATION::VELESSTROY,ORGANIZATION::LLC VELESSTROY
ORGANIZATION,ORGANIZATION::LLC VELESSTROY,ORGANIZATION::VELESSTROY,ORGANIZATION::LLC VELESSTROY
ORGANIZATION,ORGANIZATION::VELESSTROYMONTAZH,ORGANIZATION::VELESSTROYMONTAZH LLC,ORGANIZATION::LLC VELESSTROYMONTAZH
ORGANIZATION,ORGANIZATION::LLC VELESSTROYMONTAZH,ORGANIZATION::VELESSTROYMONTAZH LLC,ORGANIZATION::LLC VELESSTROYMONTAZH
ORGANIZATION,ORGANIZATION::MAINTENANCE  TEAMS,ORGANIZATION::MAINTENANCE TEAMS,ORGANIZATION::MAINTENANCE  TEAMS
ORGANIZATION,ORGANIZATION::NEPTUNE LTD,ORGANIZATION::NEPTUNE,ORGANIZATION::NEPTUNE
ORGANIZATION,ORGANIZATION::OCYAN,ORGANIZATION::OCYAN S.A.,ORGANIZATION::OCYAN
ORGANIZATION,ORGANIZATION::PERFORMANCE CONTRACTORS INC.,ORGANIZATION::PERFORMANCE CONTRACTORS,ORGANIZATION::PERFORMANCE CONTRACTORS
ORGANIZATION,ORGANIZATION::REGA SUBCONTRACTOR LLC,ORGANIZATION::REGA SUBCONTRACTOR,ORGANIZATION::REGA SUBCONTRACTOR
ORGANIZATION,ORGANIZATION::REPSOL,ORGANIZATION::REPSOL S.A.,ORGANIZATION::REPSOL
ORGANIZATION,ORGANIZATION::ROSS-SHIRE ENGINEERING,ORGANIZATION::ROSS-SHIRE ENGINEERING LTD,ORGANIZATION::ROSS-SHIRE ENGINEERING
ORGANIZATION,ORGANIZATION::SERIMAX LTD,ORGANIZATION::SERIMAX LTD.,ORGANIZATION::SERIMAX
ORGANIZATION,ORGANIZATION::SERIMAX,ORGANIZATION::SERIMAX LTD.,ORGANIZATION::SERIMAX
ORGANIZATION,"ORGANIZATION::SHELL OFFSHORE, INC.","ORGANIZATION::SHELL OFFSHORE, INC","ORGANIZATION::SHELL OFFSHORE, INC"
ORGANIZATION,ORGANIZATION::SNEMA-SERVICE LLC,ORGANIZATION::SNEMA-SERVICE,ORGANIZATION::SNEMA-SERVICE
ORGANIZATION,ORGANIZATION::SOGAZ-MEDSERVICE,ORGANIZATION::SOGAZ-MEDSERVICE LLC,ORGANIZATION::SOGAZ-MEDSERVICE
ORGANIZATION,ORGANIZATION::SONILS,ORGANIZATION::SONILS LTD,ORGANIZATION::SONILS
ORGANIZATION,ORGANIZATION::SPITZER INDUSTRIES,ORGANIZATION::SPITZER INDUSTRIES INC.,ORGANIZATION::SPITZER INDUSTRIES
ORGANIZATION,ORGANIZATION::SUBSEA 7,ORGANIZATION::SUBSEA 7 LTD,ORGANIZATION::SUBSEA 7
ORGANIZATION,ORGANIZATION::TECHNIP USA INC.,ORGANIZATION::TECHNIP USA INC,ORGANIZATION::TECHNIP USA INC
ORGANIZATION,ORGANIZATION::TECHNIPFMC,ORGANIZATION::TECHNIPFMC PLC,ORGANIZATION::TECHNIPFMC
ORGANIZATION,ORGANIZATION::TFMC,ORGANIZATION::TECHNIPFMC PLC,ORGANIZATION::TECHNIPFMC
ORGANIZATION,ORGANIZATION::TECHNIPFMC CANADA LTD.,ORGANIZATION::TECHNIPFMC CANADA LTD,ORGANIZATION::TECHNIPFMC CANADA LTD
ORGANIZATION,ORGANIZATION::TECHNIPFMC GUYANA INC,ORGANIZATION::TECHNIPFMC GUYANA INC.,ORGANIZATION::TECHNIPFMC GUYANA INC
ORGANIZATION,ORGANIZATION::TEPLOVENT,ORGANIZATION::TEPLOVENT LLC,ORGANIZATION::TEPLOVENT
ORGANIZATION,ORGANIZATION::THE  IP,ORGANIZATION::THE IP,ORGANIZATION::THE  IP
ORGANIZATION,ORGANIZATION::TOTAL E&P UK,ORGANIZATION::TOTAL E&P UK LTD.,ORGANIZATION::TOTAL E&P UK
ORGANIZATION,ORGANIZATION::TPS LLC,ORGANIZATION::TPS,ORGANIZATION::TPS
ORGANIZATION,ORGANIZATION::TU,ORGANIZATION::TU LTD,ORGANIZATION::TU
ORGANIZATION,ORGANIZATION::TU LTD.,ORGANIZATION::TU LTD,ORGANIZATION::TU
ORGANIZATION,ORGANIZATION::TU INC.,ORGANIZATION::TU LTD,ORGANIZATION::TU
ORGANIZATION,ORGANIZATION::TULLOW GHANA,ORGANIZATION::TULLOW GHANA LTD,ORGANIZATION::TULLOW GHANA
ORGANIZATION,ORGANIZATION::YPF S.A.,ORGANIZATION::YPF,ORGANIZATION::YPF
ORGANIZATION,ORGANIZATION::ZPGS LLC,ORGANIZATION::ZPGS,ORGANIZATION::ZPGS
