id_l,id_r,type,title_l,title_r,score,nums_l,nums_r,num_jaccard,block_key,weak_match
914d00ed-ebd7-47d0-988e-1668e72615c1,b9a9ea77-d659-4929-a9cc-a46c3dc5464e,EQUIPMENT,DEEP-C DREDGER (SD-038),DEEP-C DREDGER (SD-120),0.9047619047619048,038,120,0.0,EQUIPMENT|DEEP|5,False
f712154b-eaeb-48a8-a18e-794b7f6c784d,8ed95cd5-2718-4606-b414-384a6e1bedce,EQUIPMENT,DEEP-C DREDGER (SD-087),DEEP-C DREDGER (SD-088),0.9523809523809524,087,088,0.0,EQUIPMENT|DEEP|5,False
b4cd361a-4e6c-4158-90e7-6f985194e949,aa71df3e-e16e-4554-bf91-73838685233e,EQUIPMENT,DEEP-C DREDGER (SD-028),DEEP-C DREDGER (SD-097),0.9047619047619048,028,097,0.0,EQUIPMENT|DEEP|5,False
9a23c871-351e-49b3-8141-cfe716ca24f0,0a14fc2e-b2f8-4edc-a3dc-cf31fd7f0a8b,EQUIPMENT,ROLLER PATHS,ROLLER-PATHS,1.0,,,1.0,EQUIPMENT|ROLLER|3,True
978c732b-c6c3-47ab-a64f-36aa7dc21c4f,997a48a9-6b36-4939-aa2d-788733966816,EQUIPMENT,COMPANY VEHICLE LD3704,COMPANY VEHICLE LD3890,0.9090909090909092,3704,3890,0.0,EQUIPMENT|COMPANY|5,False
f0c65298-2086-415f-8578-9b4385da92bb,a4d6134f-7acc-4388-a42e-6f9c9fdc863b,LOCATION,DECK,DECK 'B',1.0,,,1.0,LOCATION|DECK|1,True
0a5c13fe-e4eb-4a69-85e1-c8cf69a83972,b926bc66-9fff-48a9-bbf8-046102a2203a,EQUIPMENT,DEEP-C DREDGER (SD-015),DEEP-C DREDGER (SD-035),0.9523809523809524,015,035,0.0,EQUIPMENT|DEEP|5,False
e9287763-538f-46ae-9c0f-d52ef3d1b756,05de7ee9-5fca-4133-b781-8b0c2c016314,EQUIPMENT,COMPANY VEHICLE LD3971,COMPANY VEHICLE LD3970,0.9545454545454546,3971,3970,0.0,EQUIPMENT|COMPANY|5,False
29c5b6e2-c972-40e7-9785-cb8e7bd8fb41,446daa49-160f-4403-b652-0336c76e7181,LOCATION,CRACKER UNIT,CRACKER UNIT 50,1.0,,50,0.0,LOCATION|CRACKER|3,False
b4cd361a-4e6c-4158-90e7-6f985194e949,401d8e81-59fa-4ef9-b20a-b95639d8ba5a,EQUIPMENT,DEEP-C DREDGER (SD-028),DEEP-C DREDGER (SD-096),0.9047619047619048,028,096,0.0,EQUIPMENT|DEEP|5,False
3a6c5c6f-b128-4dd4-8cd9-7e8033b2f9af,6b1e1985-76f5-4f9b-979f-9b03f48539f0,EQUIPMENT,DEEP-C DREDGER (SD-001),DEEP-C DREDGER (SD-060),0.9523809523809524,001,060,0.0,EQUIPMENT|DEEP|5,False
0516e10d-6f5f-4505-a9b4-36726b91a26f,c9a6bc2d-4a42-4e6a-bb7e-15739fd1b599,ORGANIZATION,LLC VELESTOY,LLC VELESSTROY,0.923076923076923,,,1.0,ORGANIZATION|LLC|3,False
93dba91e-66dd-4549-9542-181629f6a655,458537eb-838c-42f4-af78-a4854b3bb5fb,EQUIPMENT,COMPANY VEHICLE LD5595,COMPANY VEHICLE LD5500,0.9090909090909092,5595,5500,0.0,EQUIPMENT|COMPANY|5,False
1f2e2f01-b3ba-4685-8546-b0177626ce25,e44a0160-7914-4743-9670-a94d72876c02,EQUIPMENT,DEEP-C DREDGER (SD-050),DEEP-C DREDGER (SD-059),0.9523809523809524,050,059,0.0,EQUIPMENT|DEEP|5,False
3a6c5c6f-b128-4dd4-8cd9-7e8033b2f9af,6d4e7866-1586-45c8-96b7-d37efe828f4c,EQUIPMENT,DEEP-C DREDGER (SD-001),DEEP-C DREDGER (SD-049),0.9047619047619048,001,049,0.0,EQUIPMENT|DEEP|5,False
c130e6ab-c222-481c-acfb-6c51cda7ecba,5d753769-a1d1-4945-acaf-d6bf581e5815,EQUIPMENT,DEEP-C DREDGER (SD-008),DEEP-C DREDGER (SD-025),0.9047619047619048,008,025,0.0,EQUIPMENT|DEEP|5,False
99b353bb-1902-4d68-a2fb-a38593addbd6,f33b7a3d-1cd7-4115-9804-8887077d16be,EQUIPMENT,DEEP-C DREDGER (SD-058),DEEP-C DREDGER (SD-063),0.9047619047619048,058,063,0.0,EQUIPMENT|DEEP|5,False
59ca3dd0-3dab-4bc9-a40f-35b8b3b3691c,915e97d0-694d-4e3c-b3d1-43316a96716f,EQUIPMENT,DEEP-C DREDGER (SD-031),DEEP-C DREDGER (SD-069),0.9047619047619048,031,069,0.0,EQUIPMENT|DEEP|5,False
0a5c13fe-e4eb-4a69-85e1-c8cf69a83972,b2d6b1ff-8823-4ad3-a43e-2b2752a5e2d8,EQUIPMENT,DEEP-C DREDGER (SD-015),DEEP-C DREDGER (SD-048),0.9047619047619048,015,048,0.0,EQUIPMENT|DEEP|5,False
4d15c2c4-f2ad-40fb-9fc1-9c4641c61cdc,59ca3dd0-3dab-4bc9-a40f-35b8b3b3691c,EQUIPMENT,DEEP-C DREDGER (SD-004),DEEP-C DREDGER (SD-031),0.9047619047619048,004,031,0.0,EQUIPMENT|DEEP|5,False
e9d7f76a-3631-42d3-bfe3-2d762e5f6fd7,86bb1bd3-aca5-4c51-b987-2c588360e4f2,EQUIPMENT,COMPANY VEHICLE LD3985,COMPANY VEHICLE LD3852,0.9545454545454546,3985,3852,0.0,EQUIPMENT|COMPANY|5,False
ed5da6fe-8e8b-4fa7-a46b-7c2c37d62728,d9fe8c18-a571-4335-a315-cf764abebe62,EQUIPMENT,REFORMER-1,REFORMER,1.0,1,,0.0,EQUIPMENT|REFORMER|2,False
0c44e102-a5d3-444f-9ad9-17bf8adf8713,3578442a-b17a-4d65-969b-e218d3a0eb42,LOCATION,MISSING WORKPLACE: WORKPLACE - YARDS/BASES - OTHER AND LOCATION: UNITED STATES - MOBILE,MISSING WORKPLACE: WORKPLACE - YARDS/BASES AND LOCATION: UNITED STATES - BLAIRSVILLE,0.903225806451613,,,1.0,LOCATION|MISSING|19,False
9487e1fe-7d3f-4229-9f00-ff3e109607fa,9c2efd90-30ac-404e-8dc2-82aab9f5969e,INJURY_TYPE,MINOR CUT TO FINGER,MINOR FINGER CUT,1.0,,,1.0,INJURY_TYPE|MINOR|4,True
d6bfd93b-6965-45d7-a08b-79d851b9ddda,6d0a7c9c-069c-4bf6-becd-c8fed5edcc08,EQUIPMENT,DEEP-C DREDGER (SD-020),DEEP-C DREDGER (SD-070),0.9523809523809524,020,070,0.0,EQUIPMENT|DEEP|5,False
2da317ca-ef8b-483a-82fb-ea0db6fcfe59,290ef883-9a4a-4d2b-914f-899c3575548c,EQUIPMENT,LIEBHERR-1130,LIEBHERR LR1130,0.9285714285714286,1130,1130,1.0,EQUIPMENT|LIEBHERR|3,False
0ecdb668-82ba-4ecd-a35d-de28cc73da9c,e4196753-ebe1-400f-9f2b-e9bc6fb60328,EQUIPMENT,PETROCRAFT#3,PETROCRAFT 3,1.0,3,3,1.0,EQUIPMENT|PETROCRAFT|3,True
2dde4662-e833-4f78-990a-6d554eb21d02,59ca3dd0-3dab-4bc9-a40f-35b8b3b3691c,EQUIPMENT,DEEP-C DREDGER (SD-019),DEEP-C DREDGER (SD-031),0.9523809523809524,019,031,0.0,EQUIPMENT|DEEP|5,False
f12fbbe3-ecb5-4cb4-8d07-1dce4aeb6588,cb5733c8-6834-46c5-917f-e434282d68d8,EQUIPMENT,DEEP-C DREDGER (SD-002),DEEP-C DREDGER (SD-023),0.9523809523809524,002,023,0.0,EQUIPMENT|DEEP|5,False
cb5733c8-6834-46c5-917f-e434282d68d8,d6ae4064-6887-4b0b-b47f-a3a685439e0d,EQUIPMENT,DEEP-C DREDGER (SD-023),DEEP-C DREDGER (SD-056),0.9047619047619048,023,056,0.0,EQUIPMENT|DEEP|5,False
2a354888-d90a-42f2-8fb6-4af1e30e3d2e,0186fe08-ad68-445e-bbc2-53e32c987f3f,EQUIPMENT,COMPANY VEHICLE LD5556,COMPANY VEHICLE LD5511,0.9090909090909092,5556,5511,0.0,EQUIPMENT|COMPANY|5,False
0a356643-6a50-4139-949c-1c68e259f4de,16f71216-3310-4492-8004-7cde2c785c17,EQUIPMENT,COMPANY VEHICLE LD3936,COMPANY VEHICLE LD3583,0.9090909090909092,3936,3583,0.0,EQUIPMENT|COMPANY|5,False
06fcbd54-2805-48e8-bda8-724944253a82,2670f357-7ddd-4ffb-ad71-660324028ee2,EQUIPMENT,DEEP-C DREDGER (SD-027),DEEP-C DREDGER (SD-077),0.9523809523809524,027,077,0.0,EQUIPMENT|DEEP|5,False
8d956832-1780-48f3-91bd-18340c191d4c,beef994f-9204-4229-8144-10db644afdb9,EQUIPMENT,DEEP-C DREDGER (SD-075),DEEP-C DREDGER (SD-099),0.9047619047619048,075,099,0.0,EQUIPMENT|DEEP|5,False
7561a911-42d8-47f2-8c82-cba63a506486,bd86bee9-b712-49b7-9434-845d47e75872,EQUIPMENT,DEEP-C DREDGER (SD-052),DEEP-C DREDGER (SD-085),0.9523809523809524,052,085,0.0,EQUIPMENT|DEEP|5,False
4296ebf9-4eab-4c9b-af9d-704d40db608f,2647b0bf-3b73-4fcf-8f8d-9ada90726307,EQUIPMENT,COMPANY VEHICLE LD3943,COMPANY VEHICLE LD3847,0.9090909090909092,3943,3847,0.0,EQUIPMENT|COMPANY|5,False
30d8fca4-c73f-459f-abb0-af2a236b7344,1ac12523-dd35-4d8b-95cb-b7a18c01abfe,EQUIPMENT,DEEP-C DREDGER (SD-017),DEEP-C DREDGER (SD-042),0.9047619047619048,017,042,0.0,EQUIPMENT|DEEP|5,False
318081ed-2730-4ed6-878e-d612408102f8,98d50bf1-d27b-4d2f-b943-4e49b25a07cc,EQUIPMENT,DEEP-C DREDGER (SD-024),DEEP-C DREDGER (SD-064),0.9523809523809524,024,064,0.0,EQUIPMENT|DEEP|5,False
0a2749ac-4bd5-482f-b65a-aba18652d726,b9a9ea77-d659-4929-a9cc-a46c3dc5464e,EQUIPMENT,DEEP-C DREDGER (SD-007),DEEP-C DREDGER (SD-120),0.9047619047619048,007,120,0.0,EQUIPMENT|DEEP|5,False
bd7d86b4-daef-4f78-9717-e7a365afb922,ef8cb64e-dc68-48b7-9a2f-38f52b095582,EQUIPMENT,DEEP-C DREDGER (SD-110),DEEP-C DREDGER (SD-114),0.9523809523809524,110,114,0.0,EQUIPMENT|DEEP|5,False
426352a3-b914-44a7-8a48-3dd5f27f0397,e7d1afdf-6b7d-494a-af3d-4a8b852e341f,BODY_PART,RIGHT HAND - 5TH FINGER,"RIGHT HAND, 5TH FINGER",1.0,5,5,1.0,BODY_PART|RIGHT|5,True
593524be-faf5-4ff0-90ed-fcaaa5885c98,b67c15f1-c649-4350-8084-3c780e6e8ff8,LOCATION,"DEEP ENERGY, ABERDEEN, UK, EUROPE, TECHNIPFMC","DEEP EXPLORER - ABERDEEN, UK, EUROPE, TECHNIPFMC",0.9066666666666668,,,1.0,LOCATION|DEEP|10,False
5838a804-3766-42d2-a24d-f159dabf4be0,c734b381-0561-4cf0-a845-53ec8a615e9c,EQUIPMENT,PALLET JACK,PALLET-JACK,1.0,,,1.0,EQUIPMENT|PALLET|2,True
a834aba1-c22a-4e98-ac01-7271fbafce1c,88de9ac0-f663-4ad6-adc7-a8ceaebad914,EQUIPMENT,COMPANY VEHICLE LD3954,COMPANY VEHICLE LD3785,0.9090909090909092,3954,3785,0.0,EQUIPMENT|COMPANY|5,False
2dde4662-e833-4f78-990a-6d554eb21d02,914d00ed-ebd7-47d0-988e-1668e72615c1,EQUIPMENT,DEEP-C DREDGER (SD-019),DEEP-C DREDGER (SD-038),0.9047619047619048,019,038,0.0,EQUIPMENT|DEEP|5,False
b40fe3ba-c9c9-4c04-8430-d4daf48f9264,dc476cc9-d7e5-49a1-875c-cddcede8e28e,EQUIPMENT,BROKEN PALLET,BROKEN PALLETS,0.9629629629629628,,,1.0,EQUIPMENT|BROKEN|3,True
422ce9fe-1b72-4b9b-90dd-9443e5020c78,92825c7b-b188-4f71-af14-4b3ad8eeb37f,EQUIPMENT,SHELL TELLUS S2 M 32,SHELL TELLUS S 2 M 32,0.926829268292683,2|32,2|32,1.0,EQUIPMENT|SHELL|5,False
212bf37e-499e-4184-b086-0b38a7aeb445,f64c6586-c955-47b4-bd90-1f4d0e15cd88,EQUIPMENT,COMPANY VEHICLE LD3964,COMPANY VEHICLE LD3966,0.9545454545454546,3964,3966,0.0,EQUIPMENT|COMPANY|5,False
b1478e03-fc77-4c60-97b9-ea471377434b,15b35324-8cbd-4e80-a6cf-991e0bbf35f1,LOCATION,ENI NBOUNDI SITE,ENI MBOUNDI SITE,0.9375,,,1.0,LOCATION|ENI|4,False
a596dd62-130e-4fff-9273-57decd24f60f,0774086e-7d36-4ff9-be3a-4061748c9a8f,EQUIPMENT,DEEP-C DREDGER (SD-034),DEEP-C DREDGER (SD-101),0.9047619047619048,034,101,0.0,EQUIPMENT|DEEP|5,False
fdab2e1a-18a0-4d6c-a489-b8fcd71aa86b,a1d980ce-2590-4625-b869-38547f8abdad,EQUIPMENT,COMPANY VEHICLE LD5542,COMPANY VEHICLE LD5513,0.9090909090909092,5542,5513,0.0,EQUIPMENT|COMPANY|5,False
c35b23b1-782c-495b-908d-1872d03fa0ad,f20203b3-0a80-4faf-b88f-174e2cee2017,EQUIPMENT,DEEP-C DREDGER (SD-061),DEEP-C DREDGER (SD-072),0.9047619047619048,061,072,0.0,EQUIPMENT|DEEP|5,False
a3fff9da-abf4-4439-899e-c1dce38ba077,a9be8c2d-1939-49ba-9e97-7b0815d9d701,EQUIPMENT,DEEP-C DREDGER (SD-073),DEEP-C DREDGER (SD-117),0.9047619047619048,073,117,0.0,EQUIPMENT|DEEP|5,False
ad3beff9-7c66-4e80-907a-ce8b72459a8b,3ed5131c-760d-459a-993a-70d03af67bae,EQUIPMENT,COMPANY VEHICLE LD5504,COMPANY VEHICLE LD5582,0.9090909090909092,5504,5582,0.0,EQUIPMENT|COMPANY|5,False
9ea38fb3-460e-48f4-ba5e-922fa80f2207,914d00ed-ebd7-47d0-988e-1668e72615c1,EQUIPMENT,DEEP-C DREDGER (SD-011),DEEP-C DREDGER (SD-038),0.9047619047619048,011,038,0.0,EQUIPMENT|DEEP|5,False
524f8790-a913-4861-b79c-47ebddb48208,d6ae4064-6887-4b0b-b47f-a3a685439e0d,EQUIPMENT,DEEP-C DREDGER (SD-029),DEEP-C DREDGER (SD-056),0.9047619047619048,029,056,0.0,EQUIPMENT|DEEP|5,False
117d13ac-dcfe-466a-9b5e-5668bc10cd0d,46c8057e-84b1-4d06-aefe-63df662305f0,EQUIPMENT,NITROGEN CYLINDERS,NITROGEN CYLINDER,0.9714285714285714,,,1.0,EQUIPMENT|NITROGEN|4,True
1787a705-a688-468d-a79d-475cfbfee187,aa71df3e-e16e-4554-bf91-73838685233e,EQUIPMENT,DEEP-C DREDGER (SD-005),DEEP-C DREDGER (SD-097),0.9047619047619048,005,097,0.0,EQUIPMENT|DEEP|5,False
3ea9a906-25f5-4546-aa58-89f8bca6d887,fa385680-94d9-4df6-beff-35831e22b474,EQUIPMENT,DEEP-C DREDGER (SD-105),DEEP-C DREDGER (SD-115),0.9523809523809524,105,115,0.0,EQUIPMENT|DEEP|5,False
4515042f-72cc-468b-8dc5-636c5454a4d5,ebcd590f-f242-4189-b0a8-677f4e521e1b,LOCATION,ROAD,ROAD 4,1.0,,4,0.0,LOCATION|ROAD|1,False
ab509eb9-2162-45cc-b1a7-ceb57b1595b6,458537eb-838c-42f4-af78-a4854b3bb5fb,EQUIPMENT,COMPANY VEHICLE LD3585,COMPANY VEHICLE LD5500,0.9090909090909092,3585,5500,0.0,EQUIPMENT|COMPANY|5,False
86926afd-a054-4337-a976-21af0f86a206,d5853ca2-34e7-401a-8d4e-6cc4bafc697c,BODY_PART,LEFT HAND 4TH FINGER,LEFT HAND 5TH FINGER,0.95,4,5,0.0,BODY_PART|LEFT|5,False
1ac12523-dd35-4d8b-95cb-b7a18c01abfe,0774086e-7d36-4ff9-be3a-4061748c9a8f,EQUIPMENT,DEEP-C DREDGER (SD-042),DEEP-C DREDGER (SD-101),0.9047619047619048,042,101,0.0,EQUIPMENT|DEEP|5,False
066e1cd2-465c-46a8-be79-66ab9de2c6d6,17cec2a0-c630-4470-b65c-39acfa7632be,ORGANIZATION,OOO VELESSTROYMONTAAZH,OOO VELESTROYMONTASZ,0.9047619047619048,,,1.0,ORGANIZATION|OOO|5,False
8d956832-1780-48f3-91bd-18340c191d4c,c324db46-cbcf-4546-a023-f1822c532707,EQUIPMENT,DEEP-C DREDGER (SD-075),DEEP-C DREDGER (SD-076),0.9523809523809524,075,076,0.0,EQUIPMENT|DEEP|5,False
e5e16a99-2787-47a8-a219-0b1ce06cb9f6,22a2f2a2-4bc6-4ebe-ba49-93ef38170662,EQUIPMENT,DEEP-C DREDGER (SD-057),DEEP-C DREDGER (SD-092),0.9047619047619048,057,092,0.0,EQUIPMENT|DEEP|5,False
ea136c2e-bb21-4b06-a102-90354f61712d,fdcfec33-4dda-4cc9-9ccf-52fc0139541d,LOCATION,SKANDI NITERÓI,SKANDI NITERÖI,0.9285714285714286,,,1.0,LOCATION|SKANDI|3,False
72da70f1-ae1c-479e-a4a6-0dd922741126,906b729a-a02d-48ba-81c2-f2d3c7ae28f1,EQUIPMENT,COMPANY VEHICLE LD5544,COMPANY VEHICLE LD5571,0.9090909090909092,5544,5571,0.0,EQUIPMENT|COMPANY|5,False
2d04678a-b8b4-4880-b5a3-a7ca37a0beb6,0e7743dc-e969-47e6-b270-e1263ceaf201,EQUIPMENT,COMPANY VEHICLE LD5519,COMPANY VEHICLE LD5502,0.9090909090909092,5519,5502,0.0,EQUIPMENT|COMPANY|5,False
af12461e-0e03-4c7d-8f1e-44e8767e61ba,fe573f90-bcad-485f-a391-23acc45f594b,EQUIPMENT,COMPANY VEHICLE LD3713,COMPANY VEHICLE LD3597,0.9090909090909092,3713,3597,0.0,EQUIPMENT|COMPANY|5,False
a36e13b7-2c9b-4c1f-abcb-9162d693e8c5,2b9a2032-61f8-4a45-9660-60e8d5f2d575,BODY_PART,RIGHT HAND (4TH FINGER),RIGHT-HAND THUMB FINGER,0.9090909090909092,4,,0.0,BODY_PART|RIGHT|5,False
b98c28da-6ba4-4b23-ae99-be367ad2e6e8,1bc5551e-7d67-439b-b2fd-121cdcdca48f,EQUIPMENT,DEEP-C DREDGER (SD-094),DEEP-C DREDGER (SD-109),0.9523809523809524,094,109,0.0,EQUIPMENT|DEEP|5,False
d6862eee-fcff-4903-b0fb-2ec77fed79a3,e04ac920-9a81-4021-b669-19033f904d98,EQUIPMENT,DEEP-C DREDGER (SD-013),DEEP-C DREDGER (SD-053),0.9523809523809524,013,053,0.0,EQUIPMENT|DEEP|5,False
73b8322a-bc16-48a4-9bd9-e538b135ae7b,beef994f-9204-4229-8144-10db644afdb9,EQUIPMENT,DEEP-C DREDGER (SD-006),DEEP-C DREDGER (SD-099),0.9047619047619048,006,099,0.0,EQUIPMENT|DEEP|5,False
e9cfbe9a-0191-481c-af34-ce178189ecc4,29ea9e8d-0365-426c-a81a-675bf7cfb7be,EQUIPMENT,TRACK HOE,TRACK-HOE,1.0,,,1.0,EQUIPMENT|TRACK|2,True
98d50bf1-d27b-4d2f-b943-4e49b25a07cc,e45e1383-26b6-4a20-91e0-50f14973dc20,EQUIPMENT,DEEP-C DREDGER (SD-064),DEEP-C DREDGER (SD-081),0.9047619047619048,064,081,0.0,EQUIPMENT|DEEP|5,False
370e2918-ad2c-4976-a227-0c641e75c6bf,e007e820-d3ae-4d6c-9785-c78538787cd9,LOCATION,HIGH BAY 5 AREA,HIGH BAY AREA,1.0,5,,0.0,LOCATION|HIGH|3,False
73b8322a-bc16-48a4-9bd9-e538b135ae7b,fd8fb285-faa4-4b66-9f20-974868627c09,EQUIPMENT,DEEP-C DREDGER (SD-006),DEEP-C DREDGER (SD-084),0.9047619047619048,006,084,0.0,EQUIPMENT|DEEP|5,False
bbefc044-d392-46eb-933e-81d1d647932f,f712154b-eaeb-48a8-a18e-794b7f6c784d,EQUIPMENT,DEEP-C DREDGER (SD-082),DEEP-C DREDGER (SD-087),0.9523809523809524,082,087,0.0,EQUIPMENT|DEEP|5,False
c85214ed-a78d-4cc9-91e5-9ad4e6fdb372,6b1e1985-76f5-4f9b-979f-9b03f48539f0,EQUIPMENT,DEEP-C DREDGER (SD-014),DEEP-C DREDGER (SD-060),0.9047619047619048,014,060,0.0,EQUIPMENT|DEEP|5,False
06fcbd54-2805-48e8-bda8-724944253a82,a3fff9da-abf4-4439-899e-c1dce38ba077,EQUIPMENT,DEEP-C DREDGER (SD-027),DEEP-C DREDGER (SD-073),0.9523809523809524,027,073,0.0,EQUIPMENT|DEEP|5,False
e5e16a99-2787-47a8-a219-0b1ce06cb9f6,e44a0160-7914-4743-9670-a94d72876c02,EQUIPMENT,DEEP-C DREDGER (SD-057),DEEP-C DREDGER (SD-059),0.9523809523809524,057,059,0.0,EQUIPMENT|DEEP|5,False
8314a245-25d4-400d-8b81-7a81557aef42,a7ea4bc1-ceaa-4b50-9a7a-891f5ab7840d,LOCATION,GREECE/KP 450,GREECE/KP 520,0.923076923076923,450,520,0.0,LOCATION|GREECE|3,False
6960a255-59ea-4029-af01-a98447f3b14c,954c1e25-46fc-43b4-8d58-6f2640b59b2e,EQUIPMENT,DEEP-C DREDGER (SD-041),DEEP-C DREDGER (SD-044),0.9523809523809524,041,044,0.0,EQUIPMENT|DEEP|5,False
f64c6586-c955-47b4-bd90-1f4d0e15cd88,198b8196-5286-4d7c-ad7f-b8a7ba56de7e,EQUIPMENT,COMPANY VEHICLE LD3966,COMPANY VEHICLE LD3667,0.9545454545454546,3966,3667,0.0,EQUIPMENT|COMPANY|5,False
8af1b843-eaa8-4567-b40d-9b2f40d3e54c,6b1e1985-76f5-4f9b-979f-9b03f48539f0,EQUIPMENT,DEEP-C DREDGER (SD-009),DEEP-C DREDGER (SD-060),0.9523809523809524,009,060,0.0,EQUIPMENT|DEEP|5,False
401d8e81-59fa-4ef9-b20a-b95639d8ba5a,beef994f-9204-4229-8144-10db644afdb9,EQUIPMENT,DEEP-C DREDGER (SD-096),DEEP-C DREDGER (SD-099),0.9523809523809524,096,099,0.0,EQUIPMENT|DEEP|5,False
a596dd62-130e-4fff-9273-57decd24f60f,7561a911-42d8-47f2-8c82-cba63a506486,EQUIPMENT,DEEP-C DREDGER (SD-034),DEEP-C DREDGER (SD-052),0.9047619047619048,034,052,0.0,EQUIPMENT|DEEP|5,False
d8e029c0-89eb-4cd8-a5f9-16eddf93d7cc,6d4e7866-1586-45c8-96b7-d37efe828f4c,EQUIPMENT,DEEP-C DREDGER (SD-045),DEEP-C DREDGER (SD-049),0.9523809523809524,045,049,0.0,EQUIPMENT|DEEP|5,False
d058c42b-373c-4f97-baa4-446bc6f14273,769eb7f9-3244-468a-b2ee-390a54529df4,EQUIPMENT,DEEP-C DREDGER (SD-030),DEEP-C DREDGER (SD-036),0.9523809523809524,030,036,0.0,EQUIPMENT|DEEP|5,False
7e65880f-9f10-4220-9f26-ee675984d3da,a3fff9da-abf4-4439-899e-c1dce38ba077,EQUIPMENT,DEEP-C DREDGER (SD-012),DEEP-C DREDGER (SD-073),0.9047619047619048,012,073,0.0,EQUIPMENT|DEEP|5,False
f0c65298-2086-415f-8578-9b4385da92bb,71fe02c6-d203-4e33-a579-cf7347855777,LOCATION,DECK,DECK F,1.0,,,1.0,LOCATION|DECK|1,True
4d15c2c4-f2ad-40fb-9fc1-9c4641c61cdc,6f5f1b6b-4a8d-487e-89d1-ba60fc78296b,EQUIPMENT,DEEP-C DREDGER (SD-004),DEEP-C DREDGER (SD-079),0.9047619047619048,004,079,0.0,EQUIPMENT|DEEP|5,False
742578bb-99b4-4a55-aa8b-ad49a1a91300,a2914307-a089-4db7-a7c6-4bb240badd25,LOCATION,PORT SIDE GRILLIAGE,PORT SIDE GRILLAGE,0.9729729729729728,,,1.0,LOCATION|PORT|4,True
0a0b8ede-6a95-4429-b454-9660fe3f2584,997a48a9-6b36-4939-aa2d-788733966816,EQUIPMENT,COMPANY VEHICLE LD3930,COMPANY VEHICLE LD3890,0.9545454545454546,3930,3890,0.0,EQUIPMENT|COMPANY|5,False
2ce5ed57-13bd-4603-a929-404fda4ff93b,8dc03ae3-3b59-43ee-9702-665eeefa5b09,EQUIPMENT,DEEP-C DREDGER (SD-043),DEEP-C DREDGER (SD-046),0.9523809523809524,043,046,0.0,EQUIPMENT|DEEP|5,False
ef763c90-950a-4baf-8c93-2bc6d61d255b,fd8fb285-faa4-4b66-9f20-974868627c09,EQUIPMENT,DEEP-C DREDGER (SD-047),DEEP-C DREDGER (SD-084),0.9523809523809524,047,084,0.0,EQUIPMENT|DEEP|5,False
7bf92618-f517-4e12-8b48-4c07927df8c4,c37ad90a-f214-452a-b45f-61017464a2c4,ORGANIZATION,OOO VELESTOYMONTAAZH,OOO VELESTROYMONTAAZH,0.975609756097561,,,1.0,ORGANIZATION|OOO|5,True
0e7743dc-e969-47e6-b270-e1263ceaf201,93dba91e-66dd-4549-9542-181629f6a655,EQUIPMENT,COMPANY VEHICLE LD5502,COMPANY VEHICLE LD5595,0.9090909090909092,5502,5595,0.0,EQUIPMENT|COMPANY|5,False
babb82d4-04fd-46af-a12b-909f6460c746,f5387631-82f6-4c4e-a4ef-5fb5966698e1,EQUIPMENT,DEEP-C DREDGER (SD-051),DEEP-C DREDGER (SD-091),0.9523809523809524,051,091,0.0,EQUIPMENT|DEEP|5,False
5d753769-a1d1-4945-acaf-d6bf581e5815,2a2c9537-149a-43b2-9c5e-67af0e3bdbd1,EQUIPMENT,DEEP-C DREDGER (SD-025),DEEP-C DREDGER (SD-040),0.9047619047619048,025,040,0.0,EQUIPMENT|DEEP|5,False
babb82d4-04fd-46af-a12b-909f6460c746,0fc190fb-80b8-4dd8-be12-aa05fe2c6bea,EQUIPMENT,DEEP-C DREDGER (SD-051),DEEP-C DREDGER (SD-062),0.9047619047619048,051,062,0.0,EQUIPMENT|DEEP|5,False
18dcfa29-dc26-42bb-8892-159f4fa3a68f,64a1bc95-f8ce-418e-804f-c763328de735,ORGANIZATION,SUB-CONTRACTOR,SUB CONTRACTOR,1.0,,,1.0,ORGANIZATION|SUB|3,True
a60079d3-da0f-49ac-83bb-d882c5e30b6c,022f3a0f-c02a-4808-803e-d5738fd9112e,EQUIPMENT,DEEP-C DREDGER (SD-003),DEEP-C DREDGER (SD-083),0.9523809523809524,003,083,0.0,EQUIPMENT|DEEP|5,False
5298353f-afdf-4fc1-a91c-be8e300ba659,b98c28da-6ba4-4b23-ae99-be367ad2e6e8,EQUIPMENT,DEEP-C DREDGER (SD-055),DEEP-C DREDGER (SD-094),0.9047619047619048,055,094,0.0,EQUIPMENT|DEEP|5,False
6b1e1985-76f5-4f9b-979f-9b03f48539f0,5f653b0e-6b66-4247-97b9-27d88342a04a,EQUIPMENT,DEEP-C DREDGER (SD-060),DEEP-C DREDGER (SD-107),0.9047619047619048,060,107,0.0,EQUIPMENT|DEEP|5,False
524f8790-a913-4861-b79c-47ebddb48208,b8d60a7d-3ffa-4f13-a849-189ab2d34c1d,EQUIPMENT,DEEP-C DREDGER (SD-029),DEEP-C DREDGER (SD-090),0.9523809523809524,029,090,0.0,EQUIPMENT|DEEP|5,False
fe573f90-bcad-485f-a391-23acc45f594b,9686eb8d-a388-48e9-83c6-ef12745a8b14,EQUIPMENT,COMPANY VEHICLE LD3597,COMPANY VEHICLE LD5575,0.9090909090909092,3597,5575,0.0,EQUIPMENT|COMPANY|5,False
2ce5ed57-13bd-4603-a929-404fda4ff93b,df5af68d-60b2-46a4-9cae-38e319fd4d75,EQUIPMENT,DEEP-C DREDGER (SD-043),DEEP-C DREDGER (SD-104),0.9523809523809524,043,104,0.0,EQUIPMENT|DEEP|5,False
91f8df7e-a70c-47e1-96d6-9b84e0195a13,b9a9ea77-d659-4929-a9cc-a46c3dc5464e,EQUIPMENT,DEEP-C DREDGER (SD-021),DEEP-C DREDGER (SD-120),0.9047619047619048,021,120,0.0,EQUIPMENT|DEEP|5,False
4fa4416a-045c-4964-8469-53a31d7d46d3,aa71df3e-e16e-4554-bf91-73838685233e,EQUIPMENT,DEEP-C DREDGER (SD-095),DEEP-C DREDGER (SD-097),0.9523809523809524,095,097,0.0,EQUIPMENT|DEEP|5,False
3591885d-7426-4c40-bb3c-48b84622cdc6,aa71df3e-e16e-4554-bf91-73838685233e,EQUIPMENT,DEEP-C DREDGER (SD-039),DEEP-C DREDGER (SD-097),0.9523809523809524,039,097,0.0,EQUIPMENT|DEEP|5,False
212bf37e-499e-4184-b086-0b38a7aeb445,a834aba1-c22a-4e98-ac01-7271fbafce1c,EQUIPMENT,COMPANY VEHICLE LD3964,COMPANY VEHICLE LD3954,0.9545454545454546,3964,3954,0.0,EQUIPMENT|COMPANY|5,False
2dde4662-e833-4f78-990a-6d554eb21d02,6909456c-8996-46be-a7b4-7a13e856bc0b,EQUIPMENT,DEEP-C DREDGER (SD-019),DEEP-C DREDGER (SD-022),0.9047619047619048,019,022,0.0,EQUIPMENT|DEEP|5,False
6737d45f-99cc-40f0-bf9f-6464089f7129,30371f6a-18e2-40d6-acc2-80d5826070a5,ORGANIZATION,EMPLOYEE (ID 30803350),EMPLOYEE ID 30803370,0.95,30803350,30803370,0.0,ORGANIZATION|EMPLOYEE|5,False
3d0cfc3f-4679-4270-959b-7cc5998b03da,37879306-1100-4f25-ae9e-e1b12d146ed2,EQUIPMENT,COMPANY VEHICLE LD5552,COMPANY VEHICLE LD5612,0.9090909090909092,5552,5612,0.0,EQUIPMENT|COMPANY|5,False
e5737d68-3b96-46a6-b723-a978301656d7,b98c28da-6ba4-4b23-ae99-be367ad2e6e8,EQUIPMENT,DEEP-C DREDGER (SD-093),DEEP-C DREDGER (SD-094),0.9523809523809524,093,094,0.0,EQUIPMENT|DEEP|5,False
c35b23b1-782c-495b-908d-1872d03fa0ad,e45e1383-26b6-4a20-91e0-50f14973dc20,EQUIPMENT,DEEP-C DREDGER (SD-061),DEEP-C DREDGER (SD-081),0.9523809523809524,061,081,0.0,EQUIPMENT|DEEP|5,False
6f5f1b6b-4a8d-487e-89d1-ba60fc78296b,f5387631-82f6-4c4e-a4ef-5fb5966698e1,EQUIPMENT,DEEP-C DREDGER (SD-079),DEEP-C DREDGER (SD-091),0.9523809523809524,079,091,0.0,EQUIPMENT|DEEP|5,False
524f8790-a913-4861-b79c-47ebddb48208,bbefc044-d392-46eb-933e-81d1d647932f,EQUIPMENT,DEEP-C DREDGER (SD-029),DEEP-C DREDGER (SD-082),0.9523809523809524,029,082,0.0,EQUIPMENT|DEEP|5,False
9ffa27d7-7715-4577-8c56-9d49d9cf312a,c4c44437-8341-4760-9914-8b81be2c9161,ORGANIZATION,TECHNIPFMC SENIOR ENVIRONMENT ADVISOR,TECHNIPFMC SENIOR ENVIRONMENTAL ADVISOR,0.9736842105263156,,,1.0,ORGANIZATION|TECHNIPFMC|9,True
59ca3dd0-3dab-4bc9-a40f-35b8b3b3691c,fa385680-94d9-4df6-beff-35831e22b474,EQUIPMENT,DEEP-C DREDGER (SD-031),DEEP-C DREDGER (SD-115),0.9047619047619048,031,115,0.0,EQUIPMENT|DEEP|5,False
a3173acb-3d1a-4494-9f84-7af945fb183f,7b3f77c4-c17e-488c-ad71-daca84e6989f,ORGANIZATION,NON-TECHNIP OWNED RNT-NM 10 - 2529 TAP ITALY/PRT MELENDUGUO,NON-TECHNIP OWNED RNT-NM 13 - 2529 TAP ITALY/PRT MELENDUGO,0.9734513274336284,10|2529,13|2529,0.3333333333333333,ORGANIZATION|NON|14,False
d6124611-61dc-4e30-b2fc-bceda953a842,fdab2e1a-18a0-4d6c-a489-b8fcd71aa86b,EQUIPMENT,COMPANY VEHICLE LD3854,COMPANY VEHICLE LD5542,0.9090909090909092,3854,5542,0.0,EQUIPMENT|COMPANY|5,False
ef763c90-950a-4baf-8c93-2bc6d61d255b,3ea9a906-25f5-4546-aa58-89f8bca6d887,EQUIPMENT,DEEP-C DREDGER (SD-047),DEEP-C DREDGER (SD-105),0.9047619047619048,047,105,0.0,EQUIPMENT|DEEP|5,False
d6bfd93b-6965-45d7-a08b-79d851b9ddda,41f7643a-2688-49c5-915b-3cfa3ee6e9fa,EQUIPMENT,DEEP-C DREDGER (SD-020),DEEP-C DREDGER (SD-054),0.9047619047619048,020,054,0.0,EQUIPMENT|DEEP|5,False
49ebb0df-bcf4-4682-baab-5f6878504a07,7e052c5f-cb69-40f6-bfee-3b62705bd962,EQUIPMENT,COMPANY VEHICLE LD3814,COMPANY VEHICLE LD3784,0.9545454545454546,3814,3784,0.0,EQUIPMENT|COMPANY|5,False
3021a2ba-0a64-4f4f-91d7-2c2207186eef,4699ce97-371c-4419-a2d1-f3123361b1c4,EQUIPMENT,7 TON FORKLIFT,7-TON FORKLIFT,1.0,7,7,1.0,EQUIPMENT|7|3,True
76af4a9d-a515-4b48-9a4b-060bea96bc59,c647a511-99af-449b-b951-73f8e61e4f8a,LOCATION,"UNKNOWN, UNKNOWN, USA, NORTH AMERICA",UNKNOWN - UNKNOWN - USA - NORTH AMERICA,1.0,,,1.0,LOCATION|UNKNOWN|8,True
762a527c-cabc-443c-ba0e-5899f6a7ab50,d4556da8-ed64-4257-95ee-904cce0de129,LOCATION,"ALNG2 COSCO YARD, QIDONG, CHINA","ALNG2 COSCO YARD - QIDONG, CHINA",1.0,2,2,1.0,LOCATION|ALNG2|7,True
de29f5a3-fd51-4175-bbd8-774365d1dcfb,029b2dd5-1c57-4962-af6a-d3d073046d50,LOCATION,WORKSHOP 14,WORKSHOP V1,0.9090909090909092,14,1,0.0,LOCATION|WORKSHOP|2,False
0a5c13fe-e4eb-4a69-85e1-c8cf69a83972,4fa4416a-045c-4964-8469-53a31d7d46d3,EQUIPMENT,DEEP-C DREDGER (SD-015),DEEP-C DREDGER (SD-095),0.9523809523809524,015,095,0.0,EQUIPMENT|DEEP|5,False
30d8fca4-c73f-459f-abb0-af2a236b7344,d8e029c0-89eb-4cd8-a5f9-16eddf93d7cc,EQUIPMENT,DEEP-C DREDGER (SD-017),DEEP-C DREDGER (SD-045),0.9047619047619048,017,045,0.0,EQUIPMENT|DEEP|5,False
c7b2e270-1a27-47db-9a25-6ea4e675a01f,a634c3b0-48a4-4f9d-9c55-b7ab47d6b0f5,EQUIPMENT,PERMANENT PAD EYE,PERMANENT PAD EYES,0.9714285714285714,,,1.0,EQUIPMENT|PERMANENT|4,True
05de7ee9-5fca-4133-b781-8b0c2c016314,00df7db5-9e56-4d53-af7f-7b483fcf8bc6,EQUIPMENT,COMPANY VEHICLE LD3970,COMPANY VEHICLE LD3969,0.9090909090909092,3970,3969,0.0,EQUIPMENT|COMPANY|5,False
fa385680-94d9-4df6-beff-35831e22b474,82e18c0f-551e-4e9f-9aef-3a1f47039584,EQUIPMENT,DEEP-C DREDGER (SD-115),DEEP-C DREDGER (SD-118),0.9523809523809524,115,118,0.0,EQUIPMENT|DEEP|5,False
0a2749ac-4bd5-482f-b65a-aba18652d726,30d8fca4-c73f-459f-abb0-af2a236b7344,EQUIPMENT,DEEP-C DREDGER (SD-007),DEEP-C DREDGER (SD-017),0.9523809523809524,007,017,0.0,EQUIPMENT|DEEP|5,False
b98c28da-6ba4-4b23-ae99-be367ad2e6e8,42833cae-a5b5-4b89-96ce-1a375e0cbbd1,EQUIPMENT,DEEP-C DREDGER (SD-094),DEEP-C DREDGER (SD-098),0.9523809523809524,094,098,0.0,EQUIPMENT|DEEP|5,False
3a6c5c6f-b128-4dd4-8cd9-7e8033b2f9af,318081ed-2730-4ed6-878e-d612408102f8,EQUIPMENT,DEEP-C DREDGER (SD-001),DEEP-C DREDGER (SD-024),0.9047619047619048,001,024,0.0,EQUIPMENT|DEEP|5,False
ab509eb9-2162-45cc-b1a7-ceb57b1595b6,2584c082-0598-48f7-aa59-99ee1c619104,EQUIPMENT,COMPANY VEHICLE LD3585,COMPANY VEHICLE LD3876,0.9090909090909092,3585,3876,0.0,EQUIPMENT|COMPANY|5,False
73b8322a-bc16-48a4-9bd9-e538b135ae7b,c6f95412-a785-4cb3-97fe-e177f17f760b,EQUIPMENT,DEEP-C DREDGER (SD-006),DEEP-C DREDGER (SD-080),0.9523809523809524,006,080,0.0,EQUIPMENT|DEEP|5,False
4072df2b-f7c8-45cd-a35c-394805e4250b,8a524035-eac8-49f5-8a2c-1b61b9c49ccd,EQUIPMENT,106TE CLIMP WEIGHT,106TE CLUMP WEIGHT,0.9444444444444444,106,106,1.0,EQUIPMENT|106TE|4,False
30d8fca4-c73f-459f-abb0-af2a236b7344,babb82d4-04fd-46af-a12b-909f6460c746,EQUIPMENT,DEEP-C DREDGER (SD-017),DEEP-C DREDGER (SD-051),0.9523809523809524,017,051,0.0,EQUIPMENT|DEEP|5,False
a22b7b5d-9914-4c01-ac26-5b529efc06c8,42833cae-a5b5-4b89-96ce-1a375e0cbbd1,EQUIPMENT,DEEP-C DREDGER (SD-074),DEEP-C DREDGER (SD-098),0.9047619047619048,074,098,0.0,EQUIPMENT|DEEP|5,False
212bf37e-499e-4184-b086-0b38a7aeb445,dcd39ac5-b9c5-40e0-9d61-5c651af9cda1,EQUIPMENT,COMPANY VEHICLE LD3964,COMPANY VEHICLE LD3994,0.9545454545454546,3964,3994,0.0,EQUIPMENT|COMPANY|5,False
1ac12523-dd35-4d8b-95cb-b7a18c01abfe,5298353f-afdf-4fc1-a91c-be8e300ba659,EQUIPMENT,DEEP-C DREDGER (SD-042),DEEP-C DREDGER (SD-055),0.9047619047619048,042,055,0.0,EQUIPMENT|DEEP|5,False
802df679-9d85-46ad-bf35-3a43869c0474,952dfc90-eb7d-465d-b1fd-2ea7916cd714,EQUIPMENT,SHELL TELLUS S2 V 46,SHELL TELLUS S2 V 32,0.9189189189189187,2|46,2|32,0.3333333333333333,EQUIPMENT|SHELL|5,False
1f2e2f01-b3ba-4685-8546-b0177626ce25,e04ac920-9a81-4021-b669-19033f904d98,EQUIPMENT,DEEP-C DREDGER (SD-050),DEEP-C DREDGER (SD-053),0.9523809523809524,050,053,0.0,EQUIPMENT|DEEP|5,False
6b1e1985-76f5-4f9b-979f-9b03f48539f0,a3fff9da-abf4-4439-899e-c1dce38ba077,EQUIPMENT,DEEP-C DREDGER (SD-060),DEEP-C DREDGER (SD-073),0.9047619047619048,060,073,0.0,EQUIPMENT|DEEP|5,False
e44a0160-7914-4743-9670-a94d72876c02,27c2fd21-e13f-4344-b9e5-3891fd8e9309,EQUIPMENT,DEEP-C DREDGER (SD-059),DEEP-C DREDGER (SD-102),0.9047619047619048,059,102,0.0,EQUIPMENT|DEEP|5,False
a60079d3-da0f-49ac-83bb-d882c5e30b6c,e44a0160-7914-4743-9670-a94d72876c02,EQUIPMENT,DEEP-C DREDGER (SD-003),DEEP-C DREDGER (SD-059),0.9047619047619048,003,059,0.0,EQUIPMENT|DEEP|5,False
87cfb7be-f7ca-4c25-a8f6-a9acd3c4aa89,4da48460-b804-48a6-9030-1d82c4fc731d,EQUIPMENT,SHELL TELLUS 22,SHELL TELLUS 32,0.9333333333333332,22,32,0.0,EQUIPMENT|SHELL|3,False
82b82943-1c78-4c54-880b-198bc9f67363,2a2c9537-149a-43b2-9c5e-67af0e3bdbd1,EQUIPMENT,DEEP-C DREDGER (SD-018),DEEP-C DREDGER (SD-040),0.9047619047619048,018,040,0.0,EQUIPMENT|DEEP|5,False
1ac12523-dd35-4d8b-95cb-b7a18c01abfe,1f2e2f01-b3ba-4685-8546-b0177626ce25,EQUIPMENT,DEEP-C DREDGER (SD-042),DEEP-C DREDGER (SD-050),0.9047619047619048,042,050,0.0,EQUIPMENT|DEEP|5,False
41f7643a-2688-49c5-915b-3cfa3ee6e9fa,e5e16a99-2787-47a8-a219-0b1ce06cb9f6,EQUIPMENT,DEEP-C DREDGER (SD-054),DEEP-C DREDGER (SD-057),0.9523809523809524,054,057,0.0,EQUIPMENT|DEEP|5,False
c2bec3a0-e6af-4174-9423-8125af9947e1,7fa9a4fb-3feb-4647-aecb-6242c4a1404d,ORGANIZATION,TPIT HSE TEAMS,TPIT HSE TEAM,0.9629629629629628,,,1.0,ORGANIZATION|TPIT|3,True
914d00ed-ebd7-47d0-988e-1668e72615c1,bbefc044-d392-46eb-933e-81d1d647932f,EQUIPMENT,DEEP-C DREDGER (SD-038),DEEP-C DREDGER (SD-082),0.9523809523809524,038,082,0.0,EQUIPMENT|DEEP|5,False
1f0143f9-976d-40b8-898c-2b8c001bf481,00df7db5-9e56-4d53-af7f-7b483fcf8bc6,EQUIPMENT,COMPANY VEHICLE LD3643,COMPANY VEHICLE LD3969,0.9090909090909092,3643,3969,0.0,EQUIPMENT|COMPANY|5,False
d6bfd93b-6965-45d7-a08b-79d851b9ddda,3b110d55-d08d-42dd-930f-d7b9695a1954,EQUIPMENT,DEEP-C DREDGER (SD-020),DEEP-C DREDGER (SD-066),0.9047619047619048,020,066,0.0,EQUIPMENT|DEEP|5,False
53210836-e26a-472e-95eb-3cec92b1e17a,b23b05c7-8f0b-482b-a577-06e2a2a4b092,LOCATION,LAT 29° 06.1’ N LONG 087° 57.5’ W,LAT 29° 06.3’ N LONG 087° 57.9’ W,0.9310344827586208,29|06|1|087|57|5,29|06|3|087|57|9,0.5,LOCATION|LAT|7,False
d6124611-61dc-4e30-b2fc-bceda953a842,2e1d8c01-f3a6-410f-9cb3-4fcb745ce2a9,EQUIPMENT,COMPANY VEHICLE LD3854,COMPANY VEHICLE LD3887,0.9090909090909092,3854,3887,0.0,EQUIPMENT|COMPANY|5,False
2a2c9537-149a-43b2-9c5e-67af0e3bdbd1,f33b7a3d-1cd7-4115-9804-8887077d16be,EQUIPMENT,DEEP-C DREDGER (SD-040),DEEP-C DREDGER (SD-063),0.9047619047619048,040,063,0.0,EQUIPMENT|DEEP|5,False
99b353bb-1902-4d68-a2fb-a38593addbd6,3ea9a906-25f5-4546-aa58-89f8bca6d887,EQUIPMENT,DEEP-C DREDGER (SD-058),DEEP-C DREDGER (SD-105),0.9523809523809524,058,105,0.0,EQUIPMENT|DEEP|5,False
30d8fca4-c73f-459f-abb0-af2a236b7344,beef994f-9204-4229-8144-10db644afdb9,EQUIPMENT,DEEP-C DREDGER (SD-017),DEEP-C DREDGER (SD-099),0.9047619047619048,017,099,0.0,EQUIPMENT|DEEP|5,False
0774086e-7d36-4ff9-be3a-4061748c9a8f,a9be8c2d-1939-49ba-9e97-7b0815d9d701,EQUIPMENT,DEEP-C DREDGER (SD-101),DEEP-C DREDGER (SD-117),0.9523809523809524,101,117,0.0,EQUIPMENT|DEEP|5,False
f962da10-fe4e-4f19-9573-91d0d41b3dbc,e5737d68-3b96-46a6-b723-a978301656d7,EQUIPMENT,DEEP-C DREDGER (SD-078),DEEP-C DREDGER (SD-093),0.9047619047619048,078,093,0.0,EQUIPMENT|DEEP|5,False
1787a705-a688-468d-a79d-475cfbfee187,e44a0160-7914-4743-9670-a94d72876c02,EQUIPMENT,DEEP-C DREDGER (SD-005),DEEP-C DREDGER (SD-059),0.9523809523809524,005,059,0.0,EQUIPMENT|DEEP|5,False
1787a705-a688-468d-a79d-475cfbfee187,a3fff9da-abf4-4439-899e-c1dce38ba077,EQUIPMENT,DEEP-C DREDGER (SD-005),DEEP-C DREDGER (SD-073),0.9047619047619048,005,073,0.0,EQUIPMENT|DEEP|5,False
0fc190fb-80b8-4dd8-be12-aa05fe2c6bea,f712154b-eaeb-48a8-a18e-794b7f6c784d,EQUIPMENT,DEEP-C DREDGER (SD-062),DEEP-C DREDGER (SD-087),0.9047619047619048,062,087,0.0,EQUIPMENT|DEEP|5,False
0774086e-7d36-4ff9-be3a-4061748c9a8f,bd7d86b4-daef-4f78-9717-e7a365afb922,EQUIPMENT,DEEP-C DREDGER (SD-101),DEEP-C DREDGER (SD-110),0.9523809523809524,101,110,0.0,EQUIPMENT|DEEP|5,False
d058c42b-373c-4f97-baa4-446bc6f14273,4fa4416a-045c-4964-8469-53a31d7d46d3,EQUIPMENT,DEEP-C DREDGER (SD-030),DEEP-C DREDGER (SD-095),0.9047619047619048,030,095,0.0,EQUIPMENT|DEEP|5,False
2708ff3c-291b-42e7-b6c8-88d5b0c8469d,a520af68-dea9-4354-a991-2b27afafdb7e,ORGANIZATION,NON-TECHNIP OWNED - BNJ-NM 18 - 2529 TAP PROJECT - GREECE/KP 239,NON-TECHNIP OWNED - BNJ-NM 23 - 2529 TAP PROJECT - GREECE/KP 376,0.9357798165137616,18|2529|239,23|2529|376,0.2,ORGANIZATION|NON|14,False
e8476665-b2b7-4c26-ad77-bd40d8207701,8b8697b8-73a3-49d9-81ff-684042d69ffa,LOCATION,"DEEP ORIENT, ABERDEEN, UK, EUROPE, TECHNIPFMC","DEEP EXPLORER, ABERDEEN, UK, EUROPE, TECHNIPFMC",0.9066666666666668,,,1.0,LOCATION|DEEP|10,False
91f8df7e-a70c-47e1-96d6-9b84e0195a13,a596dd62-130e-4fff-9273-57decd24f60f,EQUIPMENT,DEEP-C DREDGER (SD-021),DEEP-C DREDGER (SD-034),0.9047619047619048,021,034,0.0,EQUIPMENT|DEEP|5,False
3d5e6e1b-b10e-4add-aa8c-f3164cad697a,f45354e8-3e93-475b-af4e-714539a06770,EQUIPMENT,DEEP-C DREDGER (SD-016),DEEP-C DREDGER (SD-068),0.9523809523809524,016,068,0.0,EQUIPMENT|DEEP|5,False
a9be8c2d-1939-49ba-9e97-7b0815d9d701,b9a9ea77-d659-4929-a9cc-a46c3dc5464e,EQUIPMENT,DEEP-C DREDGER (SD-117),DEEP-C DREDGER (SD-120),0.9047619047619048,117,120,0.0,EQUIPMENT|DEEP|5,False
ab509eb9-2162-45cc-b1a7-ceb57b1595b6,c2dc337e-bc73-482a-b980-1a724768f00a,EQUIPMENT,COMPANY VEHICLE LD3585,COMPANY VEHICLE LD3955,0.9545454545454546,3585,3955,0.0,EQUIPMENT|COMPANY|5,False
5156079a-472b-464f-8080-8e8b1049e090,302bb254-8fcf-42d3-96cb-f5acbbfb7647,EQUIPMENT,COMPANY VEHICLE LD5596,COMPANY VEHICLE LD5529,0.9545454545454546,5596,5529,0.0,EQUIPMENT|COMPANY|5,False
0a5c13fe-e4eb-4a69-85e1-c8cf69a83972,c35b23b1-782c-495b-908d-1872d03fa0ad,EQUIPMENT,DEEP-C DREDGER (SD-015),DEEP-C DREDGER (SD-061),0.9523809523809524,015,061,0.0,EQUIPMENT|DEEP|5,False
5156079a-472b-464f-8080-8e8b1049e090,86a39caf-27d3-4c85-9ac1-55ec8b94059a,EQUIPMENT,COMPANY VEHICLE LD5596,COMPANY VEHICLE LD5603,0.9090909090909092,5596,5603,0.0,EQUIPMENT|COMPANY|5,False
d6862eee-fcff-4903-b0fb-2ec77fed79a3,e5737d68-3b96-46a6-b723-a978301656d7,EQUIPMENT,DEEP-C DREDGER (SD-013),DEEP-C DREDGER (SD-093),0.9523809523809524,013,093,0.0,EQUIPMENT|DEEP|5,False
24c7f0eb-cd55-45fe-ba02-d16bc3e312ee,c6370cdb-9d9a-4212-83a1-b0d4e205d790,LOCATION,"UNKNOWN, UNKNOWN, ISRAEL, MIDDLE EAST",UNKNOWN - UNKNOWN - ISRAEL - MIDDLE EAST,1.0,,,1.0,LOCATION|UNKNOWN|8,True
a7e247b2-6794-4f5a-ab7c-0f77ac57249f,c324db46-cbcf-4546-a023-f1822c532707,EQUIPMENT,DEEP-C DREDGER (SD-026),DEEP-C DREDGER (SD-076),0.9523809523809524,026,076,0.0,EQUIPMENT|DEEP|5,False
212bf37e-499e-4184-b086-0b38a7aeb445,604e190b-004a-45db-93cb-1e66692e58ae,EQUIPMENT,COMPANY VEHICLE LD3964,COMPANY VEHICLE LD3698,0.9090909090909092,3964,3698,0.0,EQUIPMENT|COMPANY|5,False
954c1e25-46fc-43b4-8d58-6f2640b59b2e,f962da10-fe4e-4f19-9573-91d0d41b3dbc,EQUIPMENT,DEEP-C DREDGER (SD-044),DEEP-C DREDGER (SD-078),0.9047619047619048,044,078,0.0,EQUIPMENT|DEEP|5,False
f33b7a3d-1cd7-4115-9804-8887077d16be,f45354e8-3e93-475b-af4e-714539a06770,EQUIPMENT,DEEP-C DREDGER (SD-063),DEEP-C DREDGER (SD-068),0.9523809523809524,063,068,0.0,EQUIPMENT|DEEP|5,False
7e65880f-9f10-4220-9f26-ee675984d3da,d6862eee-fcff-4903-b0fb-2ec77fed79a3,EQUIPMENT,DEEP-C DREDGER (SD-012),DEEP-C DREDGER (SD-013),0.9523809523809524,012,013,0.0,EQUIPMENT|DEEP|5,False
f4d7d829-1106-4def-9054-be07c3901509,46ee07a9-38b4-48ee-bfe7-1430ca8d435a,LOCATION,PRODUCTION SHOP 2,PRODUCTION SHOP 02,0.9714285714285714,2,02,0.0,LOCATION|PRODUCTION|4,False
e9d7f76a-3631-42d3-bfe3-2d762e5f6fd7,950be9de-2de3-42d9-a96d-526fe325c47d,EQUIPMENT,COMPANY VEHICLE LD3985,COMPANY VEHICLE LD3797,0.9090909090909092,3985,3797,0.0,EQUIPMENT|COMPANY|5,False
8d215c0d-7d0b-44e3-b238-6369a89d533b,d59141a9-cf67-4995-93aa-289968bfb2f6,BODY_PART,RIGHT HAND WRIST,RIGHT HAND/WRIST,1.0,,,1.0,BODY_PART|RIGHT|4,True
c35b23b1-782c-495b-908d-1872d03fa0ad,f45354e8-3e93-475b-af4e-714539a06770,EQUIPMENT,DEEP-C DREDGER (SD-061),DEEP-C DREDGER (SD-068),0.9523809523809524,061,068,0.0,EQUIPMENT|DEEP|5,False
0a5c13fe-e4eb-4a69-85e1-c8cf69a83972,156bff14-0bbc-4558-85bd-33dd8026fb44,EQUIPMENT,DEEP-C DREDGER (SD-015),DEEP-C DREDGER (SD-089),0.9047619047619048,015,089,0.0,EQUIPMENT|DEEP|5,False
4d15c2c4-f2ad-40fb-9fc1-9c4641c61cdc,41f7643a-2688-49c5-915b-3cfa3ee6e9fa,EQUIPMENT,DEEP-C DREDGER (SD-004),DEEP-C DREDGER (SD-054),0.9523809523809524,004,054,0.0,EQUIPMENT|DEEP|5,False
e9d7f76a-3631-42d3-bfe3-2d762e5f6fd7,2e1d8c01-f3a6-410f-9cb3-4fcb745ce2a9,EQUIPMENT,COMPANY VEHICLE LD3985,COMPANY VEHICLE LD3887,0.9090909090909092,3985,3887,0.0,EQUIPMENT|COMPANY|5,False
6d4e7866-1586-45c8-96b7-d37efe828f4c,f962da10-fe4e-4f19-9573-91d0d41b3dbc,EQUIPMENT,DEEP-C DREDGER (SD-049),DEEP-C DREDGER (SD-078),0.9047619047619048,049,078,0.0,EQUIPMENT|DEEP|5,False
56b6173d-22e8-49cb-a355-d6d5769810d5,6cd8114b-198e-495c-a2ad-f70d143ad811,ORGANIZATION,THIRD-PARTY WORKER,THIRD PARTY WORKERS,0.9729729729729728,,,1.0,ORGANIZATION|THIRD|4,True
b6358eaf-f391-42b9-8bf0-79d925af831f,82e18c0f-551e-4e9f-9aef-3a1f47039584,EQUIPMENT,DEEP-C DREDGER (SD-086),DEEP-C DREDGER (SD-118),0.9047619047619048,086,118,0.0,EQUIPMENT|DEEP|5,False
41bf3ad9-d246-4745-8cd5-99347d034202,bc35dc7e-0cb5-4e44-af0e-b0ea01d699dc,EQUIPMENT,WINCH,WINCH G,1.0,,,1.0,EQUIPMENT|WINCH|1,True
6b1e1985-76f5-4f9b-979f-9b03f48539f0,f33b7a3d-1cd7-4115-9804-8887077d16be,EQUIPMENT,DEEP-C DREDGER (SD-060),DEEP-C DREDGER (SD-063),0.9523809523809524,060,063,0.0,EQUIPMENT|DEEP|5,False
a39fd497-be81-46d2-aff4-08294a09a5aa,b28674d9-ef4c-49a8-9e3c-7ac616f9c589,LOCATION,BUILDING 1,BUILDING,1.0,1,,0.0,LOCATION|BUILDING|2,False
8ff1dab0-ce00-41f9-a48f-36ec57f1e715,22a2f2a2-4bc6-4ebe-ba49-93ef38170662,EQUIPMENT,DEEP-C DREDGER (SD-065),DEEP-C DREDGER (SD-092),0.9047619047619048,065,092,0.0,EQUIPMENT|DEEP|5,False
7e9f2a1a-c0ab-43c9-bc43-8939b1916afd,3ed5131c-760d-459a-993a-70d03af67bae,EQUIPMENT,COMPANY VEHICLE LD5528,COMPANY VEHICLE LD5582,0.9545454545454546,5528,5582,0.0,EQUIPMENT|COMPANY|5,False
7561a911-42d8-47f2-8c82-cba63a506486,e44a0160-7914-4743-9670-a94d72876c02,EQUIPMENT,DEEP-C DREDGER (SD-052),DEEP-C DREDGER (SD-059),0.9523809523809524,052,059,0.0,EQUIPMENT|DEEP|5,False
7e052c5f-cb69-40f6-bfee-3b62705bd962,a5be9442-d937-4d1b-8c95-694dbb0e9579,EQUIPMENT,COMPANY VEHICLE LD3784,COMPANY VEHICLE LD3478,0.9545454545454546,3784,3478,0.0,EQUIPMENT|COMPANY|5,False
b9a9ea77-d659-4929-a9cc-a46c3dc5464e,ecb301b1-706d-4d99-a61e-1d3572b21b7f,EQUIPMENT,DEEP-C DREDGER (SD-120),DEEP-C DREDGER (SD-121),0.9523809523809524,120,121,0.0,EQUIPMENT|DEEP|5,False
8dc03ae3-3b59-43ee-9702-665eeefa5b09,6b1e1985-76f5-4f9b-979f-9b03f48539f0,EQUIPMENT,DEEP-C DREDGER (SD-046),DEEP-C DREDGER (SD-060),0.9523809523809524,046,060,0.0,EQUIPMENT|DEEP|5,False
915e97d0-694d-4e3c-b3d1-43316a96716f,22a2f2a2-4bc6-4ebe-ba49-93ef38170662,EQUIPMENT,DEEP-C DREDGER (SD-069),DEEP-C DREDGER (SD-092),0.9523809523809524,069,092,0.0,EQUIPMENT|DEEP|5,False
6960a255-59ea-4029-af01-a98447f3b14c,f45354e8-3e93-475b-af4e-714539a06770,EQUIPMENT,DEEP-C DREDGER (SD-041),DEEP-C DREDGER (SD-068),0.9047619047619048,041,068,0.0,EQUIPMENT|DEEP|5,False
82b82943-1c78-4c54-880b-198bc9f67363,954c1e25-46fc-43b4-8d58-6f2640b59b2e,EQUIPMENT,DEEP-C DREDGER (SD-018),DEEP-C DREDGER (SD-044),0.9047619047619048,018,044,0.0,EQUIPMENT|DEEP|5,False
7e98203f-da4e-4a0e-9e81-ed1b68b740bb,cf51e0ce-3eb3-4be3-a76c-35dc6cf527d8,EQUIPMENT,SANDING DISC,SANDING DISK,0.9166666666666669,,,1.0,EQUIPMENT|SANDING|3,False
36035d0a-3008-42cc-bc4a-564e7746be54,7e4b900d-1f76-44e9-944e-38be8c54f9e8,EQUIPMENT,COMPANY VEHICLE LD5506,COMPANY VEHICLE LD5516,0.9545454545454546,5506,5516,0.0,EQUIPMENT|COMPANY|5,False
c79c86b0-54cd-4795-82c7-4c8208890094,b0d5a7ff-2836-47a9-9326-39608c98c8b5,EQUIPMENT,PICK-UP,PICK UP,1.0,,,1.0,EQUIPMENT|PICK|1,True
d6bfd93b-6965-45d7-a08b-79d851b9ddda,b926bc66-9fff-48a9-bbf8-046102a2203a,EQUIPMENT,DEEP-C DREDGER (SD-020),DEEP-C DREDGER (SD-035),0.9047619047619048,020,035,0.0,EQUIPMENT|DEEP|5,False
6909456c-8996-46be-a7b4-7a13e856bc0b,f712154b-eaeb-48a8-a18e-794b7f6c784d,EQUIPMENT,DEEP-C DREDGER (SD-022),DEEP-C DREDGER (SD-087),0.9047619047619048,022,087,0.0,EQUIPMENT|DEEP|5,False
d70ca417-3be7-46d1-b539-acd502b6e2c2,59dcdc74-96ec-4c1f-a0d5-53ea1a69d41c,ORGANIZATION,EMPLOYEE ID 10034563,EMPLOYEE (ID# 10023763),0.9,10034563,10023763,0.0,ORGANIZATION|EMPLOYEE|5,False
2db1a3b0-53f5-4557-b4d6-9eff4a9e44e7,a834aba1-c22a-4e98-ac01-7271fbafce1c,EQUIPMENT,COMPANY VEHICLE LD3843,COMPANY VEHICLE LD3954,0.9090909090909092,3843,3954,0.0,EQUIPMENT|COMPANY|5,False
9509f499-cf6f-4f22-b819-9c018217e292,ba0d22d5-3e6f-461c-b09c-b1144cd61b5a,LOCATION,YAMAL LNG PROJECT - SABETTA,YAMAL LNG PROJECT SABETTA,1.0,,,1.0,LOCATION|YAMAL|6,True
df5af68d-60b2-46a4-9cae-38e319fd4d75,1bc5551e-7d67-439b-b2fd-121cdcdca48f,EQUIPMENT,DEEP-C DREDGER (SD-104),DEEP-C DREDGER (SD-109),0.9523809523809524,104,109,0.0,EQUIPMENT|DEEP|5,False
0a5c13fe-e4eb-4a69-85e1-c8cf69a83972,98d50bf1-d27b-4d2f-b943-4e49b25a07cc,EQUIPMENT,DEEP-C DREDGER (SD-015),DEEP-C DREDGER (SD-064),0.9047619047619048,015,064,0.0,EQUIPMENT|DEEP|5,False
e1b3062c-9c05-4c85-8ae3-c78b44e5f165,3f79025d-b779-41af-b65c-ee1aad33d2ad,EQUIPMENT,COMPANY VEHICLE LD3830,COMPANY VEHICLE LD3860,0.9545454545454546,3830,3860,0.0,EQUIPMENT|COMPANY|5,False
5298353f-afdf-4fc1-a91c-be8e300ba659,e44a0160-7914-4743-9670-a94d72876c02,EQUIPMENT,DEEP-C DREDGER (SD-055),DEEP-C DREDGER (SD-059),0.9523809523809524,055,059,0.0,EQUIPMENT|DEEP|5,False
3a6c5c6f-b128-4dd4-8cd9-7e8033b2f9af,769eb7f9-3244-468a-b2ee-390a54529df4,EQUIPMENT,DEEP-C DREDGER (SD-001),DEEP-C DREDGER (SD-036),0.9047619047619048,001,036,0.0,EQUIPMENT|DEEP|5,False
b77a9d5f-34f0-4d6b-8952-b75f74a599b1,00df7db5-9e56-4d53-af7f-7b483fcf8bc6,EQUIPMENT,COMPANY VEHICLE LD3562,COMPANY VEHICLE LD3969,0.9090909090909092,3562,3969,0.0,EQUIPMENT|COMPANY|5,False
9ea38fb3-460e-48f4-ba5e-922fa80f2207,b9a9ea77-d659-4929-a9cc-a46c3dc5464e,EQUIPMENT,DEEP-C DREDGER (SD-011),DEEP-C DREDGER (SD-120),0.9047619047619048,011,120,0.0,EQUIPMENT|DEEP|5,False
7561a911-42d8-47f2-8c82-cba63a506486,22a2f2a2-4bc6-4ebe-ba49-93ef38170662,EQUIPMENT,DEEP-C DREDGER (SD-052),DEEP-C DREDGER (SD-092),0.9523809523809524,052,092,0.0,EQUIPMENT|DEEP|5,False
fa385680-94d9-4df6-beff-35831e22b474,4d1d3f50-f72d-4aef-83f7-43e61c5d9318,EQUIPMENT,DEEP-C DREDGER (SD-115),DEEP-C DREDGER (SD-116),0.9523809523809524,115,116,0.0,EQUIPMENT|DEEP|5,False
b28674d9-ef4c-49a8-9e3c-7ac616f9c589,a15cbeae-1101-450c-9886-9b087bd9f4ac,LOCATION,BUILDING,BUILDING 15,1.0,,15,0.0,LOCATION|BUILDING|2,False
607559c2-51e8-44bf-a9e9-79c7d93114a6,a67c677b-3c69-40fd-b263-544701b1177c,EQUIPMENT,CEILING TILES,CEILING TILE,0.96,,,1.0,EQUIPMENT|CEILING|3,True
82b82943-1c78-4c54-880b-198bc9f67363,f962da10-fe4e-4f19-9573-91d0d41b3dbc,EQUIPMENT,DEEP-C DREDGER (SD-018),DEEP-C DREDGER (SD-078),0.9523809523809524,018,078,0.0,EQUIPMENT|DEEP|5,False
73b8322a-bc16-48a4-9bd9-e538b135ae7b,bbefc044-d392-46eb-933e-81d1d647932f,EQUIPMENT,DEEP-C DREDGER (SD-006),DEEP-C DREDGER (SD-082),0.9047619047619048,006,082,0.0,EQUIPMENT|DEEP|5,False
1f2e2f01-b3ba-4685-8546-b0177626ce25,5298353f-afdf-4fc1-a91c-be8e300ba659,EQUIPMENT,DEEP-C DREDGER (SD-050),DEEP-C DREDGER (SD-055),0.9523809523809524,050,055,0.0,EQUIPMENT|DEEP|5,False
6909456c-8996-46be-a7b4-7a13e856bc0b,6d4e7866-1586-45c8-96b7-d37efe828f4c,EQUIPMENT,DEEP-C DREDGER (SD-022),DEEP-C DREDGER (SD-049),0.9047619047619048,022,049,0.0,EQUIPMENT|DEEP|5,False
311c18e2-bd3c-42d2-913b-a81f172827ed,be307043-f0d4-4b5e-bf1d-0636bc48093e,LOCATION,GREECE/KP 186,GREECE/KP 188,0.923076923076923,186,188,0.0,LOCATION|GREECE|3,False
a54bd296-ee4b-4cd7-96b8-c8e8af65a916,029b2dd5-1c57-4962-af6a-d3d073046d50,LOCATION,WORKSHOP,WORKSHOP V1,1.0,,1,0.0,LOCATION|WORKSHOP|2,False
1787a705-a688-468d-a79d-475cfbfee187,f33b7a3d-1cd7-4115-9804-8887077d16be,EQUIPMENT,DEEP-C DREDGER (SD-005),DEEP-C DREDGER (SD-063),0.9047619047619048,005,063,0.0,EQUIPMENT|DEEP|5,False
c130e6ab-c222-481c-acfb-6c51cda7ecba,c35b23b1-782c-495b-908d-1872d03fa0ad,EQUIPMENT,DEEP-C DREDGER (SD-008),DEEP-C DREDGER (SD-061),0.9047619047619048,008,061,0.0,EQUIPMENT|DEEP|5,False
4d15c2c4-f2ad-40fb-9fc1-9c4641c61cdc,8dc03ae3-3b59-43ee-9702-665eeefa5b09,EQUIPMENT,DEEP-C DREDGER (SD-004),DEEP-C DREDGER (SD-046),0.9523809523809524,004,046,0.0,EQUIPMENT|DEEP|5,False
6c6cf49e-631e-4ce7-9645-85891ddff4a9,20085c59-4f99-43d7-a727-d44bdac28d79,ORGANIZATION,EMPLOYEE,EMPLOYEE #2,1.0,,2,0.0,ORGANIZATION|EMPLOYEE|2,False
4e09b6ee-2823-4cdc-8405-c26659bcf2ea,59043f5c-c89f-47ac-8051-945a5f3e89fc,LOCATION,"FRANCE, LE TRAIT",FRANCE - LE TRAIT,1.0,,,1.0,LOCATION|FRANCE|3,True
f12fbbe3-ecb5-4cb4-8d07-1dce4aeb6588,3d5e6e1b-b10e-4add-aa8c-f3164cad697a,EQUIPMENT,DEEP-C DREDGER (SD-002),DEEP-C DREDGER (SD-016),0.9047619047619048,002,016,0.0,EQUIPMENT|DEEP|5,False
212bf37e-499e-4184-b086-0b38a7aeb445,d6124611-61dc-4e30-b2fc-bceda953a842,EQUIPMENT,COMPANY VEHICLE LD3964,COMPANY VEHICLE LD3854,0.9090909090909092,3964,3854,0.0,EQUIPMENT|COMPANY|5,False
99b353bb-1902-4d68-a2fb-a38593addbd6,f45354e8-3e93-475b-af4e-714539a06770,EQUIPMENT,DEEP-C DREDGER (SD-058),DEEP-C DREDGER (SD-068),0.9523809523809524,058,068,0.0,EQUIPMENT|DEEP|5,False
b4cd361a-4e6c-4158-90e7-6f985194e949,c6f95412-a785-4cb3-97fe-e177f17f760b,EQUIPMENT,DEEP-C DREDGER (SD-028),DEEP-C DREDGER (SD-080),0.9523809523809524,028,080,0.0,EQUIPMENT|DEEP|5,False
7561a911-42d8-47f2-8c82-cba63a506486,99b353bb-1902-4d68-a2fb-a38593addbd6,EQUIPMENT,DEEP-C DREDGER (SD-052),DEEP-C DREDGER (SD-058),0.9523809523809524,052,058,0.0,EQUIPMENT|DEEP|5,False
bbefc044-d392-46eb-933e-81d1d647932f,d4b817db-0316-49dc-b6cd-5cb4a89ccffd,EQUIPMENT,DEEP-C DREDGER (SD-082),DEEP-C DREDGER (SD-108),0.9523809523809524,082,108,0.0,EQUIPMENT|DEEP|5,False
33c7b1e1-330a-4986-bd98-a50fd6958292,0c2044a9-95a1-474b-aeba-d97c0201ffea,ORGANIZATION,PROJECT ENGINEERS,PROJECT ENGINEER,0.9696969696969696,,,1.0,ORGANIZATION|PROJECT|4,True
b72a5bb7-e7bb-482c-80e6-7b40ab972276,52fc3246-6f44-4d55-869f-692ff30ade8e,EQUIPMENT,COMPANY VEHICLE LD5533,COMPANY VEHICLE LD5578,0.9090909090909092,5533,5578,0.0,EQUIPMENT|COMPANY|5,False
bbefc044-d392-46eb-933e-81d1d647932f,022f3a0f-c02a-4808-803e-d5738fd9112e,EQUIPMENT,DEEP-C DREDGER (SD-082),DEEP-C DREDGER (SD-083),0.9523809523809524,082,083,0.0,EQUIPMENT|DEEP|5,False
7e052c5f-cb69-40f6-bfee-3b62705bd962,52fc3246-6f44-4d55-869f-692ff30ade8e,EQUIPMENT,COMPANY VEHICLE LD3784,COMPANY VEHICLE LD5578,0.9090909090909092,3784,5578,0.0,EQUIPMENT|COMPANY|5,False
6909456c-8996-46be-a7b4-7a13e856bc0b,c324db46-cbcf-4546-a023-f1822c532707,EQUIPMENT,DEEP-C DREDGER (SD-022),DEEP-C DREDGER (SD-076),0.9047619047619048,022,076,0.0,EQUIPMENT|DEEP|5,False
2dde4662-e833-4f78-990a-6d554eb21d02,d058c42b-373c-4f97-baa4-446bc6f14273,EQUIPMENT,DEEP-C DREDGER (SD-019),DEEP-C DREDGER (SD-030),0.9047619047619048,019,030,0.0,EQUIPMENT|DEEP|5,False
a7e247b2-6794-4f5a-ab7c-0f77ac57249f,7ddb58af-46eb-4a54-a304-e4800b7b8a3a,EQUIPMENT,DEEP-C DREDGER (SD-026),DEEP-C DREDGER (SD-106),0.9523809523809524,026,106,0.0,EQUIPMENT|DEEP|5,False
8af1b843-eaa8-4567-b40d-9b2f40d3e54c,e45e1383-26b6-4a20-91e0-50f14973dc20,EQUIPMENT,DEEP-C DREDGER (SD-009),DEEP-C DREDGER (SD-081),0.9047619047619048,009,081,0.0,EQUIPMENT|DEEP|5,False
4d15c2c4-f2ad-40fb-9fc1-9c4641c61cdc,42833cae-a5b5-4b89-96ce-1a375e0cbbd1,EQUIPMENT,DEEP-C DREDGER (SD-004),DEEP-C DREDGER (SD-098),0.9047619047619048,004,098,0.0,EQUIPMENT|DEEP|5,False
fe573f90-bcad-485f-a391-23acc45f594b,00df7db5-9e56-4d53-af7f-7b483fcf8bc6,EQUIPMENT,COMPANY VEHICLE LD3597,COMPANY VEHICLE LD3969,0.9090909090909092,3597,3969,0.0,EQUIPMENT|COMPANY|5,False
d490926f-88dd-450b-b0a7-8b95c3716976,c931f625-fa46-4532-a791-50f68689a57b,EQUIPMENT,COMPANY VEHICLE LD3878,COMPANY VEHICLE LD3820,0.9090909090909092,3878,3820,0.0,EQUIPMENT|COMPANY|5,False
ad3beff9-7c66-4e80-907a-ce8b72459a8b,f338c942-7b2f-4fbb-9aec-3dcf2b1c5e6f,EQUIPMENT,COMPANY VEHICLE LD5504,COMPANY VEHICLE LD5577,0.9090909090909092,5504,5577,0.0,EQUIPMENT|COMPANY|5,False
7bf5937c-d2df-42f8-bddf-04292a74c51c,156bff14-0bbc-4558-85bd-33dd8026fb44,EQUIPMENT,DEEP-C DREDGER (SD-071),DEEP-C DREDGER (SD-089),0.9047619047619048,071,089,0.0,EQUIPMENT|DEEP|5,False
eacb8d7b-fccd-4048-9d69-78751adba2b6,b4c5d976-d95e-4253-9fd9-a28e5f1a9310,EQUIPMENT,LIFEBOAT,LIFEBOAT 1,1.0,,1,0.0,EQUIPMENT|LIFEBOAT|2,True
a5be9442-d937-4d1b-8c95-694dbb0e9579,fe573f90-bcad-485f-a391-23acc45f594b,EQUIPMENT,COMPANY VEHICLE LD3478,COMPANY VEHICLE LD3597,0.9090909090909092,3478,3597,0.0,EQUIPMENT|COMPANY|5,False
d70ca417-3be7-46d1-b539-acd502b6e2c2,bd6d0792-b35f-4ee8-a4aa-9b0c25fa5f17,ORGANIZATION,EMPLOYEE ID 10034563,EMPLOYEE (ID 10015631),0.9,10034563,10015631,0.0,ORGANIZATION|EMPLOYEE|5,False
73b8322a-bc16-48a4-9bd9-e538b135ae7b,50612ed9-b08c-4cc6-9124-398fcb615849,EQUIPMENT,DEEP-C DREDGER (SD-006),DEEP-C DREDGER (SD-033),0.9047619047619048,006,033,0.0,EQUIPMENT|DEEP|5,False
1787a705-a688-468d-a79d-475cfbfee187,5298353f-afdf-4fc1-a91c-be8e300ba659,EQUIPMENT,DEEP-C DREDGER (SD-005),DEEP-C DREDGER (SD-055),0.9523809523809524,005,055,0.0,EQUIPMENT|DEEP|5,False
3a6c5c6f-b128-4dd4-8cd9-7e8033b2f9af,f33b7a3d-1cd7-4115-9804-8887077d16be,EQUIPMENT,DEEP-C DREDGER (SD-001),DEEP-C DREDGER (SD-063),0.9047619047619048,001,063,0.0,EQUIPMENT|DEEP|5,False
b4cd361a-4e6c-4158-90e7-6f985194e949,1bc5551e-7d67-439b-b2fd-121cdcdca48f,EQUIPMENT,DEEP-C DREDGER (SD-028),DEEP-C DREDGER (SD-109),0.9047619047619048,028,109,0.0,EQUIPMENT|DEEP|5,False
950be9de-2de3-42d9-a96d-526fe325c47d,6c791554-365b-46dd-9a06-7a69b9d514ee,EQUIPMENT,COMPANY VEHICLE LD3797,COMPANY VEHICLE LD3775,0.9545454545454546,3797,3775,0.0,EQUIPMENT|COMPANY|5,False
09c560d1-e56e-4103-a5a4-951e087ad268,f4ff0fb5-e653-4d7b-ab89-bcb2ea312943,LOCATION,BUILDING 46,BUILDING 14,0.9090909090909092,46,14,0.0,LOCATION|BUILDING|2,False
ef763c90-950a-4baf-8c93-2bc6d61d255b,8ff1dab0-ce00-41f9-a48f-36ec57f1e715,EQUIPMENT,DEEP-C DREDGER (SD-047),DEEP-C DREDGER (SD-065),0.9047619047619048,047,065,0.0,EQUIPMENT|DEEP|5,False
73b8322a-bc16-48a4-9bd9-e538b135ae7b,c130e6ab-c222-481c-acfb-6c51cda7ecba,EQUIPMENT,DEEP-C DREDGER (SD-006),DEEP-C DREDGER (SD-008),0.9523809523809524,006,008,0.0,EQUIPMENT|DEEP|5,False
2a354888-d90a-42f2-8fb6-4af1e30e3d2e,3ed5131c-760d-459a-993a-70d03af67bae,EQUIPMENT,COMPANY VEHICLE LD5556,COMPANY VEHICLE LD5582,0.9090909090909092,5556,5582,0.0,EQUIPMENT|COMPANY|5,False
f8f25c45-bfe5-46bb-bf4f-05b5bfc99191,a9be8c2d-1939-49ba-9e97-7b0815d9d701,EQUIPMENT,DEEP-C DREDGER (SD-112),DEEP-C DREDGER (SD-117),0.9523809523809524,112,117,0.0,EQUIPMENT|DEEP|5,False
3b110d55-d08d-42dd-930f-d7b9695a1954,296d317c-b3bb-456f-a103-1bbd8f79d803,EQUIPMENT,DEEP-C DREDGER (SD-066),DEEP-C DREDGER (SD-067),0.9523809523809524,066,067,0.0,EQUIPMENT|DEEP|5,False
f0c65298-2086-415f-8578-9b4385da92bb,a46f140b-8a26-4a38-bf13-ab3f93775608,LOCATION,DECK,DECK A,1.0,,,1.0,LOCATION|DECK|1,True
98d50bf1-d27b-4d2f-b943-4e49b25a07cc,b98c28da-6ba4-4b23-ae99-be367ad2e6e8,EQUIPMENT,DEEP-C DREDGER (SD-064),DEEP-C DREDGER (SD-094),0.9523809523809524,064,094,0.0,EQUIPMENT|DEEP|5,False
9862ba8c-42d3-4306-bdbd-00f68222378d,1dda77d0-07be-4c92-8237-ca6d7021663b,LOCATION,"UNKNOWN, HOUMA, USA, NORTH AMERICA",UNKNOWN - UNKNOWN - UNKNOWN - UNKNOWN,1.0,,,1.0,LOCATION|UNKNOWN|7,True
3a6c5c6f-b128-4dd4-8cd9-7e8033b2f9af,f5387631-82f6-4c4e-a4ef-5fb5966698e1,EQUIPMENT,DEEP-C DREDGER (SD-001),DEEP-C DREDGER (SD-091),0.9523809523809524,001,091,0.0,EQUIPMENT|DEEP|5,False
3070b315-db3b-417a-a708-d0c19bcac73f,f7a3fa06-7dc2-4fce-a602-ce6c79db00b9,LOCATION,ZOBSOLETE - ERIE MANUFACTURING,ZOBSOLETE - LENEXA MANUFACTURING,0.9019607843137254,,,1.0,LOCATION|ZOBSOLETE|7,False
2dde4662-e833-4f78-990a-6d554eb21d02,915e97d0-694d-4e3c-b3d1-43316a96716f,EQUIPMENT,DEEP-C DREDGER (SD-019),DEEP-C DREDGER (SD-069),0.9523809523809524,019,069,0.0,EQUIPMENT|DEEP|5,False
2dde4662-e833-4f78-990a-6d554eb21d02,6d0a7c9c-069c-4bf6-becd-c8fed5edcc08,EQUIPMENT,DEEP-C DREDGER (SD-019),DEEP-C DREDGER (SD-070),0.9047619047619048,019,070,0.0,EQUIPMENT|DEEP|5,False
022f3a0f-c02a-4808-803e-d5738fd9112e,e5737d68-3b96-46a6-b723-a978301656d7,EQUIPMENT,DEEP-C DREDGER (SD-083),DEEP-C DREDGER (SD-093),0.9523809523809524,083,093,0.0,EQUIPMENT|DEEP|5,False
0ce97fed-b2de-43ea-84ff-623021cb10ac,22a2f2a2-4bc6-4ebe-ba49-93ef38170662,EQUIPMENT,DEEP-C DREDGER (SD-037),DEEP-C DREDGER (SD-092),0.9047619047619048,037,092,0.0,EQUIPMENT|DEEP|5,False
534645e1-f55b-4ed1-8bc7-ef8a4912b6d7,cc8f93fc-ccbc-447f-a9db-fc7217253cdf,LOCATION,DAMEN SHIPREPAIR AMSTERDAM,"DAMEN SHIPREPAIR, AMSTERDAM",1.0,,,1.0,LOCATION|DAMEN|6,True
006fb6ff-c643-4ea9-ba36-760ba2372379,f377e5e8-25bf-4de2-becc-2783810895d7,LOCATION,"NORTH SEA ATLANTIC, ABERDEEN, UK, EUROPE","NORTH SEA ATLANTIC - ABERDEEN, UK, EUROPE",1.0,,,1.0,LOCATION|NORTH|9,True
82b82943-1c78-4c54-880b-198bc9f67363,42833cae-a5b5-4b89-96ce-1a375e0cbbd1,EQUIPMENT,DEEP-C DREDGER (SD-018),DEEP-C DREDGER (SD-098),0.9523809523809524,018,098,0.0,EQUIPMENT|DEEP|5,False
3a6c5c6f-b128-4dd4-8cd9-7e8033b2f9af,e9172a74-8b5f-4a11-84d1-143c26e0f95f,EQUIPMENT,DEEP-C DREDGER (SD-001),DEEP-C DREDGER (SD-010),0.9523809523809524,001,010,0.0,EQUIPMENT|DEEP|5,False
a60079d3-da0f-49ac-83bb-d882c5e30b6c,1787a705-a688-468d-a79d-475cfbfee187,EQUIPMENT,DEEP-C DREDGER (SD-003),DEEP-C DREDGER (SD-005),0.9523809523809524,003,005,0.0,EQUIPMENT|DEEP|5,False
a596dd62-130e-4fff-9273-57decd24f60f,b2d6b1ff-8823-4ad3-a43e-2b2752a5e2d8,EQUIPMENT,DEEP-C DREDGER (SD-034),DEEP-C DREDGER (SD-048),0.9523809523809524,034,048,0.0,EQUIPMENT|DEEP|5,False
a765203a-251d-40e7-af6e-44e0f05a00b9,a83022f4-4975-43de-96cc-a1c6cb20dc34,EQUIPMENT,WASTE WATER TANKS,WASTE WATER TANK,0.9696969696969696,,,1.0,EQUIPMENT|WASTE|4,True
4d15c2c4-f2ad-40fb-9fc1-9c4641c61cdc,5f653b0e-6b66-4247-97b9-27d88342a04a,EQUIPMENT,DEEP-C DREDGER (SD-004),DEEP-C DREDGER (SD-107),0.9047619047619048,004,107,0.0,EQUIPMENT|DEEP|5,False
4d1d3f50-f72d-4aef-83f7-43e61c5d9318,b9a9ea77-d659-4929-a9cc-a46c3dc5464e,EQUIPMENT,DEEP-C DREDGER (SD-116),DEEP-C DREDGER (SD-120),0.9047619047619048,116,120,0.0,EQUIPMENT|DEEP|5,False
4d519c48-154c-4a2d-a358-e741164b2449,86480a39-378c-42e9-9b8d-61b23edf0771,EQUIPMENT,214-PAU-003,214-PAU-002,0.9090909090909092,214|003,214|002,0.3333333333333333,EQUIPMENT|214|2,False
f82d3f0e-a8e7-43ad-95e1-ed7a0e392c3b,b4fcf425-4f7f-4d68-85a9-cc22e9022e6a,LOCATION,TEST CELL,TEST CELL 2,1.0,,2,0.0,LOCATION|TEST|2,False
06fcbd54-2805-48e8-bda8-724944253a82,6d0a7c9c-069c-4bf6-becd-c8fed5edcc08,EQUIPMENT,DEEP-C DREDGER (SD-027),DEEP-C DREDGER (SD-070),0.9523809523809524,027,070,0.0,EQUIPMENT|DEEP|5,False
296d317c-b3bb-456f-a103-1bbd8f79d803,2670f357-7ddd-4ffb-ad71-660324028ee2,EQUIPMENT,DEEP-C DREDGER (SD-067),DEEP-C DREDGER (SD-077),0.9523809523809524,067,077,0.0,EQUIPMENT|DEEP|5,False
b67d7095-dc29-4023-a0ee-cce4cf9eb805,3578442a-b17a-4d65-969b-e218d3a0eb42,LOCATION,MISSING WORKPLACE: WORKPLACE - YARDS/BASES - OTHER AND LOCATION: UNITED STATES - ODESSA,MISSING WORKPLACE: WORKPLACE - YARDS/BASES AND LOCATION: UNITED STATES - BLAIRSVILLE,0.903225806451613,,,1.0,LOCATION|MISSING|19,False
e8836053-2cf6-46c5-aec5-bc943f898115,f4174137-0db6-4c3b-9ab1-93ce0dde09a7,LOCATION,MISSING WORKPLACE: WORKPLACE - MANUFACTURING SITES - 2. SUBSEA INFRASTRUCTURE - FLEXIBLES  - FLEXI FRANCE (FLEXIBLES) - BATIMENT W3 - MONTAGE EMBOUTS AND LOCATION: FRANCE - LE TRAIT.,MISSING WORKPLACE: WORKPLACE - MANUFACTURING SITES - 2. SUBSEA INFRASTRUCTURE - FLEXIBLES - FLEXI FRANCE (FLEXIBLES) - BATIMENT W3 - MONTAGNE EMBOUTS AND LOCATION: FRANCE - LE TRAIT,0.9962825278810408,2|3,2|3,1.0,LOCATION|MISSING|40,True
7152822b-6748-41fd-a188-3692d191c6c6,e9d7f76a-3631-42d3-bfe3-2d762e5f6fd7,EQUIPMENT,COMPANY VEHICLE LD3940,COMPANY VEHICLE LD3985,0.9090909090909092,3940,3985,0.0,EQUIPMENT|COMPANY|5,False
91f8df7e-a70c-47e1-96d6-9b84e0195a13,8ed95cd5-2718-4606-b414-384a6e1bedce,EQUIPMENT,DEEP-C DREDGER (SD-021),DEEP-C DREDGER (SD-088),0.9047619047619048,021,088,0.0,EQUIPMENT|DEEP|5,False
7036ccf6-72b5-49ee-8527-d7db970b224f,00df7db5-9e56-4d53-af7f-7b483fcf8bc6,EQUIPMENT,COMPANY VEHICLE LD3967,COMPANY VEHICLE LD3969,0.9545454545454546,3967,3969,0.0,EQUIPMENT|COMPANY|5,False
0186fe08-ad68-445e-bbc2-53e32c987f3f,a1d980ce-2590-4625-b869-38547f8abdad,EQUIPMENT,COMPANY VEHICLE LD5511,COMPANY VEHICLE LD5513,0.9545454545454546,5511,5513,0.0,EQUIPMENT|COMPANY|5,False
83d5a1de-9d5d-46a6-ba35-78efa7d4d56c,177a0a3c-02a5-4d16-9e60-40ba3ecdcd1d,EQUIPMENT,ABSORBENT PADS,ABSORBENT PAD,0.9629629629629628,,,1.0,EQUIPMENT|ABSORBENT|3,True
50612ed9-b08c-4cc6-9124-398fcb615849,d6ae4064-6887-4b0b-b47f-a3a685439e0d,EQUIPMENT,DEEP-C DREDGER (SD-033),DEEP-C DREDGER (SD-056),0.9047619047619048,033,056,0.0,EQUIPMENT|DEEP|5,False
108bcb02-3b18-487c-acb3-b79e2e706aee,f10cbdae-5522-4b2d-a300-40e75874d784,EQUIPMENT,COMPANY VEHICLE LD5524,COMPANY VEHICLE LD5554,0.9545454545454546,5524,5554,0.0,EQUIPMENT|COMPANY|5,False
42833cae-a5b5-4b89-96ce-1a375e0cbbd1,0774086e-7d36-4ff9-be3a-4061748c9a8f,EQUIPMENT,DEEP-C DREDGER (SD-098),DEEP-C DREDGER (SD-101),0.9047619047619048,098,101,0.0,EQUIPMENT|DEEP|5,False
c130e6ab-c222-481c-acfb-6c51cda7ecba,6f5f1b6b-4a8d-487e-89d1-ba60fc78296b,EQUIPMENT,DEEP-C DREDGER (SD-008),DEEP-C DREDGER (SD-079),0.9047619047619048,008,079,0.0,EQUIPMENT|DEEP|5,False
d6bfd93b-6965-45d7-a08b-79d851b9ddda,7bf5937c-d2df-42f8-bddf-04292a74c51c,EQUIPMENT,DEEP-C DREDGER (SD-020),DEEP-C DREDGER (SD-071),0.9047619047619048,020,071,0.0,EQUIPMENT|DEEP|5,False
1f5f2588-8ec3-4547-93b0-6e30c95369c9,b7180dbd-effa-415f-bbec-d9892045553a,LOCATION,E-05 (STR 500),E-05 (STR-400),0.9166666666666669,05|500,05|400,0.3333333333333333,LOCATION|E|3,False
386f8249-9e6f-44f4-ad1e-15e756930721,914d00ed-ebd7-47d0-988e-1668e72615c1,EQUIPMENT,DEEP-C DREDGER (SD-032),DEEP-C DREDGER (SD-038),0.9523809523809524,032,038,0.0,EQUIPMENT|DEEP|5,False
b72a5bb7-e7bb-482c-80e6-7b40ab972276,93dba91e-66dd-4549-9542-181629f6a655,EQUIPMENT,COMPANY VEHICLE LD5533,COMPANY VEHICLE LD5595,0.9090909090909092,5533,5595,0.0,EQUIPMENT|COMPANY|5,False
b8d60a7d-3ffa-4f13-a849-189ab2d34c1d,0774086e-7d36-4ff9-be3a-4061748c9a8f,EQUIPMENT,DEEP-C DREDGER (SD-090),DEEP-C DREDGER (SD-101),0.9047619047619048,090,101,0.0,EQUIPMENT|DEEP|5,False
d8e029c0-89eb-4cd8-a5f9-16eddf93d7cc,296d317c-b3bb-456f-a103-1bbd8f79d803,EQUIPMENT,DEEP-C DREDGER (SD-045),DEEP-C DREDGER (SD-067),0.9047619047619048,045,067,0.0,EQUIPMENT|DEEP|5,False
e6de18d0-0c4c-4b47-b1d8-aa7e0ca2abe7,33372525-e25b-49c7-b2ca-167eb9368d6a,EQUIPMENT,EVDT,EVDT #6,1.0,,6,0.0,EQUIPMENT|EVDT|1,False
99b353bb-1902-4d68-a2fb-a38593addbd6,d4b817db-0316-49dc-b6cd-5cb4a89ccffd,EQUIPMENT,DEEP-C DREDGER (SD-058),DEEP-C DREDGER (SD-108),0.9523809523809524,058,108,0.0,EQUIPMENT|DEEP|5,False
01ff5726-8bf3-46b3-86dd-4ade602f02fe,c931f625-fa46-4532-a791-50f68689a57b,EQUIPMENT,COMPANY VEHICLE LD3680,COMPANY VEHICLE LD3820,0.9545454545454546,3680,3820,0.0,EQUIPMENT|COMPANY|5,False
59ca3dd0-3dab-4bc9-a40f-35b8b3b3691c,fd8fb285-faa4-4b66-9f20-974868627c09,EQUIPMENT,DEEP-C DREDGER (SD-031),DEEP-C DREDGER (SD-084),0.9047619047619048,031,084,0.0,EQUIPMENT|DEEP|5,False
a596dd62-130e-4fff-9273-57decd24f60f,6960a255-59ea-4029-af01-a98447f3b14c,EQUIPMENT,DEEP-C DREDGER (SD-034),DEEP-C DREDGER (SD-041),0.9523809523809524,034,041,0.0,EQUIPMENT|DEEP|5,False
06fcbd54-2805-48e8-bda8-724944253a82,350b1971-e9f8-4a31-8f9a-457a9ccaa7be,EQUIPMENT,DEEP-C DREDGER (SD-027),DEEP-C DREDGER (SD-100),0.9047619047619048,027,100,0.0,EQUIPMENT|DEEP|5,False
3c74a9d0-88e2-4e3a-8466-e1bd275b8cd8,92ddecbd-dc34-493f-8196-8db8e810ad27,LOCATION,BROWN FIELD AREA,BROWN FIELD E5 AREA,1.0,,5,0.0,LOCATION|BROWN|4,False
4387b000-3ba5-49f4-842f-c5ecb8848338,302bb254-8fcf-42d3-96cb-f5acbbfb7647,EQUIPMENT,COMPANY VEHICLE LD5550,COMPANY VEHICLE LD5529,0.9090909090909092,5550,5529,0.0,EQUIPMENT|COMPANY|5,False
62fb6b52-337e-42c5-9e01-c12e2f9c0083,687f21f7-29e8-48aa-9353-43664649c55a,ORGANIZATION,KIP-EM LLC,KIP EM LLC,1.0,,,1.0,ORGANIZATION|KIP|2,True
e9172a74-8b5f-4a11-84d1-143c26e0f95f,8d956832-1780-48f3-91bd-18340c191d4c,EQUIPMENT,DEEP-C DREDGER (SD-010),DEEP-C DREDGER (SD-075),0.9047619047619048,010,075,0.0,EQUIPMENT|DEEP|5,False
c8b9d255-1c8e-43d9-9787-1f6ca324145d,966ce4c6-bb72-4986-88c7-8bc17527df0d,LOCATION,BUILDING 7,BUILDING #1,0.9,7,1,0.0,LOCATION|BUILDING|2,False
cb5733c8-6834-46c5-917f-e434282d68d8,22a2f2a2-4bc6-4ebe-ba49-93ef38170662,EQUIPMENT,DEEP-C DREDGER (SD-023),DEEP-C DREDGER (SD-092),0.9523809523809524,023,092,0.0,EQUIPMENT|DEEP|5,False
9ea38fb3-460e-48f4-ba5e-922fa80f2207,0ce97fed-b2de-43ea-84ff-623021cb10ac,EQUIPMENT,DEEP-C DREDGER (SD-011),DEEP-C DREDGER (SD-037),0.9047619047619048,011,037,0.0,EQUIPMENT|DEEP|5,False
e1b3062c-9c05-4c85-8ae3-c78b44e5f165,997a48a9-6b36-4939-aa2d-788733966816,EQUIPMENT,COMPANY VEHICLE LD3830,COMPANY VEHICLE LD3890,0.9545454545454546,3830,3890,0.0,EQUIPMENT|COMPANY|5,False
6d4e7866-1586-45c8-96b7-d37efe828f4c,bbefc044-d392-46eb-933e-81d1d647932f,EQUIPMENT,DEEP-C DREDGER (SD-049),DEEP-C DREDGER (SD-082),0.9047619047619048,049,082,0.0,EQUIPMENT|DEEP|5,False
6d8daed4-ea6f-420e-b4ba-19f388735b95,361af8d5-c5b9-43d1-8dd4-c71bbc533987,EQUIPMENT,ODA 2 XT WORK ORDER 301877165.,ODA 2 XT WORK ORDER 301877165,1.0,2|301877165,2|301877165,1.0,EQUIPMENT|ODA|7,True
4387b000-3ba5-49f4-842f-c5ecb8848338,f338c942-7b2f-4fbb-9aec-3dcf2b1c5e6f,EQUIPMENT,COMPANY VEHICLE LD5550,COMPANY VEHICLE LD5577,0.9090909090909092,5550,5577,0.0,EQUIPMENT|COMPANY|5,False
d8e029c0-89eb-4cd8-a5f9-16eddf93d7cc,3ea9a906-25f5-4546-aa58-89f8bca6d887,EQUIPMENT,DEEP-C DREDGER (SD-045),DEEP-C DREDGER (SD-105),0.9523809523809524,045,105,0.0,EQUIPMENT|DEEP|5,False
bd86bee9-b712-49b7-9434-845d47e75872,a5b3df54-a340-4b45-aeb6-3e52a22040e8,EQUIPMENT,DEEP-C DREDGER (SD-085),DEEP-C DREDGER (SD-103),0.9047619047619048,085,103,0.0,EQUIPMENT|DEEP|5,False
653d02fb-2de2-48e4-bc17-6a097066182d,3f79025d-b779-41af-b65c-ee1aad33d2ad,EQUIPMENT,COMPANY VEHICLE LD3872,COMPANY VEHICLE LD3860,0.9090909090909092,3872,3860,0.0,EQUIPMENT|COMPANY|5,False
e9d7f76a-3631-42d3-bfe3-2d762e5f6fd7,02ec3637-8793-4508-8367-fdcc823b306e,EQUIPMENT,COMPANY VEHICLE LD3985,COMPANY VEHICLE LD3894,0.9090909090909092,3985,3894,0.0,EQUIPMENT|COMPANY|5,False
1f0143f9-976d-40b8-898c-2b8c001bf481,7e2607d6-79bf-478e-885b-4e8bbce9d0b9,EQUIPMENT,COMPANY VEHICLE LD3643,COMPANY VEHICLE LD3765,0.9090909090909092,3643,3765,0.0,EQUIPMENT|COMPANY|5,False
babb82d4-04fd-46af-a12b-909f6460c746,41f7643a-2688-49c5-915b-3cfa3ee6e9fa,EQUIPMENT,DEEP-C DREDGER (SD-051),DEEP-C DREDGER (SD-054),0.9523809523809524,051,054,0.0,EQUIPMENT|DEEP|5,False
a7643c4e-c5a4-4163-8d9f-589d3fa89d14,71a3283e-3c7d-462a-bbc6-df3470da52d1,EQUIPMENT,PROPANE BOTTLES,PROPANE BOTTLE,0.9655172413793104,,,1.0,EQUIPMENT|PROPANE|3,True
e9172a74-8b5f-4a11-84d1-143c26e0f95f,7e65880f-9f10-4220-9f26-ee675984d3da,EQUIPMENT,DEEP-C DREDGER (SD-010),DEEP-C DREDGER (SD-012),0.9523809523809524,010,012,0.0,EQUIPMENT|DEEP|5,False
4296ebf9-4eab-4c9b-af9d-704d40db608f,997a48a9-6b36-4939-aa2d-788733966816,EQUIPMENT,COMPANY VEHICLE LD3943,COMPANY VEHICLE LD3890,0.9090909090909092,3943,3890,0.0,EQUIPMENT|COMPANY|5,False
4d333ec9-9bdb-4684-88de-436a56402380,8bab7ad1-0b8b-412d-92b5-9ce2d4f221f3,EQUIPMENT,TIE WRAPS,TIE WRAP,0.9411764705882354,,,1.0,EQUIPMENT|TIE|2,False
a5be9442-d937-4d1b-8c95-694dbb0e9579,997a48a9-6b36-4939-aa2d-788733966816,EQUIPMENT,COMPANY VEHICLE LD3478,COMPANY VEHICLE LD3890,0.9090909090909092,3478,3890,0.0,EQUIPMENT|COMPANY|5,False
296d317c-b3bb-456f-a103-1bbd8f79d803,6d0a7c9c-069c-4bf6-becd-c8fed5edcc08,EQUIPMENT,DEEP-C DREDGER (SD-067),DEEP-C DREDGER (SD-070),0.9523809523809524,067,070,0.0,EQUIPMENT|DEEP|5,False
212bf37e-499e-4184-b086-0b38a7aeb445,f29d4900-e5bb-4ee6-9950-e68690935784,EQUIPMENT,COMPANY VEHICLE LD3964,COMPANY VEHICLE LD3845,0.9090909090909092,3964,3845,0.0,EQUIPMENT|COMPANY|5,False
6f5f1b6b-4a8d-487e-89d1-ba60fc78296b,df5af68d-60b2-46a4-9cae-38e319fd4d75,EQUIPMENT,DEEP-C DREDGER (SD-079),DEEP-C DREDGER (SD-104),0.9047619047619048,079,104,0.0,EQUIPMENT|DEEP|5,False
3edff918-25d6-4b40-831a-e46caa708a93,49887e11-4aec-4d1d-a81a-629af748697c,INJURY_TYPE,DAMAGE TO HANDRAIL,DAMAGE TO HAND RAIL,0.9729729729729728,,,1.0,INJURY_TYPE|DAMAGE|4,True
914d00ed-ebd7-47d0-988e-1668e72615c1,a22b7b5d-9914-4c01-ac26-5b529efc06c8,EQUIPMENT,DEEP-C DREDGER (SD-038),DEEP-C DREDGER (SD-074),0.9047619047619048,038,074,0.0,EQUIPMENT|DEEP|5,False
0186fe08-ad68-445e-bbc2-53e32c987f3f,2d04678a-b8b4-4880-b5a3-a7ca37a0beb6,EQUIPMENT,COMPANY VEHICLE LD5511,COMPANY VEHICLE LD5519,0.9545454545454546,5511,5519,0.0,EQUIPMENT|COMPANY|5,False
f338c942-7b2f-4fbb-9aec-3dcf2b1c5e6f,9686eb8d-a388-48e9-83c6-ef12745a8b14,EQUIPMENT,COMPANY VEHICLE LD5577,COMPANY VEHICLE LD5575,0.9545454545454546,5577,5575,0.0,EQUIPMENT|COMPANY|5,False
01ff5726-8bf3-46b3-86dd-4ade602f02fe,d7e10292-0dce-48f4-8655-b4b946c6c48d,EQUIPMENT,COMPANY VEHICLE LD3680,COMPANY VEHICLE LD5638,0.9090909090909092,3680,5638,0.0,EQUIPMENT|COMPANY|5,False
bfe2e8b0-7364-4a9f-b997-ae1fe3de0a69,4f10304d-2882-44c7-9246-de5278e3dbcf,BODY_PART,RIGHT HAND II FINGER,RIGHT HAND III FINGER,0.975609756097561,,,1.0,BODY_PART|RIGHT|5,True
b98c28da-6ba4-4b23-ae99-be367ad2e6e8,ef8cb64e-dc68-48b7-9a2f-38f52b095582,EQUIPMENT,DEEP-C DREDGER (SD-094),DEEP-C DREDGER (SD-114),0.9047619047619048,094,114,0.0,EQUIPMENT|DEEP|5,False
f15f343e-21af-45df-ac5c-9efce8819a99,04def439-06a5-4d62-b7b2-316ee3c7ac26,EQUIPMENT,APPROXIMATELY 4 LITERS,APPROXIMATELY 30 LITERS,0.9523809523809524,4,30,0.0,EQUIPMENT|APPROXIMATELY|5,False
a60079d3-da0f-49ac-83bb-d882c5e30b6c,73b8322a-bc16-48a4-9bd9-e538b135ae7b,EQUIPMENT,DEEP-C DREDGER (SD-003),DEEP-C DREDGER (SD-006),0.9523809523809524,003,006,0.0,EQUIPMENT|DEEP|5,False
f33b7a3d-1cd7-4115-9804-8887077d16be,a3fff9da-abf4-4439-899e-c1dce38ba077,EQUIPMENT,DEEP-C DREDGER (SD-063),DEEP-C DREDGER (SD-073),0.9523809523809524,063,073,0.0,EQUIPMENT|DEEP|5,False
3742ade5-fa11-4f92-bdba-9effada17c04,bedd6c0d-5a3a-417d-ba59-56c92a19e663,EQUIPMENT,CLASS 7 TORQUE TOOL,CLASS 4 TORQUE TOOL,0.9473684210526316,7,4,0.0,EQUIPMENT|CLASS|4,False
59ca3dd0-3dab-4bc9-a40f-35b8b3b3691c,22a2f2a2-4bc6-4ebe-ba49-93ef38170662,EQUIPMENT,DEEP-C DREDGER (SD-031),DEEP-C DREDGER (SD-092),0.9047619047619048,031,092,0.0,EQUIPMENT|DEEP|5,False
1787a705-a688-468d-a79d-475cfbfee187,d8e029c0-89eb-4cd8-a5f9-16eddf93d7cc,EQUIPMENT,DEEP-C DREDGER (SD-005),DEEP-C DREDGER (SD-045),0.9523809523809524,005,045,0.0,EQUIPMENT|DEEP|5,False
c35b23b1-782c-495b-908d-1872d03fa0ad,296d317c-b3bb-456f-a103-1bbd8f79d803,EQUIPMENT,DEEP-C DREDGER (SD-061),DEEP-C DREDGER (SD-067),0.9523809523809524,061,067,0.0,EQUIPMENT|DEEP|5,False
d058c42b-373c-4f97-baa4-446bc6f14273,7561a911-42d8-47f2-8c82-cba63a506486,EQUIPMENT,DEEP-C DREDGER (SD-030),DEEP-C DREDGER (SD-052),0.9047619047619048,030,052,0.0,EQUIPMENT|DEEP|5,False
60265123-7951-4bc0-8d18-2da2f821b68c,2ce2f00a-b339-4978-b075-246a5da1ff47,EQUIPMENT,THRT/TH,THRT,1.0,,,1.0,EQUIPMENT|THRT|1,True
9e7628df-d17f-4a66-b578-cc21ed1538e2,47f2f116-8b43-4852-a912-107d13b26835,ORGANIZATION,"NOBLE ENERGY, INC.",NOBLE ENERGY INC.,1.0,,,1.0,ORGANIZATION|NOBLE|4,True
5d753769-a1d1-4945-acaf-d6bf581e5815,7561a911-42d8-47f2-8c82-cba63a506486,EQUIPMENT,DEEP-C DREDGER (SD-025),DEEP-C DREDGER (SD-052),0.9523809523809524,025,052,0.0,EQUIPMENT|DEEP|5,False
fd192baf-f830-4c00-ba9d-e7b46cb76293,a612c0d7-3524-49dd-9339-1fe58c6fb601,ORGANIZATION,TECHNICIAN 3,TECHNICIAN 4,0.9166666666666669,3,4,0.0,ORGANIZATION|TECHNICIAN|3,False
3b110d55-d08d-42dd-930f-d7b9695a1954,6f5f1b6b-4a8d-487e-89d1-ba60fc78296b,EQUIPMENT,DEEP-C DREDGER (SD-066),DEEP-C DREDGER (SD-079),0.9047619047619048,066,079,0.0,EQUIPMENT|DEEP|5,False
a22b7b5d-9914-4c01-ac26-5b529efc06c8,e45e1383-26b6-4a20-91e0-50f14973dc20,EQUIPMENT,DEEP-C DREDGER (SD-074),DEEP-C DREDGER (SD-081),0.9047619047619048,074,081,0.0,EQUIPMENT|DEEP|5,False
6d4e7866-1586-45c8-96b7-d37efe828f4c,e5737d68-3b96-46a6-b723-a978301656d7,EQUIPMENT,DEEP-C DREDGER (SD-049),DEEP-C DREDGER (SD-093),0.9523809523809524,049,093,0.0,EQUIPMENT|DEEP|5,False
c2d8b92c-e6d6-4824-a32e-426ed13c6875,57e334b4-b31c-437e-8817-0ceb5dee5274,LOCATION,ONSHORE TERMINAL FOR VA&S1 DEVELOPMENT PROJECT_AMALAPURAM_,ONSHORE TERMINAL FOR VA&S1 DEVELOPMENT PROJECT_AMALAPURA,0.991150442477876,1,1,1.0,LOCATION|ONSHORE|14,True
a54bd296-ee4b-4cd7-96b8-c8e8af65a916,e1c3c0df-ccf5-44ae-9455-f52eecbd592c,LOCATION,WORKSHOP,WORKSHOP #2,1.0,,2,0.0,LOCATION|WORKSHOP|2,False
9ab3be16-8a62-4eba-bcab-62b07733991a,d7122e13-d8be-4364-a074-81d00dd41271,LOCATION,SUPERVISORS OFFICE.,SUPERVISORS OFFICE,1.0,,,1.0,LOCATION|SUPERVISORS|4,True
b6fa1570-5bfc-4ee1-9173-dab44d1baa54,5dbfba1f-c387-40e5-a24b-90c1d1368f0f,EQUIPMENT,4 PORT HOTSTAB,4 PORT HOT STAB,0.9655172413793104,4,4,1.0,EQUIPMENT|4|3,True
a60079d3-da0f-49ac-83bb-d882c5e30b6c,c6f95412-a785-4cb3-97fe-e177f17f760b,EQUIPMENT,DEEP-C DREDGER (SD-003),DEEP-C DREDGER (SD-080),0.9523809523809524,003,080,0.0,EQUIPMENT|DEEP|5,False
7e65880f-9f10-4220-9f26-ee675984d3da,c85214ed-a78d-4cc9-91e5-9ad4e6fdb372,EQUIPMENT,DEEP-C DREDGER (SD-012),DEEP-C DREDGER (SD-014),0.9523809523809524,012,014,0.0,EQUIPMENT|DEEP|5,False
d6bfd93b-6965-45d7-a08b-79d851b9ddda,99b353bb-1902-4d68-a2fb-a38593addbd6,EQUIPMENT,DEEP-C DREDGER (SD-020),DEEP-C DREDGER (SD-058),0.9047619047619048,020,058,0.0,EQUIPMENT|DEEP|5,False
524f8790-a913-4861-b79c-47ebddb48208,2670f357-7ddd-4ffb-ad71-660324028ee2,EQUIPMENT,DEEP-C DREDGER (SD-029),DEEP-C DREDGER (SD-077),0.9047619047619048,029,077,0.0,EQUIPMENT|DEEP|5,False
fd524b88-1298-43bf-9e6d-c2fcfce175c6,77b9bda0-0bc7-47da-8739-0f8d970685e3,EQUIPMENT,JACK STAND,JACK STANDS,0.9523809523809524,,,1.0,EQUIPMENT|JACK|2,True
50612ed9-b08c-4cc6-9124-398fcb615849,bbefc044-d392-46eb-933e-81d1d647932f,EQUIPMENT,DEEP-C DREDGER (SD-033),DEEP-C DREDGER (SD-082),0.9047619047619048,033,082,0.0,EQUIPMENT|DEEP|5,False
b4cd361a-4e6c-4158-90e7-6f985194e949,27c2fd21-e13f-4344-b9e5-3891fd8e9309,EQUIPMENT,DEEP-C DREDGER (SD-028),DEEP-C DREDGER (SD-102),0.9523809523809524,028,102,0.0,EQUIPMENT|DEEP|5,False
2ab69161-3a50-437c-b025-42b860588e74,52fc3246-6f44-4d55-869f-692ff30ade8e,EQUIPMENT,COMPANY VEHICLE LD5522,COMPANY VEHICLE LD5578,0.9090909090909092,5522,5578,0.0,EQUIPMENT|COMPANY|5,False
571aa664-7dd4-4e3e-a9d3-ee0acf0cc4d2,c6370cdb-9d9a-4212-83a1-b0d4e205d790,LOCATION,"UNKNOWN, HAIFA, ISRAEL, MIDDLE EAST",UNKNOWN - UNKNOWN - ISRAEL - MIDDLE EAST,1.0,,,1.0,LOCATION|UNKNOWN|8,True
50612ed9-b08c-4cc6-9124-398fcb615849,bd7d86b4-daef-4f78-9717-e7a365afb922,EQUIPMENT,DEEP-C DREDGER (SD-033),DEEP-C DREDGER (SD-110),0.9047619047619048,033,110,0.0,EQUIPMENT|DEEP|5,False
915e97d0-694d-4e3c-b3d1-43316a96716f,a3fff9da-abf4-4439-899e-c1dce38ba077,EQUIPMENT,DEEP-C DREDGER (SD-069),DEEP-C DREDGER (SD-073),0.9047619047619048,069,073,0.0,EQUIPMENT|DEEP|5,False
dd5e497b-6728-45a0-ae73-935eb3127a3d,202f477f-1442-4e45-b128-c5565971d3ab,ORGANIZATION,MEWP OPERATOR,MEWP OPERATORS,0.9629629629629628,,,1.0,ORGANIZATION|MEWP|3,True
d6ae4064-6887-4b0b-b47f-a3a685439e0d,0fc190fb-80b8-4dd8-be12-aa05fe2c6bea,EQUIPMENT,DEEP-C DREDGER (SD-056),DEEP-C DREDGER (SD-062),0.9523809523809524,056,062,0.0,EQUIPMENT|DEEP|5,False
834c652e-796a-4806-b88a-bde3af661048,e09152fe-92ff-47cb-853d-c530776e3823,LOCATION,NON-ACCEPTABLE SITUATION 1,NON-ACCEPTABLE SITUATION 2,0.9615384615384616,1,2,0.0,LOCATION|NON|6,False
b2d6b1ff-8823-4ad3-a43e-2b2752a5e2d8,e45e1383-26b6-4a20-91e0-50f14973dc20,EQUIPMENT,DEEP-C DREDGER (SD-048),DEEP-C DREDGER (SD-081),0.9523809523809524,048,081,0.0,EQUIPMENT|DEEP|5,False
914d00ed-ebd7-47d0-988e-1668e72615c1,2ce5ed57-13bd-4603-a929-404fda4ff93b,EQUIPMENT,DEEP-C DREDGER (SD-038),DEEP-C DREDGER (SD-043),0.9523809523809524,038,043,0.0,EQUIPMENT|DEEP|5,False
06fcbd54-2805-48e8-bda8-724944253a82,d8e029c0-89eb-4cd8-a5f9-16eddf93d7cc,EQUIPMENT,DEEP-C DREDGER (SD-027),DEEP-C DREDGER (SD-045),0.9047619047619048,027,045,0.0,EQUIPMENT|DEEP|5,False
59ca3dd0-3dab-4bc9-a40f-35b8b3b3691c,954c1e25-46fc-43b4-8d58-6f2640b59b2e,EQUIPMENT,DEEP-C DREDGER (SD-031),DEEP-C DREDGER (SD-044),0.9047619047619048,031,044,0.0,EQUIPMENT|DEEP|5,False
2dde4662-e833-4f78-990a-6d554eb21d02,8ff1dab0-ce00-41f9-a48f-36ec57f1e715,EQUIPMENT,DEEP-C DREDGER (SD-019),DEEP-C DREDGER (SD-065),0.9047619047619048,019,065,0.0,EQUIPMENT|DEEP|5,False
1787a705-a688-468d-a79d-475cfbfee187,d6862eee-fcff-4903-b0fb-2ec77fed79a3,EQUIPMENT,DEEP-C DREDGER (SD-005),DEEP-C DREDGER (SD-013),0.9047619047619048,005,013,0.0,EQUIPMENT|DEEP|5,False
1444edd1-4ff5-445c-ac27-ddb46b3b228f,33aa45f5-a439-46f0-a3a5-ed1857d662fc,ORGANIZATION,SECURITY OFFICERS,SECURITY OFFICER,0.9696969696969696,,,1.0,ORGANIZATION|SECURITY|4,True
c324db46-cbcf-4546-a023-f1822c532707,bd7d86b4-daef-4f78-9717-e7a365afb922,EQUIPMENT,DEEP-C DREDGER (SD-076),DEEP-C DREDGER (SD-110),0.9047619047619048,076,110,0.0,EQUIPMENT|DEEP|5,False
b77a9d5f-34f0-4d6b-8952-b75f74a599b1,36035d0a-3008-42cc-bc4a-564e7746be54,EQUIPMENT,COMPANY VEHICLE LD3562,COMPANY VEHICLE LD5506,0.9090909090909092,3562,5506,0.0,EQUIPMENT|COMPANY|5,False
6b1e1985-76f5-4f9b-979f-9b03f48539f0,22a2f2a2-4bc6-4ebe-ba49-93ef38170662,EQUIPMENT,DEEP-C DREDGER (SD-060),DEEP-C DREDGER (SD-092),0.9047619047619048,060,092,0.0,EQUIPMENT|DEEP|5,False
769eb7f9-3244-468a-b2ee-390a54529df4,401d8e81-59fa-4ef9-b20a-b95639d8ba5a,EQUIPMENT,DEEP-C DREDGER (SD-036),DEEP-C DREDGER (SD-096),0.9523809523809524,036,096,0.0,EQUIPMENT|DEEP|5,False
19f691eb-406b-46cc-a19d-60c83d579daf,c49f1c9b-5636-4141-b907-2355fe1f92c8,LOCATION,"UNKNOWN, UNKNOWN, UK, EUROPE",UNKNOWN - UNKNOWN - UK - EUROPE,1.0,,,1.0,LOCATION|UNKNOWN|6,True
a22b7b5d-9914-4c01-ac26-5b529efc06c8,c324db46-cbcf-4546-a023-f1822c532707,EQUIPMENT,DEEP-C DREDGER (SD-074),DEEP-C DREDGER (SD-076),0.9523809523809524,074,076,0.0,EQUIPMENT|DEEP|5,False
8af1b843-eaa8-4567-b40d-9b2f40d3e54c,8ed95cd5-2718-4606-b414-384a6e1bedce,EQUIPMENT,DEEP-C DREDGER (SD-009),DEEP-C DREDGER (SD-088),0.9047619047619048,009,088,0.0,EQUIPMENT|DEEP|5,False
49ebb0df-bcf4-4682-baab-5f6878504a07,e99a6778-7fde-426b-9f41-3dcc7ded4ea0,EQUIPMENT,COMPANY VEHICLE LD3814,COMPANY VEHICLE LD3640,0.9090909090909092,3814,3640,0.0,EQUIPMENT|COMPANY|5,False
c130e6ab-c222-481c-acfb-6c51cda7ecba,30d8fca4-c73f-459f-abb0-af2a236b7344,EQUIPMENT,DEEP-C DREDGER (SD-008),DEEP-C DREDGER (SD-017),0.9047619047619048,008,017,0.0,EQUIPMENT|DEEP|5,False
a596dd62-130e-4fff-9273-57decd24f60f,b6358eaf-f391-42b9-8bf0-79d925af831f,EQUIPMENT,DEEP-C DREDGER (SD-034),DEEP-C DREDGER (SD-086),0.9047619047619048,034,086,0.0,EQUIPMENT|DEEP|5,False
4387b000-3ba5-49f4-842f-c5ecb8848338,458537eb-838c-42f4-af78-a4854b3bb5fb,EQUIPMENT,COMPANY VEHICLE LD5550,COMPANY VEHICLE LD5500,0.9545454545454546,5550,5500,0.0,EQUIPMENT|COMPANY|5,False
c324db46-cbcf-4546-a023-f1822c532707,42833cae-a5b5-4b89-96ce-1a375e0cbbd1,EQUIPMENT,DEEP-C DREDGER (SD-076),DEEP-C DREDGER (SD-098),0.9047619047619048,076,098,0.0,EQUIPMENT|DEEP|5,False
e196845f-aa92-4dd7-9e54-7249805882f3,2e6bf8b0-52aa-42db-aa83-516995e0bf6f,ORGANIZATION,EPK RT TEAM,EPK TEAM,1.0,,,1.0,ORGANIZATION|EPK|2,True
7e052c5f-cb69-40f6-bfee-3b62705bd962,7e2607d6-79bf-478e-885b-4e8bbce9d0b9,EQUIPMENT,COMPANY VEHICLE LD3784,COMPANY VEHICLE LD3765,0.9090909090909092,3784,3765,0.0,EQUIPMENT|COMPANY|5,False
0fc190fb-80b8-4dd8-be12-aa05fe2c6bea,c324db46-cbcf-4546-a023-f1822c532707,EQUIPMENT,DEEP-C DREDGER (SD-062),DEEP-C DREDGER (SD-076),0.9523809523809524,062,076,0.0,EQUIPMENT|DEEP|5,False
1ac12523-dd35-4d8b-95cb-b7a18c01abfe,df5af68d-60b2-46a4-9cae-38e319fd4d75,EQUIPMENT,DEEP-C DREDGER (SD-042),DEEP-C DREDGER (SD-104),0.9523809523809524,042,104,0.0,EQUIPMENT|DEEP|5,False
d058c42b-373c-4f97-baa4-446bc6f14273,5f653b0e-6b66-4247-97b9-27d88342a04a,EQUIPMENT,DEEP-C DREDGER (SD-030),DEEP-C DREDGER (SD-107),0.9047619047619048,030,107,0.0,EQUIPMENT|DEEP|5,False
42fbf8bc-c92e-4572-92bb-f95bbd7843bd,0d1508c0-a323-4e92-b029-05661786f571,LOCATION,"DEEP BLUE 28° 19.5N, 088° 14.6W","DEEP BLUE 28° 19.2N, 088° 14.6W",0.9642857142857144,28|19|5|088|14|6,28|19|2|088|14|6,0.7142857142857143,LOCATION|DEEP|7,True
d6862eee-fcff-4903-b0fb-2ec77fed79a3,0774086e-7d36-4ff9-be3a-4061748c9a8f,EQUIPMENT,DEEP-C DREDGER (SD-013),DEEP-C DREDGER (SD-101),0.9523809523809524,013,101,0.0,EQUIPMENT|DEEP|5,False
d6124611-61dc-4e30-b2fc-bceda953a842,c145f102-7a79-4f15-89e7-7014aa36febf,EQUIPMENT,COMPANY VEHICLE LD3854,COMPANY VEHICLE LD3822,0.9090909090909092,3854,3822,0.0,EQUIPMENT|COMPANY|5,False
06fcbd54-2805-48e8-bda8-724944253a82,27c2fd21-e13f-4344-b9e5-3891fd8e9309,EQUIPMENT,DEEP-C DREDGER (SD-027),DEEP-C DREDGER (SD-102),0.9523809523809524,027,102,0.0,EQUIPMENT|DEEP|5,False
fd8fb285-faa4-4b66-9f20-974868627c09,bd86bee9-b712-49b7-9434-845d47e75872,EQUIPMENT,DEEP-C DREDGER (SD-084),DEEP-C DREDGER (SD-085),0.9523809523809524,084,085,0.0,EQUIPMENT|DEEP|5,False
3a6c5c6f-b128-4dd4-8cd9-7e8033b2f9af,a3fff9da-abf4-4439-899e-c1dce38ba077,EQUIPMENT,DEEP-C DREDGER (SD-001),DEEP-C DREDGER (SD-073),0.9047619047619048,001,073,0.0,EQUIPMENT|DEEP|5,False
8eb0e0b4-7f5d-4ca8-bf73-6a5aecc88337,88de9ac0-f663-4ad6-adc7-a8ceaebad914,EQUIPMENT,COMPANY VEHICLE LD3988,COMPANY VEHICLE LD3785,0.9090909090909092,3988,3785,0.0,EQUIPMENT|COMPANY|5,False
827ab8cb-1363-4124-a64b-38c518949c5f,3f41d23d-8891-42b6-9d0d-dd84770f6e31,INJURY_TYPE,LEFT SHOULDER SPRAIN,LEFT SHOULDER STRAIN,0.95,,,1.0,INJURY_TYPE|LEFT|5,True
5298353f-afdf-4fc1-a91c-be8e300ba659,a22b7b5d-9914-4c01-ac26-5b529efc06c8,EQUIPMENT,DEEP-C DREDGER (SD-055),DEEP-C DREDGER (SD-074),0.9047619047619048,055,074,0.0,EQUIPMENT|DEEP|5,False
b2d6b1ff-8823-4ad3-a43e-2b2752a5e2d8,350b1971-e9f8-4a31-8f9a-457a9ccaa7be,EQUIPMENT,DEEP-C DREDGER (SD-048),DEEP-C DREDGER (SD-100),0.9047619047619048,048,100,0.0,EQUIPMENT|DEEP|5,False
f12fbbe3-ecb5-4cb4-8d07-1dce4aeb6588,524f8790-a913-4861-b79c-47ebddb48208,EQUIPMENT,DEEP-C DREDGER (SD-002),DEEP-C DREDGER (SD-029),0.9523809523809524,002,029,0.0,EQUIPMENT|DEEP|5,False
d6862eee-fcff-4903-b0fb-2ec77fed79a3,0a5c13fe-e4eb-4a69-85e1-c8cf69a83972,EQUIPMENT,DEEP-C DREDGER (SD-013),DEEP-C DREDGER (SD-015),0.9523809523809524,013,015,0.0,EQUIPMENT|DEEP|5,False
a60079d3-da0f-49ac-83bb-d882c5e30b6c,82b82943-1c78-4c54-880b-198bc9f67363,EQUIPMENT,DEEP-C DREDGER (SD-003),DEEP-C DREDGER (SD-018),0.9047619047619048,003,018,0.0,EQUIPMENT|DEEP|5,False
2e1d8c01-f3a6-410f-9cb3-4fcb745ce2a9,2584c082-0598-48f7-aa59-99ee1c619104,EQUIPMENT,COMPANY VEHICLE LD3887,COMPANY VEHICLE LD3876,0.9545454545454546,3887,3876,0.0,EQUIPMENT|COMPANY|5,False
8314a245-25d4-400d-8b81-7a81557aef42,1e10197c-502c-4cbb-8138-7360f6003653,LOCATION,GREECE/KP 450,GREECE/KP 454,0.923076923076923,450,454,0.0,LOCATION|GREECE|3,False
fa5d2236-1238-4f04-98aa-e30d060bf1bc,0407b0ec-0f86-41e9-80e0-1a05eafe9d6f,EQUIPMENT,077524C001 MERO 1,077524C001 - MERO 1,1.0,077524|001|1,077524|001|1,1.0,EQUIPMENT|077524C001|4,True
954c1e25-46fc-43b4-8d58-6f2640b59b2e,98d50bf1-d27b-4d2f-b943-4e49b25a07cc,EQUIPMENT,DEEP-C DREDGER (SD-044),DEEP-C DREDGER (SD-064),0.9523809523809524,044,064,0.0,EQUIPMENT|DEEP|5,False
faa3f384-0327-4531-aa4b-75e0e04956cb,20e734ca-ffba-4ebf-a94d-91063e49b3cf,BODY_PART,RIGHT ARM AND SHOULDER,RIGHT SHOULDER AND HIP,0.9,,,1.0,BODY_PART|RIGHT|5,False
954c1e25-46fc-43b4-8d58-6f2640b59b2e,156bff14-0bbc-4558-85bd-33dd8026fb44,EQUIPMENT,DEEP-C DREDGER (SD-044),DEEP-C DREDGER (SD-089),0.9047619047619048,044,089,0.0,EQUIPMENT|DEEP|5,False
cb5733c8-6834-46c5-917f-e434282d68d8,7bf5937c-d2df-42f8-bddf-04292a74c51c,EQUIPMENT,DEEP-C DREDGER (SD-023),DEEP-C DREDGER (SD-071),0.9047619047619048,023,071,0.0,EQUIPMENT|DEEP|5,False
8dc03ae3-3b59-43ee-9702-665eeefa5b09,e45e1383-26b6-4a20-91e0-50f14973dc20,EQUIPMENT,DEEP-C DREDGER (SD-046),DEEP-C DREDGER (SD-081),0.9047619047619048,046,081,0.0,EQUIPMENT|DEEP|5,False
a60079d3-da0f-49ac-83bb-d882c5e30b6c,d6862eee-fcff-4903-b0fb-2ec77fed79a3,EQUIPMENT,DEEP-C DREDGER (SD-003),DEEP-C DREDGER (SD-013),0.9523809523809524,003,013,0.0,EQUIPMENT|DEEP|5,False
37a34e53-ee1b-459f-a735-6389fc1a62b1,68c6e520-a96f-4331-b225-e96694885583,ORGANIZATION,FAC - WORKER,FAC WORKER,1.0,,,1.0,ORGANIZATION|FAC|2,True
d490926f-88dd-450b-b0a7-8b95c3716976,2584c082-0598-48f7-aa59-99ee1c619104,EQUIPMENT,COMPANY VEHICLE LD3878,COMPANY VEHICLE LD3876,0.9545454545454546,3878,3876,0.0,EQUIPMENT|COMPANY|5,False
8dc03ae3-3b59-43ee-9702-665eeefa5b09,022f3a0f-c02a-4808-803e-d5738fd9112e,EQUIPMENT,DEEP-C DREDGER (SD-046),DEEP-C DREDGER (SD-083),0.9047619047619048,046,083,0.0,EQUIPMENT|DEEP|5,False
98d50bf1-d27b-4d2f-b943-4e49b25a07cc,3b110d55-d08d-42dd-930f-d7b9695a1954,EQUIPMENT,DEEP-C DREDGER (SD-064),DEEP-C DREDGER (SD-066),0.9523809523809524,064,066,0.0,EQUIPMENT|DEEP|5,False
2ab69161-3a50-437c-b025-42b860588e74,9686eb8d-a388-48e9-83c6-ef12745a8b14,EQUIPMENT,COMPANY VEHICLE LD5522,COMPANY VEHICLE LD5575,0.9090909090909092,5522,5575,0.0,EQUIPMENT|COMPANY|5,False
1f2e2f01-b3ba-4685-8546-b0177626ce25,b9a9ea77-d659-4929-a9cc-a46c3dc5464e,EQUIPMENT,DEEP-C DREDGER (SD-050),DEEP-C DREDGER (SD-120),0.9047619047619048,050,120,0.0,EQUIPMENT|DEEP|5,False
212bf37e-499e-4184-b086-0b38a7aeb445,3f79025d-b779-41af-b65c-ee1aad33d2ad,EQUIPMENT,COMPANY VEHICLE LD3964,COMPANY VEHICLE LD3860,0.9090909090909092,3964,3860,0.0,EQUIPMENT|COMPANY|5,False
dcd39ac5-b9c5-40e0-9d61-5c651af9cda1,a834aba1-c22a-4e98-ac01-7271fbafce1c,EQUIPMENT,COMPANY VEHICLE LD3994,COMPANY VEHICLE LD3954,0.9545454545454546,3994,3954,0.0,EQUIPMENT|COMPANY|5,False
b28674d9-ef4c-49a8-9e3c-7ac616f9c589,1936283c-42fd-4b66-8011-8b3c94d5e9cb,LOCATION,BUILDING,BUILDING A,1.0,,,1.0,LOCATION|BUILDING|2,True
c130e6ab-c222-481c-acfb-6c51cda7ecba,5298353f-afdf-4fc1-a91c-be8e300ba659,EQUIPMENT,DEEP-C DREDGER (SD-008),DEEP-C DREDGER (SD-055),0.9047619047619048,008,055,0.0,EQUIPMENT|DEEP|5,False
b28674d9-ef4c-49a8-9e3c-7ac616f9c589,436b94f0-d6dd-4728-a6b7-47cc4b783c39,LOCATION,BUILDING,BUILDING #3,1.0,,3,0.0,LOCATION|BUILDING|2,False
77c03f97-2da4-4df1-b05b-65c64619bf83,0a356643-6a50-4139-949c-1c68e259f4de,EQUIPMENT,COMPANY VEHICLE LD3739,COMPANY VEHICLE LD3936,0.9090909090909092,3739,3936,0.0,EQUIPMENT|COMPANY|5,False
859c5e16-2d05-4326-8e13-e3764559ef8f,7fc56c32-4362-4a9b-8351-86219b955d63,LOCATION,"UNKNOWN, MANOSQUE, FRANCE, EUROPE","UNKNOWN, UNKNOWN, FRANCE, EUROPE",1.0,,,1.0,LOCATION|UNKNOWN|7,True
524f8790-a913-4861-b79c-47ebddb48208,99b353bb-1902-4d68-a2fb-a38593addbd6,EQUIPMENT,DEEP-C DREDGER (SD-029),DEEP-C DREDGER (SD-058),0.9047619047619048,029,058,0.0,EQUIPMENT|DEEP|5,False
7e65880f-9f10-4220-9f26-ee675984d3da,dbecae2b-a38b-42b0-a99d-d830d9921b15,EQUIPMENT,DEEP-C DREDGER (SD-012),DEEP-C DREDGER (SD-111),0.9047619047619048,012,111,0.0,EQUIPMENT|DEEP|5,False
8af1b843-eaa8-4567-b40d-9b2f40d3e54c,0fc190fb-80b8-4dd8-be12-aa05fe2c6bea,EQUIPMENT,DEEP-C DREDGER (SD-009),DEEP-C DREDGER (SD-062),0.9047619047619048,009,062,0.0,EQUIPMENT|DEEP|5,False
0186fe08-ad68-445e-bbc2-53e32c987f3f,36035d0a-3008-42cc-bc4a-564e7746be54,EQUIPMENT,COMPANY VEHICLE LD5511,COMPANY VEHICLE LD5506,0.9090909090909092,5511,5506,0.0,EQUIPMENT|COMPANY|5,False
c145f102-7a79-4f15-89e7-7014aa36febf,2db1a3b0-53f5-4557-b4d6-9eff4a9e44e7,EQUIPMENT,COMPANY VEHICLE LD3822,COMPANY VEHICLE LD3843,0.9090909090909092,3822,3843,0.0,EQUIPMENT|COMPANY|5,False
e9172a74-8b5f-4a11-84d1-143c26e0f95f,2a2c9537-149a-43b2-9c5e-67af0e3bdbd1,EQUIPMENT,DEEP-C DREDGER (SD-010),DEEP-C DREDGER (SD-040),0.9523809523809524,010,040,0.0,EQUIPMENT|DEEP|5,False
fd192baf-f830-4c00-ba9d-e7b46cb76293,1537f7a7-82dc-4273-a30a-9da8a1f36506,ORGANIZATION,TECHNICIAN 3,TECHNICIAN (A),0.9166666666666669,3,,0.0,ORGANIZATION|TECHNICIAN|3,False
4d15c2c4-f2ad-40fb-9fc1-9c4641c61cdc,c324db46-cbcf-4546-a023-f1822c532707,EQUIPMENT,DEEP-C DREDGER (SD-004),DEEP-C DREDGER (SD-076),0.9047619047619048,004,076,0.0,EQUIPMENT|DEEP|5,False
0a356643-6a50-4139-949c-1c68e259f4de,e9d7f76a-3631-42d3-bfe3-2d762e5f6fd7,EQUIPMENT,COMPANY VEHICLE LD3936,COMPANY VEHICLE LD3985,0.9090909090909092,3936,3985,0.0,EQUIPMENT|COMPANY|5,False
3be85367-b823-4407-afbf-67b050314352,88de9ac0-f663-4ad6-adc7-a8ceaebad914,EQUIPMENT,COMPANY VEHICLE LD3861,COMPANY VEHICLE LD3785,0.9090909090909092,3861,3785,0.0,EQUIPMENT|COMPANY|5,False
f64c6586-c955-47b4-bd90-1f4d0e15cd88,0fa35bf2-b1ab-466a-8321-96dff713285a,EQUIPMENT,COMPANY VEHICLE LD3966,COMPANY VEHICLE LD3976,0.9545454545454546,3966,3976,0.0,EQUIPMENT|COMPANY|5,False
d01c5194-420d-4f86-afaa-e0b9a5372657,bfbba765-a6d3-40fd-b0f2-8e3ea1e55764,LOCATION,NON TECHNIP OWNED - SCA-NM 07 - 2529 TAP - GREECE/KP 9+500,NON TECHNIP OWNED - SCA-NM(RTA) 20 - 2529 TAP - GREECE/KP 180,0.9056603773584904,07|2529|9|500,20|2529|180,0.1666666666666666,LOCATION|NON|13,False
f45354e8-3e93-475b-af4e-714539a06770,022f3a0f-c02a-4808-803e-d5738fd9112e,EQUIPMENT,DEEP-C DREDGER (SD-068),DEEP-C DREDGER (SD-083),0.9523809523809524,068,083,0.0,EQUIPMENT|DEEP|5,False
df5af68d-60b2-46a4-9cae-38e319fd4d75,4d1d3f50-f72d-4aef-83f7-43e61c5d9318,EQUIPMENT,DEEP-C DREDGER (SD-104),DEEP-C DREDGER (SD-116),0.9047619047619048,104,116,0.0,EQUIPMENT|DEEP|5,False
b98c28da-6ba4-4b23-ae99-be367ad2e6e8,df5af68d-60b2-46a4-9cae-38e319fd4d75,EQUIPMENT,DEEP-C DREDGER (SD-094),DEEP-C DREDGER (SD-104),0.9523809523809524,094,104,0.0,EQUIPMENT|DEEP|5,False
524f8790-a913-4861-b79c-47ebddb48208,156bff14-0bbc-4558-85bd-33dd8026fb44,EQUIPMENT,DEEP-C DREDGER (SD-029),DEEP-C DREDGER (SD-089),0.9523809523809524,029,089,0.0,EQUIPMENT|DEEP|5,False
296d317c-b3bb-456f-a103-1bbd8f79d803,f5387631-82f6-4c4e-a4ef-5fb5966698e1,EQUIPMENT,DEEP-C DREDGER (SD-067),DEEP-C DREDGER (SD-091),0.9047619047619048,067,091,0.0,EQUIPMENT|DEEP|5,False
cd2a9c16-e457-4448-98b4-5d0aa4bc6890,1fb3e43d-ef1c-404c-a9a1-239eb8b10622,EQUIPMENT,COMPANY VEHICLE LD3948,COMPANY VEHICLE LD3724,0.9090909090909092,3948,3724,0.0,EQUIPMENT|COMPANY|5,False
022f3a0f-c02a-4808-803e-d5738fd9112e,3ea9a906-25f5-4546-aa58-89f8bca6d887,EQUIPMENT,DEEP-C DREDGER (SD-083),DEEP-C DREDGER (SD-105),0.9047619047619048,083,105,0.0,EQUIPMENT|DEEP|5,False
95107c93-b442-469d-967b-ec59b10df297,254e2ad0-d67a-41a1-9910-6f016363f356,EQUIPMENT,18 WHEELER,18-WHEELER,1.0,18,18,1.0,EQUIPMENT|18|2,True
f962da10-fe4e-4f19-9573-91d0d41b3dbc,b9a9ea77-d659-4929-a9cc-a46c3dc5464e,EQUIPMENT,DEEP-C DREDGER (SD-078),DEEP-C DREDGER (SD-120),0.9047619047619048,078,120,0.0,EQUIPMENT|DEEP|5,False
8a4428b1-b883-44ee-b7c4-892fe5aad33a,ba78dc23-04de-4832-8ab9-ae554c260285,ORGANIZATION,NON-TEN OWNED,NON TEN OWNED,1.0,,,1.0,ORGANIZATION|NON|3,True
40b768aa-6f6a-4602-b109-fcad8704b2d6,646130c6-b1f6-4108-a8aa-66f40d3d376d,EQUIPMENT,SIDE BOOM,SIDE BOOMS,0.9473684210526316,,,1.0,EQUIPMENT|SIDE|2,False
a61e95f6-ef95-4fca-aa34-39a16f1721bf,c576b631-d15e-466a-b540-5d5ccda3b1ad,EQUIPMENT,SIDE PANELS,SIDE PANEL,0.9523809523809524,,,1.0,EQUIPMENT|SIDE|2,True
a39fd497-be81-46d2-aff4-08294a09a5aa,4d89a54d-5ddc-4eda-a282-9106c4033000,LOCATION,BUILDING 1,BUILDING 71,0.9523809523809524,1,71,0.0,LOCATION|BUILDING|2,False
7bf5937c-d2df-42f8-bddf-04292a74c51c,b9a9ea77-d659-4929-a9cc-a46c3dc5464e,EQUIPMENT,DEEP-C DREDGER (SD-071),DEEP-C DREDGER (SD-120),0.9047619047619048,071,120,0.0,EQUIPMENT|DEEP|5,False
a7e247b2-6794-4f5a-ab7c-0f77ac57249f,1bc5551e-7d67-439b-b2fd-121cdcdca48f,EQUIPMENT,DEEP-C DREDGER (SD-026),DEEP-C DREDGER (SD-109),0.9047619047619048,026,109,0.0,EQUIPMENT|DEEP|5,False
8af1b843-eaa8-4567-b40d-9b2f40d3e54c,2a2c9537-149a-43b2-9c5e-67af0e3bdbd1,EQUIPMENT,DEEP-C DREDGER (SD-009),DEEP-C DREDGER (SD-040),0.9523809523809524,009,040,0.0,EQUIPMENT|DEEP|5,False
72f96e17-3723-4e92-9606-abffd338b9fa,02a3842b-b578-4915-9688-24577ce88b32,LOCATION,"UNKNOWN, UNKNOWN","UNKNOWN, DAHEJ",1.0,,,1.0,LOCATION|UNKNOWN|3,True
022f3a0f-c02a-4808-803e-d5738fd9112e,89443768-7d82-4c60-b21d-a9d41b21bf25,EQUIPMENT,DEEP-C DREDGER (SD-083),DEEP-C DREDGER (SD-113),0.9047619047619048,083,113,0.0,EQUIPMENT|DEEP|5,False
296d317c-b3bb-456f-a103-1bbd8f79d803,d4b817db-0316-49dc-b6cd-5cb4a89ccffd,EQUIPMENT,DEEP-C DREDGER (SD-067),DEEP-C DREDGER (SD-108),0.9047619047619048,067,108,0.0,EQUIPMENT|DEEP|5,False
3a68bd5d-9c78-4bc9-b95b-48f3513c95e9,81397d8d-40d5-4ffe-a151-289abac3e74a,ORGANIZATION,SUBCONTRACTOR PROJECT MANAGER,SUBCONTRACTOR'S PROJECT MANAGER,1.0,,,1.0,ORGANIZATION|SUBCONTRACTOR|7,True
32fde475-035b-4df2-981b-dfec7025c5ec,31ddfe68-78c2-46b4-a00a-ec0f687abd28,EQUIPMENT,SHELL TELLUS 46 OIL,SHELL TELLUS 32 OIL,0.9142857142857144,46,32,0.0,EQUIPMENT|SHELL|4,False
8ed95cd5-2718-4606-b414-384a6e1bedce,aa71df3e-e16e-4554-bf91-73838685233e,EQUIPMENT,DEEP-C DREDGER (SD-088),DEEP-C DREDGER (SD-097),0.9047619047619048,088,097,0.0,EQUIPMENT|DEEP|5,False
e9172a74-8b5f-4a11-84d1-143c26e0f95f,b9a9ea77-d659-4929-a9cc-a46c3dc5464e,EQUIPMENT,DEEP-C DREDGER (SD-010),DEEP-C DREDGER (SD-120),0.9523809523809524,010,120,0.0,EQUIPMENT|DEEP|5,False
7bf5937c-d2df-42f8-bddf-04292a74c51c,f712154b-eaeb-48a8-a18e-794b7f6c784d,EQUIPMENT,DEEP-C DREDGER (SD-071),DEEP-C DREDGER (SD-087),0.9523809523809524,071,087,0.0,EQUIPMENT|DEEP|5,False
4296ebf9-4eab-4c9b-af9d-704d40db608f,49ebb0df-bcf4-4682-baab-5f6878504a07,EQUIPMENT,COMPANY VEHICLE LD3943,COMPANY VEHICLE LD3814,0.9090909090909092,3943,3814,0.0,EQUIPMENT|COMPANY|5,False
a5be9442-d937-4d1b-8c95-694dbb0e9579,c8ac18ff-6657-480d-9a7d-46e35b50e78d,EQUIPMENT,COMPANY VEHICLE LD3478,COMPANY VEHICLE LD3972,0.9090909090909092,3478,3972,0.0,EQUIPMENT|COMPANY|5,False
386f8249-9e6f-44f4-ad1e-15e756930721,6960a255-59ea-4029-af01-a98447f3b14c,EQUIPMENT,DEEP-C DREDGER (SD-032),DEEP-C DREDGER (SD-041),0.9047619047619048,032,041,0.0,EQUIPMENT|DEEP|5,False
d058c42b-373c-4f97-baa4-446bc6f14273,99b353bb-1902-4d68-a2fb-a38593addbd6,EQUIPMENT,DEEP-C DREDGER (SD-030),DEEP-C DREDGER (SD-058),0.9047619047619048,030,058,0.0,EQUIPMENT|DEEP|5,False
94ab24c3-eab8-4dcd-91de-b4e30833cb84,40fbe868-f022-4e67-b435-1d3b0601a953,EQUIPMENT,LOOSE FITTING,LOOSE FITTINGS,0.9629629629629628,,,1.0,EQUIPMENT|LOOSE|3,True
4d15c2c4-f2ad-40fb-9fc1-9c4641c61cdc,1f2e2f01-b3ba-4685-8546-b0177626ce25,EQUIPMENT,DEEP-C DREDGER (SD-004),DEEP-C DREDGER (SD-050),0.9523809523809524,004,050,0.0,EQUIPMENT|DEEP|5,False
ef763c90-950a-4baf-8c93-2bc6d61d255b,b6358eaf-f391-42b9-8bf0-79d925af831f,EQUIPMENT,DEEP-C DREDGER (SD-047),DEEP-C DREDGER (SD-086),0.9047619047619048,047,086,0.0,EQUIPMENT|DEEP|5,False
524f8790-a913-4861-b79c-47ebddb48208,1ac12523-dd35-4d8b-95cb-b7a18c01abfe,EQUIPMENT,DEEP-C DREDGER (SD-029),DEEP-C DREDGER (SD-042),0.9523809523809524,029,042,0.0,EQUIPMENT|DEEP|5,False
d6862eee-fcff-4903-b0fb-2ec77fed79a3,babb82d4-04fd-46af-a12b-909f6460c746,EQUIPMENT,DEEP-C DREDGER (SD-013),DEEP-C DREDGER (SD-051),0.9523809523809524,013,051,0.0,EQUIPMENT|DEEP|5,False
babb82d4-04fd-46af-a12b-909f6460c746,f712154b-eaeb-48a8-a18e-794b7f6c784d,EQUIPMENT,DEEP-C DREDGER (SD-051),DEEP-C DREDGER (SD-087),0.9047619047619048,051,087,0.0,EQUIPMENT|DEEP|5,False
91f8df7e-a70c-47e1-96d6-9b84e0195a13,2670f357-7ddd-4ffb-ad71-660324028ee2,EQUIPMENT,DEEP-C DREDGER (SD-021),DEEP-C DREDGER (SD-077),0.9047619047619048,021,077,0.0,EQUIPMENT|DEEP|5,False
a22b7b5d-9914-4c01-ac26-5b529efc06c8,2670f357-7ddd-4ffb-ad71-660324028ee2,EQUIPMENT,DEEP-C DREDGER (SD-074),DEEP-C DREDGER (SD-077),0.9523809523809524,074,077,0.0,EQUIPMENT|DEEP|5,False
7cf90ca2-7a75-4f81-bf83-47a6601c4ec7,53a48e84-4c3c-4279-9e96-549e0867f83a,EQUIPMENT,CAROUSEL,CAROUSEL I,1.0,,,1.0,EQUIPMENT|CAROUSEL|2,True
d8e029c0-89eb-4cd8-a5f9-16eddf93d7cc,aa71df3e-e16e-4554-bf91-73838685233e,EQUIPMENT,DEEP-C DREDGER (SD-045),DEEP-C DREDGER (SD-097),0.9047619047619048,045,097,0.0,EQUIPMENT|DEEP|5,False
d8e029c0-89eb-4cd8-a5f9-16eddf93d7cc,99b353bb-1902-4d68-a2fb-a38593addbd6,EQUIPMENT,DEEP-C DREDGER (SD-045),DEEP-C DREDGER (SD-058),0.9523809523809524,045,058,0.0,EQUIPMENT|DEEP|5,False
ef763c90-950a-4baf-8c93-2bc6d61d255b,22a2f2a2-4bc6-4ebe-ba49-93ef38170662,EQUIPMENT,DEEP-C DREDGER (SD-047),DEEP-C DREDGER (SD-092),0.9047619047619048,047,092,0.0,EQUIPMENT|DEEP|5,False
8ed95cd5-2718-4606-b414-384a6e1bedce,156bff14-0bbc-4558-85bd-33dd8026fb44,EQUIPMENT,DEEP-C DREDGER (SD-088),DEEP-C DREDGER (SD-089),0.9523809523809524,088,089,0.0,EQUIPMENT|DEEP|5,False
a596dd62-130e-4fff-9273-57decd24f60f,8d956832-1780-48f3-91bd-18340c191d4c,EQUIPMENT,DEEP-C DREDGER (SD-034),DEEP-C DREDGER (SD-075),0.9047619047619048,034,075,0.0,EQUIPMENT|DEEP|5,False
6d0aa421-fc99-48a1-a8cc-034b9102980f,2660ecce-69dc-4367-9030-da9aa1ac7eff,EQUIPMENT,FORKLIFT,FORKLIFT 1,1.0,,1,0.0,EQUIPMENT|FORKLIFT|2,True
c9a6bc2d-4a42-4e6a-bb7e-15739fd1b599,507e77c7-1032-496a-9e67-fb980c0efb8f,ORGANIZATION,LLC VELESSTROY,"LLC ""VELESSTROY""",1.0,,,1.0,ORGANIZATION|LLC|3,True
1dda77d0-07be-4c92-8237-ca6d7021663b,ea62fb46-18f8-452a-ad26-41ff9f55c6fd,LOCATION,UNKNOWN - UNKNOWN - UNKNOWN - UNKNOWN,"UNKNOWN LOCATION - CONGO, AFRICA",1.0,,,1.0,LOCATION|UNKNOWN|7,True
1ac12523-dd35-4d8b-95cb-b7a18c01abfe,22a2f2a2-4bc6-4ebe-ba49-93ef38170662,EQUIPMENT,DEEP-C DREDGER (SD-042),DEEP-C DREDGER (SD-092),0.9523809523809524,042,092,0.0,EQUIPMENT|DEEP|5,False
7e65880f-9f10-4220-9f26-ee675984d3da,a7e247b2-6794-4f5a-ab7c-0f77ac57249f,EQUIPMENT,DEEP-C DREDGER (SD-012),DEEP-C DREDGER (SD-026),0.9523809523809524,012,026,0.0,EQUIPMENT|DEEP|5,False
