is_match,id_l,id_r,type,title_l,title_r,score,nums_l,nums_r,num_jaccard,block_key,risk_score,num_mismatch
,57721e5b-fa73-424d-ab95-f80c4777d07e,37e92569-4ea0-438a-9218-84417525c5b3,EQUIPMENT,STBD AIR CONDITION COMPRESSOR UNIT 2,STBD AIR CONDITION COMPRESSOR UNIT 1,0.9722222222222224,2,1,0.0,EQUIPMENT|STBD|9,0.9722222222222224,True
,f4d7d829-1106-4def-9054-be07c3901509,46ee07a9-38b4-48ee-bfe7-1430ca8d435a,LOCATION,PRODUCTION SHOP 2,PRODUCTION SHOP 02,0.9714285714285714,2,02,0.0,LOCATION|PRODUCTION|4,0.9714285714285714,True
,6b77c20e-968f-4022-ba55-77a676994c27,cf0b19c4-64c7-45d9-a274-f20eb82da66c,LOCATION,"GLOBAL 1200, ABERDEEN, UK, EUROPE","GLOBAL 1201, ABERDEEN, UK, EUROPE",0.9666666666666668,1200,1201,0.0,LOCATION|GLOBAL|7,0.9666666666666668,True
,cbd7fcfc-a2db-4003-95b3-d28b1a0ec6d3,73b57fd3-7066-432c-9661-fdf13506cb35,EQUIPMENT,FUEL CONDITIONING MODULE NO. 3,FUEL CONDITIONING MODULE NO. 2,0.9655172413793104,3,2,0.0,EQUIPMENT|FUEL|7,0.9655172413793104,True
,4316ebed-5935-4456-b0d1-2b6b9a08afd4,1850af33-3959-4668-9c17-cf606be30657,INJURY_TYPE,MISSING PIECE FROM OUTER RACE WEIGHS APPROXIMATELY 1.2 KG,MISSING PIECE FROM OUTER RACE WEIGHS APPROXIMATELY 3.6 KG,0.9649122807017544,1|2,3|6,0.0,INJURY_TYPE|MISSING|14,0.9649122807017544,True
,0190fa78-daec-41de-b6f7-68863f1fea38,b04e6332-f485-443e-8a12-abbf44f17504,EQUIPMENT,ROT-5 HORIZONTAL COLUMN BOOM,ROT-10 HORIZONTAL COLUMN BOOM,0.9629629629629628,5,10,0.0,EQUIPMENT|ROT|7,0.9629629629629628,True
,2131b001-4fd6-4741-9217-fd37d5e4ef07,e50ee5b1-9c7c-43c0-a7f5-8e7ec9c9dec8,LOCATION,GREECE/GCS 500,GREECE/GCS 00,0.9629629629629628,500,00,0.0,LOCATION|GREECE|3,0.9629629629629628,True
,8643ca6a-445c-417d-9a51-1269285f4d33,20f6dcfb-678b-4829-b131-f5f1c4713479,EQUIPMENT,CLASS 4 HIGH TORQUE WRENCH,CLASS 2 HIGH TORQUE WRENCH,0.9615384615384616,4,2,0.0,EQUIPMENT|CLASS|6,0.9615384615384616,True
,834c652e-796a-4806-b88a-bde3af661048,e09152fe-92ff-47cb-853d-c530776e3823,LOCATION,NON-ACCEPTABLE SITUATION 1,NON-ACCEPTABLE SITUATION 2,0.9615384615384616,1,2,0.0,LOCATION|NON|6,0.9615384615384616,True
,0b670420-4ba8-442b-a1a8-9d5d6f501755,31cc2c5b-9361-4915-8e0e-6004ccf956ca,EQUIPMENT,ANT-HEELING PUMP NUMBER 1,ANT-HEELING PUMP NUMBER 2,0.96,1,2,0.0,EQUIPMENT|ANT|6,0.96,True
,d73bda1a-b970-4104-8131-2196570f8560,c1b48395-7854-4d31-b39f-b9a0b8e4d9b3,LOCATION,GREECE/KP 271,GREECE/KP 27,0.96,271,27,0.0,LOCATION|GREECE|3,0.96,True
,5c9b5d0a-3cd0-4684-8ce9-e9075f5b43d7,e818aad6-40a3-4e0f-8f26-80f0480f12d9,LOCATION,LINE 2 SIDE OF PRODUCTION LINE,LINE 1 SIDE OF PRODUCTION LINE,0.96,2,1,0.0,LOCATION|LINE|7,0.96,True
,c8270b43-2ca9-4156-a095-c5804210e130,85652db4-2bde-4298-9436-935a6641c1df,LOCATION,"GLOBAL 1200, ABERDEEN, UK","GLOBAL 1201, ABERDEEN, UK",0.9565217391304348,1200,1201,0.0,LOCATION|GLOBAL|5,0.9565217391304348,True
,0d643866-cabe-4093-85b0-07385e6073a1,9d26849b-b52b-4837-adcf-3626c07242f5,ORGANIZATION,NON TECHNIP OWNED - RNT-NM 21 - TAP ALBANIA/ACS02,NON TECHNIP OWNED - RNT-NM 27 - TAP ALBANIA/ACS03,0.9555555555555556,21|02,27|03,0.0,ORGANIZATION|NON|11,0.9555555555555556,True
,02c7c4cf-fd53-48e0-a177-09234ae25fe1,f15f343e-21af-45df-ac5c-9efce8819a99,EQUIPMENT,APPROXIMATELY 5 LITERS,APPROXIMATELY 4 LITERS,0.9545454545454546,5,4,0.0,EQUIPMENT|APPROXIMATELY|5,0.9545454545454546,True
,1f0143f9-976d-40b8-898c-2b8c001bf481,212bf37e-499e-4184-b086-0b38a7aeb445,EQUIPMENT,COMPANY VEHICLE LD3643,COMPANY VEHICLE LD3964,0.9545454545454546,3643,3964,0.0,EQUIPMENT|COMPANY|5,0.9545454545454546,True
,1f0143f9-976d-40b8-898c-2b8c001bf481,4296ebf9-4eab-4c9b-af9d-704d40db608f,EQUIPMENT,COMPANY VEHICLE LD3643,COMPANY VEHICLE LD3943,0.9545454545454546,3643,3943,0.0,EQUIPMENT|COMPANY|5,0.9545454545454546,True
,1f0143f9-976d-40b8-898c-2b8c001bf481,2db1a3b0-53f5-4557-b4d6-9eff4a9e44e7,EQUIPMENT,COMPANY VEHICLE LD3643,COMPANY VEHICLE LD3843,0.9545454545454546,3643,3843,0.0,EQUIPMENT|COMPANY|5,0.9545454545454546,True
,1f0143f9-976d-40b8-898c-2b8c001bf481,e99a6778-7fde-426b-9f41-3dcc7ded4ea0,EQUIPMENT,COMPANY VEHICLE LD3643,COMPANY VEHICLE LD3640,0.9545454545454546,3643,3640,0.0,EQUIPMENT|COMPANY|5,0.9545454545454546,True
,1f0143f9-976d-40b8-898c-2b8c001bf481,2a8d39fb-d3d1-430f-9b83-91d21ba44f0a,EQUIPMENT,COMPANY VEHICLE LD3643,COMPANY VEHICLE LD3743,0.9545454545454546,3643,3743,0.0,EQUIPMENT|COMPANY|5,0.9545454545454546,True
,2a354888-d90a-42f2-8fb6-4af1e30e3d2e,5156079a-472b-464f-8080-8e8b1049e090,EQUIPMENT,COMPANY VEHICLE LD5556,COMPANY VEHICLE LD5596,0.9545454545454546,5556,5596,0.0,EQUIPMENT|COMPANY|5,0.9545454545454546,True
,2a354888-d90a-42f2-8fb6-4af1e30e3d2e,3d0cfc3f-4679-4270-959b-7cc5998b03da,EQUIPMENT,COMPANY VEHICLE LD5556,COMPANY VEHICLE LD5552,0.9545454545454546,5556,5552,0.0,EQUIPMENT|COMPANY|5,0.9545454545454546,True
,2a354888-d90a-42f2-8fb6-4af1e30e3d2e,4387b000-3ba5-49f4-842f-c5ecb8848338,EQUIPMENT,COMPANY VEHICLE LD5556,COMPANY VEHICLE LD5550,0.9545454545454546,5556,5550,0.0,EQUIPMENT|COMPANY|5,0.9545454545454546,True
,2a354888-d90a-42f2-8fb6-4af1e30e3d2e,36035d0a-3008-42cc-bc4a-564e7746be54,EQUIPMENT,COMPANY VEHICLE LD5556,COMPANY VEHICLE LD5506,0.9545454545454546,5556,5506,0.0,EQUIPMENT|COMPANY|5,0.9545454545454546,True
,2a354888-d90a-42f2-8fb6-4af1e30e3d2e,93dba91e-66dd-4549-9542-181629f6a655,EQUIPMENT,COMPANY VEHICLE LD5556,COMPANY VEHICLE LD5595,0.9545454545454546,5556,5595,0.0,EQUIPMENT|COMPANY|5,0.9545454545454546,True
,2a354888-d90a-42f2-8fb6-4af1e30e3d2e,9686eb8d-a388-48e9-83c6-ef12745a8b14,EQUIPMENT,COMPANY VEHICLE LD5556,COMPANY VEHICLE LD5575,0.9545454545454546,5556,5575,0.0,EQUIPMENT|COMPANY|5,0.9545454545454546,True
,2a354888-d90a-42f2-8fb6-4af1e30e3d2e,f10cbdae-5522-4b2d-a300-40e75874d784,EQUIPMENT,COMPANY VEHICLE LD5556,COMPANY VEHICLE LD5554,0.9545454545454546,5556,5554,0.0,EQUIPMENT|COMPANY|5,0.9545454545454546,True
,2a354888-d90a-42f2-8fb6-4af1e30e3d2e,7e4b900d-1f76-44e9-944e-38be8c54f9e8,EQUIPMENT,COMPANY VEHICLE LD5556,COMPANY VEHICLE LD5516,0.9545454545454546,5556,5516,0.0,EQUIPMENT|COMPANY|5,0.9545454545454546,True
,ab509eb9-2162-45cc-b1a7-ceb57b1595b6,d6124611-61dc-4e30-b2fc-bceda953a842,EQUIPMENT,COMPANY VEHICLE LD3585,COMPANY VEHICLE LD3854,0.9545454545454546,3585,3854,0.0,EQUIPMENT|COMPANY|5,0.9545454545454546,True
,ab509eb9-2162-45cc-b1a7-ceb57b1595b6,16f71216-3310-4492-8004-7cde2c785c17,EQUIPMENT,COMPANY VEHICLE LD3585,COMPANY VEHICLE LD3583,0.9545454545454546,3585,3583,0.0,EQUIPMENT|COMPANY|5,0.9545454545454546,True
,ab509eb9-2162-45cc-b1a7-ceb57b1595b6,e9d7f76a-3631-42d3-bfe3-2d762e5f6fd7,EQUIPMENT,COMPANY VEHICLE LD3585,COMPANY VEHICLE LD3985,0.9545454545454546,3585,3985,0.0,EQUIPMENT|COMPANY|5,0.9545454545454546,True
,ab509eb9-2162-45cc-b1a7-ceb57b1595b6,86bb1bd3-aca5-4c51-b987-2c588360e4f2,EQUIPMENT,COMPANY VEHICLE LD3585,COMPANY VEHICLE LD3852,0.9545454545454546,3585,3852,0.0,EQUIPMENT|COMPANY|5,0.9545454545454546,True
,ab509eb9-2162-45cc-b1a7-ceb57b1595b6,88de9ac0-f663-4ad6-adc7-a8ceaebad914,EQUIPMENT,COMPANY VEHICLE LD3585,COMPANY VEHICLE LD3785,0.9545454545454546,3585,3785,0.0,EQUIPMENT|COMPANY|5,0.9545454545454546,True
,ab509eb9-2162-45cc-b1a7-ceb57b1595b6,f29d4900-e5bb-4ee6-9950-e68690935784,EQUIPMENT,COMPANY VEHICLE LD3585,COMPANY VEHICLE LD3845,0.9545454545454546,3585,3845,0.0,EQUIPMENT|COMPANY|5,0.9545454545454546,True
,ab509eb9-2162-45cc-b1a7-ceb57b1595b6,c2dc337e-bc73-482a-b980-1a724768f00a,EQUIPMENT,COMPANY VEHICLE LD3585,COMPANY VEHICLE LD3955,0.9545454545454546,3585,3955,0.0,EQUIPMENT|COMPANY|5,0.9545454545454546,True
,ab509eb9-2162-45cc-b1a7-ceb57b1595b6,d4197d0f-e07c-4569-98a4-5614c1588d0b,EQUIPMENT,COMPANY VEHICLE LD3585,COMPANY VEHICLE LD3858,0.9545454545454546,3585,3858,0.0,EQUIPMENT|COMPANY|5,0.9545454545454546,True
,77c03f97-2da4-4df1-b05b-65c64619bf83,af12461e-0e03-4c7d-8f1e-44e8767e61ba,EQUIPMENT,COMPANY VEHICLE LD3739,COMPANY VEHICLE LD3713,0.9545454545454546,3739,3713,0.0,EQUIPMENT|COMPANY|5,0.9545454545454546,True
,77c03f97-2da4-4df1-b05b-65c64619bf83,950be9de-2de3-42d9-a96d-526fe325c47d,EQUIPMENT,COMPANY VEHICLE LD3739,COMPANY VEHICLE LD3797,0.9545454545454546,3739,3797,0.0,EQUIPMENT|COMPANY|5,0.9545454545454546,True
,77c03f97-2da4-4df1-b05b-65c64619bf83,5efd64a3-e1a4-4856-8da2-b758d6bfd280,EQUIPMENT,COMPANY VEHICLE LD3739,COMPANY VEHICLE LD3736,0.9545454545454546,3739,3736,0.0,EQUIPMENT|COMPANY|5,0.9545454545454546,True
,77c03f97-2da4-4df1-b05b-65c64619bf83,2a8d39fb-d3d1-430f-9b83-91d21ba44f0a,EQUIPMENT,COMPANY VEHICLE LD3739,COMPANY VEHICLE LD3743,0.9545454545454546,3739,3743,0.0,EQUIPMENT|COMPANY|5,0.9545454545454546,True
,212bf37e-499e-4184-b086-0b38a7aeb445,0a356643-6a50-4139-949c-1c68e259f4de,EQUIPMENT,COMPANY VEHICLE LD3964,COMPANY VEHICLE LD3936,0.9545454545454546,3964,3936,0.0,EQUIPMENT|COMPANY|5,0.9545454545454546,True
,212bf37e-499e-4184-b086-0b38a7aeb445,7152822b-6748-41fd-a188-3692d191c6c6,EQUIPMENT,COMPANY VEHICLE LD3964,COMPANY VEHICLE LD3940,0.9545454545454546,3964,3940,0.0,EQUIPMENT|COMPANY|5,0.9545454545454546,True
,212bf37e-499e-4184-b086-0b38a7aeb445,4296ebf9-4eab-4c9b-af9d-704d40db608f,EQUIPMENT,COMPANY VEHICLE LD3964,COMPANY VEHICLE LD3943,0.9545454545454546,3964,3943,0.0,EQUIPMENT|COMPANY|5,0.9545454545454546,True
,212bf37e-499e-4184-b086-0b38a7aeb445,f64c6586-c955-47b4-bd90-1f4d0e15cd88,EQUIPMENT,COMPANY VEHICLE LD3964,COMPANY VEHICLE LD3966,0.9545454545454546,3964,3966,0.0,EQUIPMENT|COMPANY|5,0.9545454545454546,True
,212bf37e-499e-4184-b086-0b38a7aeb445,0fa35bf2-b1ab-466a-8321-96dff713285a,EQUIPMENT,COMPANY VEHICLE LD3964,COMPANY VEHICLE LD3976,0.9545454545454546,3964,3976,0.0,EQUIPMENT|COMPANY|5,0.9545454545454546,True
,212bf37e-499e-4184-b086-0b38a7aeb445,e18b6f64-02f3-4600-88ec-49c4189af60d,EQUIPMENT,COMPANY VEHICLE LD3964,COMPANY VEHICLE LD3956,0.9545454545454546,3964,3956,0.0,EQUIPMENT|COMPANY|5,0.9545454545454546,True
,212bf37e-499e-4184-b086-0b38a7aeb445,dcd39ac5-b9c5-40e0-9d61-5c651af9cda1,EQUIPMENT,COMPANY VEHICLE LD3964,COMPANY VEHICLE LD3994,0.9545454545454546,3964,3994,0.0,EQUIPMENT|COMPANY|5,0.9545454545454546,True
,212bf37e-499e-4184-b086-0b38a7aeb445,e99a6778-7fde-426b-9f41-3dcc7ded4ea0,EQUIPMENT,COMPANY VEHICLE LD3964,COMPANY VEHICLE LD3640,0.9545454545454546,3964,3640,0.0,EQUIPMENT|COMPANY|5,0.9545454545454546,True
,212bf37e-499e-4184-b086-0b38a7aeb445,cd2a9c16-e457-4448-98b4-5d0aa4bc6890,EQUIPMENT,COMPANY VEHICLE LD3964,COMPANY VEHICLE LD3948,0.9545454545454546,3964,3948,0.0,EQUIPMENT|COMPANY|5,0.9545454545454546,True
,a36e13b7-2c9b-4c1f-abcb-9162d693e8c5,426352a3-b914-44a7-8a48-3dd5f27f0397,BODY_PART,RIGHT HAND (4TH FINGER),RIGHT HAND - 5TH FINGER,0.9523809523809524,4,5,0.0,BODY_PART|RIGHT|5,0.9523809523809524,True
,a36e13b7-2c9b-4c1f-abcb-9162d693e8c5,e7d1afdf-6b7d-494a-af3d-4a8b852e341f,BODY_PART,RIGHT HAND (4TH FINGER),"RIGHT HAND, 5TH FINGER",0.9523809523809524,4,5,0.0,BODY_PART|RIGHT|5,0.9523809523809524,True
,7ac0e3b7-c7bd-4812-9068-f9b8ab42e18f,426352a3-b914-44a7-8a48-3dd5f27f0397,BODY_PART,"RIGHT HAND, 4TH FINGER",RIGHT HAND - 5TH FINGER,0.9523809523809524,4,5,0.0,BODY_PART|RIGHT|5,0.9523809523809524,True
,7ac0e3b7-c7bd-4812-9068-f9b8ab42e18f,e7d1afdf-6b7d-494a-af3d-4a8b852e341f,BODY_PART,"RIGHT HAND, 4TH FINGER","RIGHT HAND, 5TH FINGER",0.9523809523809524,4,5,0.0,BODY_PART|RIGHT|5,0.9523809523809524,True
,a39fd497-be81-46d2-aff4-08294a09a5aa,4d89a54d-5ddc-4eda-a282-9106c4033000,LOCATION,BUILDING 1,BUILDING 71,0.9523809523809524,1,71,0.0,LOCATION|BUILDING|2,0.9523809523809524,True
,a39fd497-be81-46d2-aff4-08294a09a5aa,a15cbeae-1101-450c-9886-9b087bd9f4ac,LOCATION,BUILDING 1,BUILDING 15,0.9523809523809524,1,15,0.0,LOCATION|BUILDING|2,0.9523809523809524,True
,a39fd497-be81-46d2-aff4-08294a09a5aa,ceacb68c-e128-49d0-a352-67925bb48f41,LOCATION,BUILDING 1,BUILDING 16,0.9523809523809524,1,16,0.0,LOCATION|BUILDING|2,0.9523809523809524,True
,a39fd497-be81-46d2-aff4-08294a09a5aa,f4ff0fb5-e653-4d7b-ab89-bcb2ea312943,LOCATION,BUILDING 1,BUILDING 14,0.9523809523809524,1,14,0.0,LOCATION|BUILDING|2,0.9523809523809524,True
,a39fd497-be81-46d2-aff4-08294a09a5aa,cd030250-9dee-46e2-a329-bbcf03c24e38,LOCATION,BUILDING 1,BUILDING 11,0.9523809523809524,1,11,0.0,LOCATION|BUILDING|2,0.9523809523809524,True
,4d89a54d-5ddc-4eda-a282-9106c4033000,c8b9d255-1c8e-43d9-9787-1f6ca324145d,LOCATION,BUILDING 71,BUILDING 7,0.9523809523809524,71,7,0.0,LOCATION|BUILDING|2,0.9523809523809524,True
,4d89a54d-5ddc-4eda-a282-9106c4033000,7fb8c4cd-e941-4866-a051-d1760511c785,LOCATION,BUILDING 71,BUILDING #7,0.9523809523809524,71,7,0.0,LOCATION|BUILDING|2,0.9523809523809524,True
,4d89a54d-5ddc-4eda-a282-9106c4033000,966ce4c6-bb72-4986-88c7-8bc17527df0d,LOCATION,BUILDING 71,BUILDING #1,0.9523809523809524,71,1,0.0,LOCATION|BUILDING|2,0.9523809523809524,True
,819a9bfd-4052-4938-8652-9c1a28e87b0a,ceacb68c-e128-49d0-a352-67925bb48f41,LOCATION,BUILDING 6,BUILDING 16,0.9523809523809524,6,16,0.0,LOCATION|BUILDING|2,0.9523809523809524,True
,819a9bfd-4052-4938-8652-9c1a28e87b0a,09c560d1-e56e-4103-a5a4-951e087ad268,LOCATION,BUILDING 6,BUILDING 46,0.9523809523809524,6,46,0.0,LOCATION|BUILDING|2,0.9523809523809524,True
,a15cbeae-1101-450c-9886-9b087bd9f4ac,966ce4c6-bb72-4986-88c7-8bc17527df0d,LOCATION,BUILDING 15,BUILDING #1,0.9523809523809524,15,1,0.0,LOCATION|BUILDING|2,0.9523809523809524,True
,ceacb68c-e128-49d0-a352-67925bb48f41,966ce4c6-bb72-4986-88c7-8bc17527df0d,LOCATION,BUILDING 16,BUILDING #1,0.9523809523809524,16,1,0.0,LOCATION|BUILDING|2,0.9523809523809524,True
,f4ff0fb5-e653-4d7b-ab89-bcb2ea312943,966ce4c6-bb72-4986-88c7-8bc17527df0d,LOCATION,BUILDING 14,BUILDING #1,0.9523809523809524,14,1,0.0,LOCATION|BUILDING|2,0.9523809523809524,True
,cd030250-9dee-46e2-a329-bbcf03c24e38,966ce4c6-bb72-4986-88c7-8bc17527df0d,LOCATION,BUILDING 11,BUILDING #1,0.9523809523809524,11,1,0.0,LOCATION|BUILDING|2,0.9523809523809524,True
,de29f5a3-fd51-4175-bbd8-774365d1dcfb,c8942cba-83de-4e73-a7f9-0d9a578ac689,LOCATION,WORKSHOP 14,WORKSHOP 1,0.9523809523809524,14,1,0.0,LOCATION|WORKSHOP|2,0.9523809523809524,True
,78a48b20-ab29-4361-8005-dacf8dc9158c,26182298-8c4b-4542-a634-8454a718410e,LOCATION,COMPRESSOR BUILDING 2,COMPRESSOR BUILDING 3,0.9523809523809524,2,3,0.0,LOCATION|COMPRESSOR|5,0.9523809523809524,True
,642023ae-6fd0-4a25-9ab8-7e11fdbf821b,6343a30d-d340-46a2-a724-380b5edd169f,LOCATION,SWELL DIRECTION: 020° T,SWELL DIRECTION:   210°T,0.9523809523809524,020,210,0.0,LOCATION|SWELL|5,0.9523809523809524,True
,fe4deaf2-a56a-4743-b38c-23c619e68078,1820f016-934f-4b56-aa7f-da0f15f00cb2,ORGANIZATION,EMPLOYEE (PEDESTRIAN 1),EMPLOYEE (PEDESTRIAN 2),0.9523809523809524,1,2,0.0,ORGANIZATION|EMPLOYEE|5,0.9523809523809524,True
,86926afd-a054-4337-a976-21af0f86a206,d5853ca2-34e7-401a-8d4e-6cc4bafc697c,BODY_PART,LEFT HAND 4TH FINGER,LEFT HAND 5TH FINGER,0.95,4,5,0.0,BODY_PART|LEFT|5,0.95,True
,0fb30da1-3f71-49cc-8cbf-37652011119c,3edc1eb9-2a5f-4504-b520-2f75c427b1a0,LOCATION,TRAIN 1 COMPRESSOR A,"TRAIN 3, COMPRESSOR A",0.95,1,3,0.0,LOCATION|TRAIN|5,0.95,True
,18ff894f-3109-4f95-bbb6-2bf6403afe51,3599ee79-4b2f-44f9-aeb2-a63bcc6d1222,ORGANIZATION,EMPLOYEE (ID 10035876),EMPLOYEE (ID# 10034876),0.95,10035876,10034876,0.0,ORGANIZATION|EMPLOYEE|5,0.95,True
,6737d45f-99cc-40f0-bf9f-6464089f7129,313e8e7b-9464-43bc-9550-de88d953e042,ORGANIZATION,EMPLOYEE (ID 30803350),EMPLOYEE (ID# 30803505),0.95,30803350,30803505,0.0,ORGANIZATION|EMPLOYEE|5,0.95,True
,6737d45f-99cc-40f0-bf9f-6464089f7129,30371f6a-18e2-40d6-acc2-80d5826070a5,ORGANIZATION,EMPLOYEE (ID 30803350),EMPLOYEE ID 30803370,0.95,30803350,30803370,0.0,ORGANIZATION|EMPLOYEE|5,0.95,True
,b5e21b06-d33a-42f2-99e2-9d94f5c36a70,2ab34670-df64-45d0-ba4a-5a6607c81ae9,ORGANIZATION,EMPLOYEE ID # 10023210,EMPLOYEE ID 10024210,0.95,10023210,10024210,0.0,ORGANIZATION|EMPLOYEE|5,0.95,True
,5c058664-73b8-44fc-ba87-3bae4cdcb935,2842d89c-01a4-4e90-9ea8-ad45b17baca6,ORGANIZATION,HYDRASUN PERSONNEL 1,HYDRASUN PERSONNEL 2,0.95,1,2,0.0,ORGANIZATION|HYDRASUN|5,0.95,True
,1547270b-b248-482f-bb66-a59baeb6e3d7,c2da861d-4161-4eee-9ee3-f012accc1f36,LOCATION,STATION 1,STATION #16,0.9473684210526316,1,16,0.0,LOCATION|STATION|2,0.9473684210526316,True
,1547270b-b248-482f-bb66-a59baeb6e3d7,885576e5-f17b-4ab0-aa0e-b9007d4f7b70,LOCATION,STATION 1,STATION 10,0.9473684210526316,1,10,0.0,LOCATION|STATION|2,0.9473684210526316,True
,1547270b-b248-482f-bb66-a59baeb6e3d7,c2acd7da-801f-44e6-85d0-0cc81e4d7c7c,LOCATION,STATION 1,STATION 18,0.9473684210526316,1,18,0.0,LOCATION|STATION|2,0.9473684210526316,True
,1547270b-b248-482f-bb66-a59baeb6e3d7,3eb8b3ec-574d-48d3-ac1e-8776153e121a,LOCATION,STATION 1,STATION 21,0.9473684210526316,1,21,0.0,LOCATION|STATION|2,0.9473684210526316,True
,260ef4dd-9ae0-4092-a202-ab017d5089c6,885576e5-f17b-4ab0-aa0e-b9007d4f7b70,LOCATION,STATION #0,STATION 10,0.9473684210526316,0,10,0.0,LOCATION|STATION|2,0.9473684210526316,True
,f53e1010-9b42-42d3-8be3-f711eb555f28,3eb8b3ec-574d-48d3-ac1e-8776153e121a,LOCATION,STATION #2,STATION 21,0.9473684210526316,2,21,0.0,LOCATION|STATION|2,0.9473684210526316,True
,f53e1010-9b42-42d3-8be3-f711eb555f28,406a82be-4bbc-4b38-8892-a5cc196925fe,LOCATION,STATION #2,STATION 22,0.9473684210526316,2,22,0.0,LOCATION|STATION|2,0.9473684210526316,True
,c9bc6188-a16b-472f-8414-0e9c5a5faca7,9b489803-e6f7-4431-9efe-10a1fcfabee2,LOCATION,"AREA 44, GREEN FIELD",AREA 43 GREEN FIELD,0.9473684210526316,44,43,0.0,LOCATION|AREA|4,0.9473684210526316,True
,10190922-9838-4c62-a6cd-7de94d1f81d7,c05ea180-e05c-488c-a8bb-2d7d4b397306,LOCATION,WORKSHOP 1 HIGH BAY,WORKSHOP 2 HIGH BAY,0.9473684210526316,1,2,0.0,LOCATION|WORKSHOP|4,0.9473684210526316,True
,eb451950-a1e9-40d4-840f-3222cff75b9c,933e45bd-31ee-4b2e-9202-9eb756048663,LOCATION,DI_09 EPCL PROJECT,DI_29 - EPCL PROJECT,0.9444444444444444,09,29,0.0,LOCATION|DI|4,0.9444444444444444,True
,8cc357f7-68f8-49a5-9f52-1d6c91fbf88a,9273dcce-c4d8-4ecb-8b4a-eef27af216a7,LOCATION,DI_18 EPCL PROJECT,DI_17 EPCL PROJECT,0.9444444444444444,18,17,0.0,LOCATION|DI|4,0.9444444444444444,True
,1d6d84a2-2184-480f-90f7-0ae2ef68e812,0b814f83-8713-4ede-b86a-b318aa31e417,LOCATION,NUSAJAYA CAMPUS 2,NUSAJAYA CAMPUS 1,0.9411764705882354,2,1,0.0,LOCATION|NUSAJAYA|4,0.9411764705882354,True
,a2a2c4ac-964c-45ba-9d16-e7109a75db89,b175f0b4-5e6c-4091-9d26-29b4e586880c,LOCATION,HOUSTON GREMP S15,HOUSTON GREMP - S13,0.9411764705882354,15,13,0.0,LOCATION|HOUSTON|4,0.9411764705882354,True
,6f3ae19a-12e4-442c-860f-8730e0ef6f67,af2d68b8-f3fe-4593-be43-ea2213b45246,LOCATION,MODULE SHOP BAY 1,"MODULE SHOP, BAY 4",0.9411764705882354,1,4,0.0,LOCATION|MODULE|4,0.9411764705882354,True
,33828d85-67e4-4a26-a40a-ddd3380a0e31,e32d8245-cb87-4ade-aaa3-b0b10d121b75,LOCATION,UNIT 300,UNIT 2300,0.9411764705882354,300,2300,0.0,LOCATION|UNIT|2,0.9411764705882354,True
,ee92bbcd-5fc9-491f-922b-a2348b205950,3a1a7e4a-3045-4f71-affd-1abaf6768321,ORGANIZATION,EMPLOYEE 10023210,EMPLOYEE 10023610,0.9411764705882354,10023210,10023610,0.0,ORGANIZATION|EMPLOYEE|4,0.9411764705882354,True
,efd1014c-3282-49c8-bddc-0f49d3c2940b,af1e2b59-6c4d-4808-bee8-2114541661f0,ORGANIZATION,EMPLOYEE 10025317,EMPLOYEE 10025318,0.9411764705882354,10025317,10025318,0.0,ORGANIZATION|EMPLOYEE|4,0.9411764705882354,True
,e09bf7a6-df2d-4853-8f02-4416c98a97d0,e7dcbace-e247-44ec-af21-20b8c5dca2e8,ORGANIZATION,EMPLOYEE 10026008,EMPLOYEE #10023600,0.9411764705882354,10026008,10023600,0.0,ORGANIZATION|EMPLOYEE|4,0.9411764705882354,True
,f0dbb494-816e-48d9-aeec-8afb8929d8be,3eebec4d-cfba-4447-838c-d1ac3325e905,ORGANIZATION,EMPLOYEE 10025650,EMPLOYEE #10026750,0.9411764705882354,10025650,10026750,0.0,ORGANIZATION|EMPLOYEE|4,0.9411764705882354,True
,f0dbb494-816e-48d9-aeec-8afb8929d8be,b8d6bfe3-d63e-4055-a0ad-0060b89d314f,ORGANIZATION,EMPLOYEE 10025650,EMPLOYEE 10026570,0.9411764705882354,10025650,10026570,0.0,ORGANIZATION|EMPLOYEE|4,0.9411764705882354,True
,3eebec4d-cfba-4447-838c-d1ac3325e905,b8d6bfe3-d63e-4055-a0ad-0060b89d314f,ORGANIZATION,EMPLOYEE #10026750,EMPLOYEE 10026570,0.9411764705882354,10026750,10026570,0.0,ORGANIZATION|EMPLOYEE|4,0.9411764705882354,True
,7b125fca-8204-4551-b81d-e2c81771abd3,af1e2b59-6c4d-4808-bee8-2114541661f0,ORGANIZATION,EMPLOYEE 10025818,EMPLOYEE 10025318,0.9411764705882354,10025818,10025318,0.0,ORGANIZATION|EMPLOYEE|4,0.9411764705882354,True
,3a1a7e4a-3045-4f71-affd-1abaf6768321,e7dcbace-e247-44ec-af21-20b8c5dca2e8,ORGANIZATION,EMPLOYEE 10023610,EMPLOYEE #10023600,0.9411764705882354,10023610,10023600,0.0,ORGANIZATION|EMPLOYEE|4,0.9411764705882354,True
,a26cd07e-906e-4081-8119-10999ed4f3f3,fd2ddc0a-9d2a-441e-8653-119d4603fd7d,ORGANIZATION,DIVE SUPERVISOR 1,DIVE SUPERVISOR 2,0.9411764705882354,1,2,0.0,ORGANIZATION|DIVE|4,0.9411764705882354,True
,e18f06ec-0356-4ae9-9ea8-b6c625ace91c,a179689d-1d36-49d4-9c71-22e11aa685ff,ORGANIZATION,VLS TECHNICIAN 1,VLS TECHNICIAN 2,0.9375,1,2,0.0,ORGANIZATION|VLS|4,0.9375,True
,c1be7b9b-f05b-42ae-9b3e-15e736017098,6b5c9f11-1d23-486b-8d06-b2e10ab4fc1b,ORGANIZATION,SAV TECHNICIAN 1,SAV TECHNICIAN 2,0.9375,1,2,0.0,ORGANIZATION|SAV|4,0.9375,True
,9b506130-5f11-4668-924f-aee7fe24fe3e,c9da25a7-83b3-4417-b34b-163e127176cd,ORGANIZATION,CRANE TECH NO.1,CRANE TECH NO.2,0.9333333333333332,1,2,0.0,ORGANIZATION|CRANE|3,0.9333333333333332,True
,cbdfbebe-5a0a-4afb-95db-a4cd42bd77c1,72ce5222-0d20-4b01-acbe-88a8681dfc3a,ORGANIZATION,MERO 1 PROJECT,MERO 2 PROJECT,0.9285714285714286,1,2,0.0,ORGANIZATION|MERO|3,0.9285714285714286,True
,3eb5f246-0eb5-4c9d-9cea-05d48415b02f,056c0c19-7079-453f-99f4-c8732bde48dd,ORGANIZATION,ISC EMPLOYEE 1,ISC EMPLOYEE 2,0.9285714285714286,1,2,0.0,ORGANIZATION|ISC|3,0.9285714285714286,True
,85e1ec02-717b-4342-ad62-67a04943e162,a52d07f0-972c-4915-8119-04b55676ab97,ORGANIZATION,EMPLOYEE (UID 30802511),EMPLOYEE (ID # 30802161),0.926829268292683,30802511,30802161,0.0,ORGANIZATION|EMPLOYEE|5,0.926829268292683,True
,e14ddd3a-fc51-4a8d-9fe0-699582f628fd,2c207c10-fbf6-4f6e-8f71-8d262eb19a71,ORGANIZATION,CONTRACTOR CONSTRUCTION SUPERVISOR E0180,CONTRACTOR CONSTRUCTION SUPERVISOR E0243,0.925,0180,0243,0.0,ORGANIZATION|CONTRACTOR|10,0.925,True
,c7a37828-2f82-48a5-b7de-bcde66f9f9ee,600aac53-ed8c-40f8-b4f9-badfd3c5b404,INJURY_TYPE,CREW MEMBER 1,CREW MEMBER 2,0.923076923076923,1,2,0.0,INJURY_TYPE|CREW|3,0.923076923076923,True
,fcc76739-5937-4fe3-8f3f-b706a7a23242,86760885-3b34-4bbf-9b80-1a06099647a9,INJURY_TYPE,TECHNICIAN T1,TECHNICIAN T2,0.923076923076923,1,2,0.0,INJURY_TYPE|TECHNICIAN|3,0.923076923076923,True
,37865e7d-c497-497b-925e-ec7a682adfae,e1d6c29e-98ef-498a-a7b2-c1ecc04385c1,ORGANIZATION,NON-TECHNIP OWNED - BNJ-FAC 10 - TAP - GREECE/KP 331,NON-TECHNIP OWNED - BNJ-FAC 25 - TAP - GREECE/KP 550,0.9176470588235294,10|331,25|550,0.0,ORGANIZATION|NON|11,0.9176470588235294,True
,1b09defa-ad68-4b5d-87e3-66438fcfd8dc,a393b4b0-7aef-4ae7-8a2d-19e908fb4aa7,ORGANIZATION,TECHNICIAN 1,TECHNICIAN 2,0.9166666666666669,1,2,0.0,ORGANIZATION|TECHNICIAN|3,0.9166666666666669,True
,1b09defa-ad68-4b5d-87e3-66438fcfd8dc,fd192baf-f830-4c00-ba9d-e7b46cb76293,ORGANIZATION,TECHNICIAN 1,TECHNICIAN 3,0.9166666666666669,1,3,0.0,ORGANIZATION|TECHNICIAN|3,0.9166666666666669,True
,1b09defa-ad68-4b5d-87e3-66438fcfd8dc,a612c0d7-3524-49dd-9339-1fe58c6fb601,ORGANIZATION,TECHNICIAN 1,TECHNICIAN 4,0.9166666666666669,1,4,0.0,ORGANIZATION|TECHNICIAN|3,0.9166666666666669,True
,1b09defa-ad68-4b5d-87e3-66438fcfd8dc,c5479e33-9bd7-41ba-b9ec-e9004236c390,ORGANIZATION,TECHNICIAN 1,TECHNICIAN #2,0.9166666666666669,1,2,0.0,ORGANIZATION|TECHNICIAN|3,0.9166666666666669,True
,a393b4b0-7aef-4ae7-8a2d-19e908fb4aa7,fd192baf-f830-4c00-ba9d-e7b46cb76293,ORGANIZATION,TECHNICIAN 2,TECHNICIAN 3,0.9166666666666669,2,3,0.0,ORGANIZATION|TECHNICIAN|3,0.9166666666666669,True
,a393b4b0-7aef-4ae7-8a2d-19e908fb4aa7,a612c0d7-3524-49dd-9339-1fe58c6fb601,ORGANIZATION,TECHNICIAN 2,TECHNICIAN 4,0.9166666666666669,2,4,0.0,ORGANIZATION|TECHNICIAN|3,0.9166666666666669,True
,a393b4b0-7aef-4ae7-8a2d-19e908fb4aa7,45c2d08d-cd71-4e15-81d2-2fce2c50412f,ORGANIZATION,TECHNICIAN 2,TECHNICIAN #1,0.9166666666666669,2,1,0.0,ORGANIZATION|TECHNICIAN|3,0.9166666666666669,True
,fd192baf-f830-4c00-ba9d-e7b46cb76293,a612c0d7-3524-49dd-9339-1fe58c6fb601,ORGANIZATION,TECHNICIAN 3,TECHNICIAN 4,0.9166666666666669,3,4,0.0,ORGANIZATION|TECHNICIAN|3,0.9166666666666669,True
,fd192baf-f830-4c00-ba9d-e7b46cb76293,45c2d08d-cd71-4e15-81d2-2fce2c50412f,ORGANIZATION,TECHNICIAN 3,TECHNICIAN #1,0.9166666666666669,3,1,0.0,ORGANIZATION|TECHNICIAN|3,0.9166666666666669,True
,fd192baf-f830-4c00-ba9d-e7b46cb76293,c5479e33-9bd7-41ba-b9ec-e9004236c390,ORGANIZATION,TECHNICIAN 3,TECHNICIAN #2,0.9166666666666669,3,2,0.0,ORGANIZATION|TECHNICIAN|3,0.9166666666666669,True
,a612c0d7-3524-49dd-9339-1fe58c6fb601,45c2d08d-cd71-4e15-81d2-2fce2c50412f,ORGANIZATION,TECHNICIAN 4,TECHNICIAN #1,0.9166666666666669,4,1,0.0,ORGANIZATION|TECHNICIAN|3,0.9166666666666669,True
,a612c0d7-3524-49dd-9339-1fe58c6fb601,c5479e33-9bd7-41ba-b9ec-e9004236c390,ORGANIZATION,TECHNICIAN 4,TECHNICIAN #2,0.9166666666666669,4,2,0.0,ORGANIZATION|TECHNICIAN|3,0.9166666666666669,True
,45c2d08d-cd71-4e15-81d2-2fce2c50412f,c5479e33-9bd7-41ba-b9ec-e9004236c390,ORGANIZATION,TECHNICIAN #1,TECHNICIAN #2,0.9166666666666669,1,2,0.0,ORGANIZATION|TECHNICIAN|3,0.9166666666666669,True
,676a17be-e100-4b5c-955b-576d2952f7c2,211af587-def7-40bb-9636-346eb2b669af,ORGANIZATION,EMPLOYEE (BADGE# 10025579),EMPLOYEE (BADGE#10025165),0.9130434782608696,10025579,10025165,0.0,ORGANIZATION|EMPLOYEE|5,0.9130434782608696,True
,fce184e1-9fbf-4f39-94d5-98d3d226cf4c,25a6b4bd-6246-46b1-a920-75c626370f40,INJURY_TYPE,INCIDENT 670649 - INJURY,INCIDENT 665497 - INJURY,0.9090909090909092,670649,665497,0.0,INJURY_TYPE|INCIDENT|5,0.9090909090909092,True
,61c9e859-de9b-41d0-b64b-d1425e06e893,54f9c371-288a-44f8-98a6-4bb0bec94938,INJURY_TYPE,CARPENTER 1,CARPENTER 2,0.9090909090909092,1,2,0.0,INJURY_TYPE|CARPENTER|2,0.9090909090909092,True
,6b037e9f-afa9-418c-b63b-b675e5322293,131ee60c-3d91-48ac-99bb-897815b2c6e2,ORGANIZATION,CARETAKER 1,CARETAKER 2,0.9090909090909092,1,2,0.0,ORGANIZATION|CARETAKER|2,0.9090909090909092,True
,480db5de-5ecf-4312-85f7-10a8d436f7f6,dedc7899-9c98-46ec-9c7d-37bed1cbd63b,ORGANIZATION,NON-TECHNIP OWNED - BNJ-NM 48 - TAP PROJECT GREECE/GBV 22,NON-TECHNIP OWNED - BNJ-NM 47 - TAP PROJECT - GREECE/GCS 01,0.9056603773584904,48|22,47|01,0.0,ORGANIZATION|NON|13,0.9056603773584904,True
,ca86cae6-52f4-4111-ac9f-1fac453e9dfb,a36e13b7-2c9b-4c1f-abcb-9162d693e8c5,BODY_PART,RIGHT HAND 1ST FINGER,RIGHT HAND (4TH FINGER),0.9047619047619048,1,4,0.0,BODY_PART|RIGHT|5,0.9047619047619048,True
,ca86cae6-52f4-4111-ac9f-1fac453e9dfb,7ac0e3b7-c7bd-4812-9068-f9b8ab42e18f,BODY_PART,RIGHT HAND 1ST FINGER,"RIGHT HAND, 4TH FINGER",0.9047619047619048,1,4,0.0,BODY_PART|RIGHT|5,0.9047619047619048,True
,ca86cae6-52f4-4111-ac9f-1fac453e9dfb,426352a3-b914-44a7-8a48-3dd5f27f0397,BODY_PART,RIGHT HAND 1ST FINGER,RIGHT HAND - 5TH FINGER,0.9047619047619048,1,5,0.0,BODY_PART|RIGHT|5,0.9047619047619048,True
,ca86cae6-52f4-4111-ac9f-1fac453e9dfb,e7d1afdf-6b7d-494a-af3d-4a8b852e341f,BODY_PART,RIGHT HAND 1ST FINGER,"RIGHT HAND, 5TH FINGER",0.9047619047619048,1,5,0.0,BODY_PART|RIGHT|5,0.9047619047619048,True
,6206296b-9cac-4eb8-9905-7e678dd5bfd3,5a1eae69-da2d-4bc5-8227-1553331325c8,BODY_PART,RIGHT HAND 3RD FINGER,RIGHT HAND - 2ND FINGER,0.9047619047619048,3,2,0.0,BODY_PART|RIGHT|5,0.9047619047619048,True
,6206296b-9cac-4eb8-9905-7e678dd5bfd3,c4259731-3ced-4157-a7a7-d3a83500711f,BODY_PART,RIGHT HAND 3RD FINGER,RIGHT HAND 2ND FINGER,0.9047619047619048,3,2,0.0,BODY_PART|RIGHT|5,0.9047619047619048,True
,5a1eae69-da2d-4bc5-8227-1553331325c8,7b3f6bcb-7f0e-4d7e-b821-8b89a75a9ae2,BODY_PART,RIGHT HAND - 2ND FINGER,RIGHT HAND - 3RD FINGER,0.9047619047619048,2,3,0.0,BODY_PART|RIGHT|5,0.9047619047619048,True
,c4259731-3ced-4157-a7a7-d3a83500711f,7b3f6bcb-7f0e-4d7e-b821-8b89a75a9ae2,BODY_PART,RIGHT HAND 2ND FINGER,RIGHT HAND - 3RD FINGER,0.9047619047619048,2,3,0.0,BODY_PART|RIGHT|5,0.9047619047619048,True
,59ad04c1-75fc-4121-9ff7-60d655bef679,86926afd-a054-4337-a976-21af0f86a206,BODY_PART,LEFT HAND - 1ST FINGER,LEFT HAND 4TH FINGER,0.9,1,4,0.0,BODY_PART|LEFT|5,0.9,True
,59ad04c1-75fc-4121-9ff7-60d655bef679,d5853ca2-34e7-401a-8d4e-6cc4bafc697c,BODY_PART,LEFT HAND - 1ST FINGER,LEFT HAND 5TH FINGER,0.9,1,5,0.0,BODY_PART|LEFT|5,0.9,True
,2fe58439-b489-4ac5-b16d-577d241a4bb2,d702296b-b8a4-45c9-82cb-c406eb44ea34,BODY_PART,LEFT HAND 2ND FINGER,LEFT HAND 3RD FINGER,0.9,2,3,0.0,BODY_PART|LEFT|5,0.9,True
,2fe58439-b489-4ac5-b16d-577d241a4bb2,b2b50abd-8be7-4c45-b254-4e3428a2bed2,BODY_PART,LEFT HAND 2ND FINGER,LEFT HAND - 3RD FINGER,0.9,2,3,0.0,BODY_PART|LEFT|5,0.9,True
,86926afd-a054-4337-a976-21af0f86a206,959b6b98-851a-4585-93c9-92f8349489c1,BODY_PART,LEFT HAND 4TH FINGER,LEFT HAND 1ST FINGER,0.9,4,1,0.0,BODY_PART|LEFT|5,0.9,True
,959b6b98-851a-4585-93c9-92f8349489c1,d5853ca2-34e7-401a-8d4e-6cc4bafc697c,BODY_PART,LEFT HAND 1ST FINGER,LEFT HAND 5TH FINGER,0.9,1,5,0.0,BODY_PART|LEFT|5,0.9,True
,3f5bf4a2-4dcc-4602-9f3f-9860ea68777b,f1078cf7-f335-4c21-a8d8-b35883912e35,INJURY_TYPE,OPERATOR 1,OPERATOR #2,0.9,1,2,0.0,INJURY_TYPE|OPERATOR|2,0.9,True
,a8a84289-d9b4-47bd-bea0-f0f3f9841848,f1078cf7-f335-4c21-a8d8-b35883912e35,INJURY_TYPE,OPERATOR #1,OPERATOR #2,0.9,1,2,0.0,INJURY_TYPE|OPERATOR|2,0.9,True
,ecde9216-218d-470d-8861-994556bf4040,f536c925-2652-4698-a591-28ea38ef6118,INJURY_TYPE,FINANCIAL IMPACT - SIGNIFICANT IMPACT ON ENTITY/ASSET FIGURES. LIKELY IMPACT ON (R)BU/GBU FIGURES,FINANCIAL IMPACT - 3. SIGNIFICANT IMPACT ON ENTITY/ASSET FIGURES. LIKELY IMPACT ON (R)BU/GBU FIGURES,1.0,,3,0.0,INJURY_TYPE|FINANCIAL|23,1.0,False
,90791a02-7a0f-44dd-be6b-e72bf83e02b6,40e9be10-af7f-41f3-b8c8-94a58df10da3,INJURY_TYPE,INJURY - SINGLE FATALITY/SERIOUS LOST TIME INJURY/PERMANENT DISABILITY,INJURY - 4. SINGLE FATALITY / SERIOUS LOST TIME INJURY / PERMANENT DISABILITY,1.0,,4,0.0,INJURY_TYPE|INJURY|17,1.0,False
,dc532e42-31f1-4ea6-b7e8-ad87dd459738,40e9be10-af7f-41f3-b8c8-94a58df10da3,INJURY_TYPE,INJURY - SINGLE FATALITY / SERIOUS LOST TIME INJURY / PERMANENT DISABILITY,INJURY - 4. SINGLE FATALITY / SERIOUS LOST TIME INJURY / PERMANENT DISABILITY,1.0,,4,0.0,INJURY_TYPE|INJURY|17,1.0,False
,54a988e0-eb79-427e-aeb9-e4267e7741df,86cd4a26-2e0b-4a1d-ada9-5c29962ae9a1,INJURY_TYPE,FINANCIAL IMPACT - (R)BU/GBU FIGURES IMPACTED WITH SUBSTANTIAL ADDITIONAL COSTS,FINANCIAL IMPACT - 4. (R)BU/GBU FIGURES IMPACTED WITH SUBSTANTIAL ADDITIONAL COSTS,1.0,,4,0.0,INJURY_TYPE|FINANCIAL|19,1.0,False
,8f37d1f0-3b21-43d4-8c37-8cee010e5136,a1f131b1-dfee-4325-9d49-74d530c18fff,INJURY_TYPE,MAJOR,MAJOR (3),1.0,,3,0.0,INJURY_TYPE|MAJOR|1,1.0,False
,ca86cae6-52f4-4111-ac9f-1fac453e9dfb,454ed583-1c82-4282-8b10-8bd3ef387de1,BODY_PART,RIGHT HAND 1ST FINGER,RIGHT HAND LAST FINGER,0.9302325581395348,1,,0.0,BODY_PART|RIGHT|5,0.9302325581395348,False
,ca86cae6-52f4-4111-ac9f-1fac453e9dfb,bfe2e8b0-7364-4a9f-b997-ae1fe3de0a69,BODY_PART,RIGHT HAND 1ST FINGER,RIGHT HAND II FINGER,0.9189189189189187,1,,0.0,BODY_PART|RIGHT|5,0.9189189189189187,False
,a36e13b7-2c9b-4c1f-abcb-9162d693e8c5,bfe2e8b0-7364-4a9f-b997-ae1fe3de0a69,BODY_PART,RIGHT HAND (4TH FINGER),RIGHT HAND II FINGER,0.9189189189189187,4,,0.0,BODY_PART|RIGHT|5,0.9189189189189187,False
,6206296b-9cac-4eb8-9905-7e678dd5bfd3,bfe2e8b0-7364-4a9f-b997-ae1fe3de0a69,BODY_PART,RIGHT HAND 3RD FINGER,RIGHT HAND II FINGER,0.9189189189189187,3,,0.0,BODY_PART|RIGHT|5,0.9189189189189187,False
,7ac0e3b7-c7bd-4812-9068-f9b8ab42e18f,bfe2e8b0-7364-4a9f-b997-ae1fe3de0a69,BODY_PART,"RIGHT HAND, 4TH FINGER",RIGHT HAND II FINGER,0.9189189189189187,4,,0.0,BODY_PART|RIGHT|5,0.9189189189189187,False
,5a1eae69-da2d-4bc5-8227-1553331325c8,bfe2e8b0-7364-4a9f-b997-ae1fe3de0a69,BODY_PART,RIGHT HAND - 2ND FINGER,RIGHT HAND II FINGER,0.9189189189189187,2,,0.0,BODY_PART|RIGHT|5,0.9189189189189187,False
,426352a3-b914-44a7-8a48-3dd5f27f0397,bfe2e8b0-7364-4a9f-b997-ae1fe3de0a69,BODY_PART,RIGHT HAND - 5TH FINGER,RIGHT HAND II FINGER,0.9189189189189187,5,,0.0,BODY_PART|RIGHT|5,0.9189189189189187,False
,bfe2e8b0-7364-4a9f-b997-ae1fe3de0a69,c4259731-3ced-4157-a7a7-d3a83500711f,BODY_PART,RIGHT HAND II FINGER,RIGHT HAND 2ND FINGER,0.9189189189189187,,2,0.0,BODY_PART|RIGHT|5,0.9189189189189187,False
,bfe2e8b0-7364-4a9f-b997-ae1fe3de0a69,7b3f6bcb-7f0e-4d7e-b821-8b89a75a9ae2,BODY_PART,RIGHT HAND II FINGER,RIGHT HAND - 3RD FINGER,0.9189189189189187,,3,0.0,BODY_PART|RIGHT|5,0.9189189189189187,False
,bfe2e8b0-7364-4a9f-b997-ae1fe3de0a69,e7d1afdf-6b7d-494a-af3d-4a8b852e341f,BODY_PART,RIGHT HAND II FINGER,"RIGHT HAND, 5TH FINGER",0.9189189189189187,,5,0.0,BODY_PART|RIGHT|5,0.9189189189189187,False
,6806f551-a00e-4356-84e3-2b791f3bf2f2,a36e13b7-2c9b-4c1f-abcb-9162d693e8c5,BODY_PART,RIGHT HAND THUMB FINGER,RIGHT HAND (4TH FINGER),0.9090909090909092,,4,0.0,BODY_PART|RIGHT|5,0.9090909090909092,False
,6806f551-a00e-4356-84e3-2b791f3bf2f2,7ac0e3b7-c7bd-4812-9068-f9b8ab42e18f,BODY_PART,RIGHT HAND THUMB FINGER,"RIGHT HAND, 4TH FINGER",0.9090909090909092,,4,0.0,BODY_PART|RIGHT|5,0.9090909090909092,False
,6806f551-a00e-4356-84e3-2b791f3bf2f2,426352a3-b914-44a7-8a48-3dd5f27f0397,BODY_PART,RIGHT HAND THUMB FINGER,RIGHT HAND - 5TH FINGER,0.9090909090909092,,5,0.0,BODY_PART|RIGHT|5,0.9090909090909092,False
,6806f551-a00e-4356-84e3-2b791f3bf2f2,e7d1afdf-6b7d-494a-af3d-4a8b852e341f,BODY_PART,RIGHT HAND THUMB FINGER,"RIGHT HAND, 5TH FINGER",0.9090909090909092,,5,0.0,BODY_PART|RIGHT|5,0.9090909090909092,False
,ca86cae6-52f4-4111-ac9f-1fac453e9dfb,8ea3e523-75b0-42c0-969c-a826b84c54a6,BODY_PART,RIGHT HAND 1ST FINGER,RIGHT HAND - FIRST FINGER,0.9090909090909092,1,,0.0,BODY_PART|RIGHT|5,0.9090909090909092,False
,a36e13b7-2c9b-4c1f-abcb-9162d693e8c5,dbdaae52-a46a-4db5-9f4b-5e7725ed85a8,BODY_PART,RIGHT HAND (4TH FINGER),RIGHT HAND - FIFTH FINGER,0.9090909090909092,4,,0.0,BODY_PART|RIGHT|5,0.9090909090909092,False
,a36e13b7-2c9b-4c1f-abcb-9162d693e8c5,ded902b3-d91b-40f4-ba5c-eb8f0a62b586,BODY_PART,RIGHT HAND (4TH FINGER),RIGHT HAND FIFTH FINGER,0.9090909090909092,4,,0.0,BODY_PART|RIGHT|5,0.9090909090909092,False
,a36e13b7-2c9b-4c1f-abcb-9162d693e8c5,b9b8c3b6-613e-46af-9029-199cb7387c9c,BODY_PART,RIGHT HAND (4TH FINGER),RIGHT HAND THIRD FINGER,0.9090909090909092,4,,0.0,BODY_PART|RIGHT|5,0.9090909090909092,False
,a36e13b7-2c9b-4c1f-abcb-9162d693e8c5,2b9a2032-61f8-4a45-9660-60e8d5f2d575,BODY_PART,RIGHT HAND (4TH FINGER),RIGHT-HAND THUMB FINGER,0.9090909090909092,4,,0.0,BODY_PART|RIGHT|5,0.9090909090909092,False
,dbdaae52-a46a-4db5-9f4b-5e7725ed85a8,7ac0e3b7-c7bd-4812-9068-f9b8ab42e18f,BODY_PART,RIGHT HAND - FIFTH FINGER,"RIGHT HAND, 4TH FINGER",0.9090909090909092,,4,0.0,BODY_PART|RIGHT|5,0.9090909090909092,False
,dbdaae52-a46a-4db5-9f4b-5e7725ed85a8,426352a3-b914-44a7-8a48-3dd5f27f0397,BODY_PART,RIGHT HAND - FIFTH FINGER,RIGHT HAND - 5TH FINGER,0.9090909090909092,,5,0.0,BODY_PART|RIGHT|5,0.9090909090909092,False
,97306ef1-a864-41da-83c2-894926de2708,a886c94b-5323-4a66-967b-1500882b41bd,INJURY_TYPE,APPROXIMATELY 1/3 MISSING FROM OUTER RACE WEIGHS APPROXIMATELY 1.2 KG,APPROXIMATELY 1/3 MISSING FROM OUTER RACE WEIGHS APPROXIMATELY 3.6 KG,0.981132075471698,1|3|1|2,1|3|3|6,0.5,INJURY_TYPE|APPROXIMATELY|17,0.490566037735849,False
,4af6f575-1579-492a-a0f8-7ce07edfb734,8c63a22f-922b-482c-9447-d760901c6205,INJURY_TYPE,"DAMAGE - 1. LESS THAN 100,000 EUROS","DAMAGE - 1 LESS THAN 100,000 EUROS",1.0,1|100|000,1|100|000,1.0,INJURY_TYPE|DAMAGE|8,0.0,False
,3f5bf4a2-4dcc-4602-9f3f-9860ea68777b,a8a84289-d9b4-47bd-bea0-f0f3f9841848,INJURY_TYPE,OPERATOR 1,OPERATOR #1,1.0,1,1,1.0,INJURY_TYPE|OPERATOR|2,0.0,False
,2dd2f748-86e0-43a2-9882-dd53a2c73925,abab4e7a-6185-42ab-967b-7b594fe66524,INJURY_TYPE,ERGONOMICS - REPETITIVE/ONE SIDED PHYSICAL DEMAND,ERGONOMICS - REPETITIVE/ONE-SIDED PHYSICAL DEMAND,1.0,,,1.0,INJURY_TYPE|ERGONOMICS|11,0.0,False
,4eb37ea5-c21c-49d2-bc6d-0844ce0e5386,3e29d692-8ff3-4dbc-9a9c-e4ad012f0856,INJURY_TYPE,INJURY - ARM STRAIN,INJURY - ARM INJURY,1.0,,,1.0,INJURY_TYPE|INJURY|4,0.0,False
,c4c2a480-c5a9-4b18-aef6-8d7b03b7329e,8222cc1e-27c8-4c0a-be03-6c5a3bf941bb,INJURY_TYPE,INJURY - MEDICAL TREATMENT INJURY / RESTRICTED WORK CASE / LOSS OF CONSCIOUSNESS,INJURY - MEDICAL TREATMENT INJURY RESTRICTED WORK CASE LOSS OF CONSCIOUSNESS,1.0,,,1.0,INJURY_TYPE|INJURY|18,0.0,False
,b41ce5e0-9981-4be1-a7e5-9d65b21d8b9d,bbd4d15e-5f4f-4647-b913-ee8d3db2a036,INJURY_TYPE,NO PERSONNEL WERE INJURED.,NO PERSONNEL WERE INJURED,1.0,,,1.0,INJURY_TYPE|NO|6,0.0,False
,90791a02-7a0f-44dd-be6b-e72bf83e02b6,dc532e42-31f1-4ea6-b7e8-ad87dd459738,INJURY_TYPE,INJURY - SINGLE FATALITY/SERIOUS LOST TIME INJURY/PERMANENT DISABILITY,INJURY - SINGLE FATALITY / SERIOUS LOST TIME INJURY / PERMANENT DISABILITY,1.0,,,1.0,INJURY_TYPE|INJURY|17,0.0,False
,ce784d20-988d-4738-aaab-7ce01dbdb450,c10783e3-bc02-4aa2-863c-9b079db4b8b8,INJURY_TYPE,"NO CASUALTIES, NO DAMAGE",NO CASUALTIES OR DAMAGE,1.0,,,1.0,INJURY_TYPE|NO|5,0.0,False
,4b5f56c5-4063-48fe-acf4-72b250d6c9a3,5efd8a07-9471-4c00-a273-46fe85bc778a,INJURY_TYPE,ALL PERSONNEL WERE OTHERWISE WELL,ALL PERSONNEL WERE OTHERWISE WELL.,1.0,,,1.0,INJURY_TYPE|ALL|8,0.0,False
,370cfab7-1c72-417a-a4fa-94e9592622e8,a88cd846-0050-47b7-b13c-9e8174d8807e,INJURY_TYPE,IP (INJURED PERSON),IP - INJURED PERSON,1.0,,,1.0,INJURY_TYPE|IP|4,0.0,False
,9487e1fe-7d3f-4229-9f00-ff3e109607fa,9c2efd90-30ac-404e-8dc2-82aab9f5969e,INJURY_TYPE,MINOR CUT TO FINGER,MINOR FINGER CUT,1.0,,,1.0,INJURY_TYPE|MINOR|4,0.0,False
,3457d16a-26be-48b8-a534-1b075b837317,03f9eee0-004f-4cd4-a325-65a52403d402,INJURY_TYPE,HAZARDOUS LIQUIDS (EXPOSURE TO / SPILL / LOSS OF CONTAINMENT / POLLUTION),HAZARDOUS LIQUIDS - EXPOSURE TO / SPILL / LOSS OF CONTAINMENT / POLLUTION,1.0,,,1.0,INJURY_TYPE|HAZARDOUS|16,0.0,False
,47fd1723-2c01-4d07-a276-dff2f61d9e28,d91b97e3-a118-4b52-bded-385eb0ae09f0,INJURY_TYPE,ARC EYE,ARC-EYE,1.0,,,1.0,INJURY_TYPE|ARC|1,0.0,False
,4f7105e0-a486-4336-bcac-982621d81954,7340d467-2e0f-438b-8509-1ebfaba4f28f,INJURY_TYPE,FAC-PERSON,FAC- PERSON,1.0,,,1.0,INJURY_TYPE|FAC|2,0.0,False
,83a74c38-dbb4-4fbc-ab95-b4632d42bb12,026bcac9-2ded-45b9-a42b-dc12e6ca4885,INJURY_TYPE,"SUBSTANCES - HAZARDOUS GASES, VAPOURS, AEROSOLS (EXPOSURE TO / SPILL / LOSS OF CONTAINMENT /POLLUTION)","SUBSTANCES  - HAZARDOUS GASES, VAPOURS, AEROSOLS (EXPOSURE TO / SPILL / LOSS OF CONTENTMENT /POLLUTION)",0.978021978021978,,,1.0,INJURY_TYPE|SUBSTANCES|22,0.0,False
,3edff918-25d6-4b40-831a-e46caa708a93,49887e11-4aec-4d1d-a81a-629af748697c,INJURY_TYPE,DAMAGE TO HANDRAIL,DAMAGE TO HAND RAIL,0.9729729729729728,,,1.0,INJURY_TYPE|DAMAGE|4,0.0,False
,8344494b-c36a-4a39-a97a-ffb100baf54b,5f1e9785-863f-4324-906e-3b7b41824a59,INJURY_TYPE,INJURED PERSON (IP),INJURED PERSON (I.P),0.9714285714285714,,,1.0,INJURY_TYPE|INJURED|4,0.0,False
,e6b0894c-895c-4105-8a88-3d40a3aff54d,6193fa61-45d6-48d4-be81-7319f9059998,INJURY_TYPE,ABDOMINAL PAINS,ABDOMINAL PAIN,0.9655172413793104,,,1.0,INJURY_TYPE|ABDOMINAL|3,0.0,False
,54d531a3-e7e1-4c0f-9705-4d60cb41b424,882705c7-e5b4-49db-b446-e8b6f17fc686,INJURY_TYPE,BROKEN FINGER,BROKEN FINGERS,0.9629629629629628,,,1.0,INJURY_TYPE|BROKEN|3,0.0,False
,091c25c9-cfb7-4f69-a336-9c59aa5a42be,8b462ec0-3fd3-4ed7-b4c1-b59b1ede1fc1,INJURY_TYPE,EYE IRRITATION,EYE IRITATION,0.9629629629629628,,,1.0,INJURY_TYPE|EYE|3,0.0,False
,ddc897d1-e705-47df-b521-7a71c6179173,35126cbe-004f-4a72-af1f-7434b21066a7,INJURY_TYPE,MINOR BURNS,MINOR BURN,0.9523809523809524,,,1.0,INJURY_TYPE|MINOR|2,0.0,False
,dcab195d-4cb6-4619-8616-ac8e6c9ab798,7c40d324-9aae-4e07-870b-6da4ee527d51,INJURY_TYPE,HEAT CRAMP,HEAT CRAMPS,0.9523809523809524,,,1.0,INJURY_TYPE|HEAT|2,0.0,False
,827ab8cb-1363-4124-a64b-38c518949c5f,3f41d23d-8891-42b6-9d0d-dd84770f6e31,INJURY_TYPE,LEFT SHOULDER SPRAIN,LEFT SHOULDER STRAIN,0.95,,,1.0,INJURY_TYPE|LEFT|5,0.0,False
,66ec0a5d-ad09-4d06-983c-164694d65b96,8609e6f3-249f-4c52-b5c8-857eb5dbacc8,INJURY_TYPE,RIGHT WRIST SPRAIN,RIGHT WRIST STRAIN,0.9444444444444444,,,1.0,INJURY_TYPE|RIGHT|4,0.0,False
,ebacbf4d-d82f-48f4-a20e-04e21ad4ea49,2e9b7c85-910f-4de8-9143-b2ed5152d344,INJURY_TYPE,NEAR MISS 551629 - NM - YAMAL LNG PROJECT - 034693C009 - SABETTA - INJURY,NEAR MISS 551629 - NM - YAMAL LNG PROJECT - 034693C009 - SABETTA - DAMAGE,0.9411764705882354,551629|034693|009,551629|034693|009,1.0,INJURY_TYPE|NEAR|15,0.0,False
,17471c87-2fa4-4c20-977c-808dae912d25,b3b7afb8-1b82-4731-85f8-f77550570266,INJURY_TYPE,CERVICAL STRAIN,CERVICAL SPRAIN,0.9333333333333332,,,1.0,INJURY_TYPE|CERVICAL|3,0.0,False
,b3b7afb8-1b82-4731-85f8-f77550570266,586551ae-6c48-4ebd-a2b9-4b80cf1a8103,INJURY_TYPE,CERVICAL SPRAIN,CERVICAL PAIN,0.9285714285714286,,,1.0,INJURY_TYPE|CERVICAL|3,0.0,False
