source_dataset_l,unique_id_l,source_dataset_r,unique_id_r
df,9ecf89fa-2153-4793-b43a-1fc59b2e3999,df,f09453e5-419a-439b-b33b-6e4e2ba98f97
df,c000f1c3-4234-40f8-a631-9623a74b3bfd,df,e8bd99e4-03d3-49d0-82dc-374392b24575
df,75af3eab-95c3-4224-902b-5b320e327104,df,1dda77d0-07be-4c92-8237-ca6d7021663b
df,9a9b819d-f52d-4e49-8bd3-b33bf9a03f50,df,1dda77d0-07be-4c92-8237-ca6d7021663b
df,9a9b819d-f52d-4e49-8bd3-b33bf9a03f50,df,20f2f55c-e33c-4ea2-8b6a-6a9d9055409c
df,af0e7b7f-fcd9-4a5d-8164-00226668c040,df,1dda77d0-07be-4c92-8237-ca6d7021663b
df,a8456df0-ec00-46b1-9c88-2493ad1b6403,df,1dda77d0-07be-4c92-8237-ca6d7021663b
df,ca5b161b-ebed-4a31-878e-0d394a45bfa5,df,df86fd5d-833c-46b2-9c12-ef4d4e9a4823
df,ca5b161b-ebed-4a31-878e-0d394a45bfa5,df,1dda77d0-07be-4c92-8237-ca6d7021663b
df,aaef1ebc-7220-4e4d-b083-2a9f271fe9ba,df,1dda77d0-07be-4c92-8237-ca6d7021663b
df,aaef1ebc-7220-4e4d-b083-2a9f271fe9ba,df,20f2f55c-e33c-4ea2-8b6a-6a9d9055409c
df,2b58580c-004e-4e99-9d02-7b75c44c2c43,df,d83b4d0c-0f1c-43fe-a7c5-64927448d8b1
df,2b58580c-004e-4e99-9d02-7b75c44c2c43,df,b652228a-dab9-4fc0-bfdf-8132cb0d3a4d
df,2b58580c-004e-4e99-9d02-7b75c44c2c43,df,053360f1-1934-4595-99e1-2c299f45143b
df,2b58580c-004e-4e99-9d02-7b75c44c2c43,df,695a6f06-b861-446b-a422-96aafd27f6a4
df,2b58580c-004e-4e99-9d02-7b75c44c2c43,df,1dda77d0-07be-4c92-8237-ca6d7021663b
df,2b58580c-004e-4e99-9d02-7b75c44c2c43,df,f0b5291a-72e5-4b42-9a1f-af416e7d95ee
df,2b58580c-004e-4e99-9d02-7b75c44c2c43,df,c6fda146-f76f-4b60-a41a-e6bd8b48f739
df,2b58580c-004e-4e99-9d02-7b75c44c2c43,df,4fec858f-f53f-4afc-8cb9-7748f08de85f
df,0c3146d0-a206-4ec1-919b-e174f7b48492,df,1dda77d0-07be-4c92-8237-ca6d7021663b
df,0c3146d0-a206-4ec1-919b-e174f7b48492,df,ea62fb46-18f8-452a-ad26-41ff9f55c6fd
df,e0bede4c-6c3d-4429-82cf-5f345ecbdc7e,df,1dda77d0-07be-4c92-8237-ca6d7021663b
df,d83b4d0c-0f1c-43fe-a7c5-64927448d8b1,df,1dda77d0-07be-4c92-8237-ca6d7021663b
df,35c61b3a-26e1-4ad4-80be-f47bd28e5531,df,1dda77d0-07be-4c92-8237-ca6d7021663b
df,35c61b3a-26e1-4ad4-80be-f47bd28e5531,df,e1c3fb05-8cfe-4da1-9070-cfdd45839bd4
df,35c61b3a-26e1-4ad4-80be-f47bd28e5531,df,18ff60b1-8061-4080-9d5b-cd73ec26e663
df,097458b4-d436-4f3e-b047-42a3096a8b85,df,3a53e095-f32b-42e3-9e6c-0dc5eec7618a
df,097458b4-d436-4f3e-b047-42a3096a8b85,df,1dda77d0-07be-4c92-8237-ca6d7021663b
df,df86fd5d-833c-46b2-9c12-ef4d4e9a4823,df,1dda77d0-07be-4c92-8237-ca6d7021663b
df,1c810e9b-15c0-4a9e-9d40-00a3ec3ffca6,df,1dda77d0-07be-4c92-8237-ca6d7021663b
df,859c5e16-2d05-4326-8e13-e3764559ef8f,df,7fc56c32-4362-4a9b-8351-86219b955d63
df,859c5e16-2d05-4326-8e13-e3764559ef8f,df,1dda77d0-07be-4c92-8237-ca6d7021663b
df,b652228a-dab9-4fc0-bfdf-8132cb0d3a4d,df,053360f1-1934-4595-99e1-2c299f45143b
df,b652228a-dab9-4fc0-bfdf-8132cb0d3a4d,df,1dda77d0-07be-4c92-8237-ca6d7021663b
df,7d009663-66ab-490d-b671-58e3150ec99e,df,1dda77d0-07be-4c92-8237-ca6d7021663b
df,bb2bb381-429c-4091-aa2c-91767c6d02a4,df,7fc56c32-4362-4a9b-8351-86219b955d63
df,bb2bb381-429c-4091-aa2c-91767c6d02a4,df,1dda77d0-07be-4c92-8237-ca6d7021663b
df,7fc56c32-4362-4a9b-8351-86219b955d63,df,7e4f4635-c439-4f57-8576-4206b38904eb
df,7fc56c32-4362-4a9b-8351-86219b955d63,df,9c06b7f5-389b-4ef2-bdb0-7b3609bdee61
df,7fc56c32-4362-4a9b-8351-86219b955d63,df,8158feae-288f-44b1-832c-4db2a77b04dd
df,7fc56c32-4362-4a9b-8351-86219b955d63,df,74361a65-a85b-48a5-8c50-8432d1c91039
df,7fc56c32-4362-4a9b-8351-86219b955d63,df,dabf65ac-06b1-4d7d-a173-df6b51532566
df,7fc56c32-4362-4a9b-8351-86219b955d63,df,b814f902-3fe0-4db3-97d2-8cb37c12e8ba
df,7fc56c32-4362-4a9b-8351-86219b955d63,df,1dda77d0-07be-4c92-8237-ca6d7021663b
df,7fc56c32-4362-4a9b-8351-86219b955d63,df,be562525-a71a-41f4-a4f9-a84c7139e9af
df,3a53e095-f32b-42e3-9e6c-0dc5eec7618a,df,1dda77d0-07be-4c92-8237-ca6d7021663b
df,053360f1-1934-4595-99e1-2c299f45143b,df,1dda77d0-07be-4c92-8237-ca6d7021663b
df,7e4f4635-c439-4f57-8576-4206b38904eb,df,1dda77d0-07be-4c92-8237-ca6d7021663b
df,9c06b7f5-389b-4ef2-bdb0-7b3609bdee61,df,8158feae-288f-44b1-832c-4db2a77b04dd
df,9c06b7f5-389b-4ef2-bdb0-7b3609bdee61,df,1dda77d0-07be-4c92-8237-ca6d7021663b
df,afcd5d9b-fb9a-4c9a-bb09-920f25d12739,df,1dda77d0-07be-4c92-8237-ca6d7021663b
df,9862ba8c-42d3-4306-bdbd-00f68222378d,df,1dda77d0-07be-4c92-8237-ca6d7021663b
df,8158feae-288f-44b1-832c-4db2a77b04dd,df,1dda77d0-07be-4c92-8237-ca6d7021663b
df,b6c243d1-1438-48da-9a63-64cc4c27e62b,df,1dda77d0-07be-4c92-8237-ca6d7021663b
df,74361a65-a85b-48a5-8c50-8432d1c91039,df,1dda77d0-07be-4c92-8237-ca6d7021663b
df,dabf65ac-06b1-4d7d-a173-df6b51532566,df,1dda77d0-07be-4c92-8237-ca6d7021663b
df,695a6f06-b861-446b-a422-96aafd27f6a4,df,1dda77d0-07be-4c92-8237-ca6d7021663b
df,fd667635-a326-4e29-a32c-c24908a811ea,df,1dda77d0-07be-4c92-8237-ca6d7021663b
df,b814f902-3fe0-4db3-97d2-8cb37c12e8ba,df,1dda77d0-07be-4c92-8237-ca6d7021663b
df,1dda77d0-07be-4c92-8237-ca6d7021663b,df,90ce2cf7-859d-4307-8d60-3f13bf32a98c
df,1dda77d0-07be-4c92-8237-ca6d7021663b,df,f990f0b1-18a5-435e-bd63-6a74128420e5
df,1dda77d0-07be-4c92-8237-ca6d7021663b,df,f8db0ec1-6926-4129-8352-3a78692d766d
df,1dda77d0-07be-4c92-8237-ca6d7021663b,df,20f2f55c-e33c-4ea2-8b6a-6a9d9055409c
df,1dda77d0-07be-4c92-8237-ca6d7021663b,df,e1c3fb05-8cfe-4da1-9070-cfdd45839bd4
df,1dda77d0-07be-4c92-8237-ca6d7021663b,df,f0b5291a-72e5-4b42-9a1f-af416e7d95ee
df,1dda77d0-07be-4c92-8237-ca6d7021663b,df,c6fda146-f76f-4b60-a41a-e6bd8b48f739
df,1dda77d0-07be-4c92-8237-ca6d7021663b,df,9729809f-0734-44ca-a46c-857511a552c2
df,1dda77d0-07be-4c92-8237-ca6d7021663b,df,016c1c62-c9bc-4962-9cdb-3596ffe52b11
df,1dda77d0-07be-4c92-8237-ca6d7021663b,df,82904f26-069a-4c10-96cd-db90b6d37bf5
df,1dda77d0-07be-4c92-8237-ca6d7021663b,df,bf5ca2ca-e59d-4bf0-bc4e-bb7caf4aeedf
df,1dda77d0-07be-4c92-8237-ca6d7021663b,df,18ff60b1-8061-4080-9d5b-cd73ec26e663
df,1dda77d0-07be-4c92-8237-ca6d7021663b,df,4fec858f-f53f-4afc-8cb9-7748f08de85f
df,1dda77d0-07be-4c92-8237-ca6d7021663b,df,be562525-a71a-41f4-a4f9-a84c7139e9af
df,1dda77d0-07be-4c92-8237-ca6d7021663b,df,aca12e3a-bab9-4c0d-81d1-e0350542f16e
df,1dda77d0-07be-4c92-8237-ca6d7021663b,df,a709ca4a-5bc5-4b55-bc64-07d6391556bf
df,1dda77d0-07be-4c92-8237-ca6d7021663b,df,ea62fb46-18f8-452a-ad26-41ff9f55c6fd
df,1dda77d0-07be-4c92-8237-ca6d7021663b,df,9116ab8c-f100-4a0f-a2f4-ec701e91d68f
df,1dda77d0-07be-4c92-8237-ca6d7021663b,df,1dec02ac-1199-4dc7-890d-f575aa5e875a
df,1dda77d0-07be-4c92-8237-ca6d7021663b,df,a05091b7-a6cc-4492-b290-d0a73f09f6e4
df,1dda77d0-07be-4c92-8237-ca6d7021663b,df,21a02dc6-d6d7-422c-b803-0b86aa83baaf
df,1dda77d0-07be-4c92-8237-ca6d7021663b,df,a066a62c-778d-4331-8840-68525db736c3
df,e1c3fb05-8cfe-4da1-9070-cfdd45839bd4,df,18ff60b1-8061-4080-9d5b-cd73ec26e663
df,e1c3fb05-8cfe-4da1-9070-cfdd45839bd4,df,a05091b7-a6cc-4492-b290-d0a73f09f6e4
df,18ff60b1-8061-4080-9d5b-cd73ec26e663,df,a05091b7-a6cc-4492-b290-d0a73f09f6e4
df,6c6cf49e-631e-4ce7-9645-85891ddff4a9,df,034f1bd5-a8f3-4dfd-86cd-835b22198610
df,6c6cf49e-631e-4ce7-9645-85891ddff4a9,df,0676fc75-123f-4744-a2b3-890bad7568e9
df,6c6cf49e-631e-4ce7-9645-85891ddff4a9,df,b3c65aa5-be2b-4651-bad0-ccd6b61b1012
df,6c6cf49e-631e-4ce7-9645-85891ddff4a9,df,1292a6b8-0a07-4e53-8ded-f2c5d6b58815
df,6c6cf49e-631e-4ce7-9645-85891ddff4a9,df,fd1d9e11-36ad-478c-a468-1200066dc574
df,9a3d0cda-825f-456b-bcb3-1b9a76d03bb3,df,80a032e2-e36a-4edc-aa44-fe98a609dc3a
df,ca4992b9-e0f0-4f34-81ad-25141ddfd8bf,df,c3def8e2-a271-427d-b7a2-01ee3227d3c6
df,72a84c03-ac16-4932-8626-69da9764222c,df,599e090b-0dc9-4a45-b331-95d8d1d2c652
df,42fbf8bc-c92e-4572-92bb-f95bbd7843bd,df,0d1508c0-a323-4e92-b029-05661786f571
df,c3144921-9664-453b-bf42-9a1c16e06d10,df,f2b7fdbb-c2f9-4b31-b2fc-49e277edde5d
df,6d0aa421-fc99-48a1-a8cc-034b9102980f,df,5d9af361-4938-464b-a38a-2d059bbc332f
df,6d0aa421-fc99-48a1-a8cc-034b9102980f,df,2660ecce-69dc-4367-9030-da9aa1ac7eff
df,6d0aa421-fc99-48a1-a8cc-034b9102980f,df,c1ee1691-9ca9-4bfd-b551-1a2f9e0a1e4c
df,eb31a5bf-21c9-45b4-b798-7c1f2a71959c,df,22cce9ea-de92-4e0c-8f79-9f34443afcea
df,dc5cc426-3053-4a63-ac10-b169df59ddf6,df,783be058-c262-4f79-a395-391621fdccae
df,a6ed5d55-2186-4b35-9c66-1c4de43b746d,df,3a7b2110-76d7-4ca3-98c0-909be10a2f02
df,4201bc66-f164-4e5a-81c2-51409f94a5df,df,990d1162-b965-474f-9e89-3301a6325f6a
df,ddc897d1-e705-47df-b521-7a71c6179173,df,35126cbe-004f-4a72-af1f-7434b21066a7
df,0e3387c2-25d5-4e77-84a9-a1f405ed55c5,df,045c8a50-ca75-4a3b-a8c4-a4a0a629da50
df,0e3387c2-25d5-4e77-84a9-a1f405ed55c5,df,8387c17f-3cce-4e3b-83dd-72b854d6e9b6
df,045c8a50-ca75-4a3b-a8c4-a4a0a629da50,df,8387c17f-3cce-4e3b-83dd-72b854d6e9b6
df,1619423f-18d6-4394-8f16-c0103b24f6fc,df,2f6ffbb5-1e4d-469d-8e15-3a306766fdaa
df,1619423f-18d6-4394-8f16-c0103b24f6fc,df,19f691eb-406b-46cc-a19d-60c83d579daf
df,1619423f-18d6-4394-8f16-c0103b24f6fc,df,c49f1c9b-5636-4141-b907-2355fe1f92c8
df,2f6ffbb5-1e4d-469d-8e15-3a306766fdaa,df,19f691eb-406b-46cc-a19d-60c83d579daf
df,2f6ffbb5-1e4d-469d-8e15-3a306766fdaa,df,c49f1c9b-5636-4141-b907-2355fe1f92c8
df,fb9c93e2-2461-4364-abff-017cdcf39da0,df,19f691eb-406b-46cc-a19d-60c83d579daf
df,fb9c93e2-2461-4364-abff-017cdcf39da0,df,c49f1c9b-5636-4141-b907-2355fe1f92c8
df,9496e436-afb3-4853-adcb-4433f3e3784d,df,19f691eb-406b-46cc-a19d-60c83d579daf
df,9496e436-afb3-4853-adcb-4433f3e3784d,df,c49f1c9b-5636-4141-b907-2355fe1f92c8
df,4c881ab5-f979-4fb0-987a-f59a6289961a,df,19f691eb-406b-46cc-a19d-60c83d579daf
df,4c881ab5-f979-4fb0-987a-f59a6289961a,df,c49f1c9b-5636-4141-b907-2355fe1f92c8
df,19f691eb-406b-46cc-a19d-60c83d579daf,df,616bc278-cd8c-43dd-88be-583a6642a524
df,19f691eb-406b-46cc-a19d-60c83d579daf,df,c49f1c9b-5636-4141-b907-2355fe1f92c8
df,616bc278-cd8c-43dd-88be-583a6642a524,df,c49f1c9b-5636-4141-b907-2355fe1f92c8
df,8a701f2f-f656-4523-a3b3-1b0a590b1646,df,01c97c51-718c-4a86-80b5-72a482762066
df,0b9b63ab-b7e0-46c6-a53d-1cab4f0f8ed8,df,18c35237-2392-4881-b780-2f5c9c267d8b
df,f0c24694-f32c-4da3-97c6-faebf761ea81,df,08b5a44a-bb4c-4fcd-8694-faf241c5b508
df,ca3124a5-551b-4a22-8fa1-7cea5b224b7e,df,e94ebfd2-2b78-447d-b40b-cb5312703e4d
df,ca3124a5-551b-4a22-8fa1-7cea5b224b7e,df,6cc4131c-8c04-4242-82eb-fec609cc2276
df,e94ebfd2-2b78-447d-b40b-cb5312703e4d,df,6cc4131c-8c04-4242-82eb-fec609cc2276
df,fe586619-07c5-4687-b618-e88a9f9b21f4,df,30981a56-b5d9-4257-9e37-5d635188b7e3
df,5ebfc38b-8de9-4ce8-884e-edeb13298689,df,cd1090ae-22f5-4677-b14b-c1318f00f8a1
df,751c3844-7e06-4531-995d-3131b4e30ffe,df,b0d518aa-46e4-4194-989d-08d76100a7a9
df,67f3e391-fbdd-404e-a93c-0295eb5d64c2,df,12afb9c2-bdfe-4002-8136-8d6cb5d33cfd
df,67f3e391-fbdd-404e-a93c-0295eb5d64c2,df,4ac21a2c-9902-4414-989e-05c78cacbc73
df,3e3f5cef-89c3-4881-8ade-4f0a95dc5a08,df,7586c34e-8869-416d-906f-7317a7f8590f
df,ce62f828-ec50-428c-bd35-9072b8164675,df,3e5683f6-8cce-4cb6-a271-5cadd24d9d35
df,5be6faf8-a4c5-4a79-acaa-dc457c884809,df,3bc5a771-8739-4340-ad84-5fbb76e96baa
df,921b9f6c-5c4c-4189-bdab-9cf3acf7e564,df,c3572460-4c31-4efc-8704-4bbe9c0ab846
df,00477aae-e28d-469b-83f3-376e9144a350,df,1d2d2fa9-b2c0-4af5-9416-388f66f9a9ca
df,a66c8bd3-9517-4af0-8a35-06f32ea42601,df,3f9e9204-8688-4b60-aee4-dca802dff4f9
df,1263fb23-5c84-4b6c-bb2f-cf6b23af6645,df,d7994987-4d47-4622-a9fb-61bbebfbf96e
df,1263fb23-5c84-4b6c-bb2f-cf6b23af6645,df,e3449616-49f2-423c-b4c0-60b30173ba54
df,1263fb23-5c84-4b6c-bb2f-cf6b23af6645,df,8e73900f-3b0c-4443-9219-b2957a0709ba
df,1263fb23-5c84-4b6c-bb2f-cf6b23af6645,df,7b63b299-1f97-40e0-99bc-ff281f31c973
df,1263fb23-5c84-4b6c-bb2f-cf6b23af6645,df,5050bb6d-1f31-4cfc-8537-0648e003ec65
df,1263fb23-5c84-4b6c-bb2f-cf6b23af6645,df,88f03912-5c74-4cb8-99cc-758a36a939c3
df,1263fb23-5c84-4b6c-bb2f-cf6b23af6645,df,1208f493-637f-45c7-a7f4-b21366d4f240
df,1263fb23-5c84-4b6c-bb2f-cf6b23af6645,df,051e2b8e-13a0-4da3-8ee1-921b7d65e370
df,1263fb23-5c84-4b6c-bb2f-cf6b23af6645,df,bc7161a7-b931-4e4c-a4e2-6fbf2b4cb7ac
df,1263fb23-5c84-4b6c-bb2f-cf6b23af6645,df,dc49d46d-c4db-4219-a0e8-56e40e755dd3
df,1263fb23-5c84-4b6c-bb2f-cf6b23af6645,df,d0ee3c7e-25ee-4cd6-936d-0c93a674f2b2
df,1263fb23-5c84-4b6c-bb2f-cf6b23af6645,df,85818cdc-66d3-473a-a7ae-a246eeb5aab4
df,1263fb23-5c84-4b6c-bb2f-cf6b23af6645,df,a085ef70-fec7-46f2-a796-a8ef17097ce1
df,8e73900f-3b0c-4443-9219-b2957a0709ba,df,5050bb6d-1f31-4cfc-8537-0648e003ec65
df,7b63b299-1f97-40e0-99bc-ff281f31c973,df,88f03912-5c74-4cb8-99cc-758a36a939c3
df,d03b2e12-1678-483c-94d2-a03d1aa3f7d1,df,af6254e6-af2c-47ab-a369-c44a65af5c11
df,e4b59316-9122-4953-857c-3ec3c27a8b78,df,4e3bb921-177b-44c4-b489-9a18387ffddc
df,ac196a12-a0b9-4a49-bbb6-f06b423312d5,df,c95817ac-abb9-4d21-8797-41f953b4383f
df,1fa915e2-a5ee-4586-9b21-276e2083fb26,df,0db73f53-c968-4746-8179-8e61b7ca4080
df,1fa915e2-a5ee-4586-9b21-276e2083fb26,df,a005659b-c794-424b-b1a9-50f0ac63d0ad
df,bf7a32c1-afd7-44cf-88d8-e26023f073b9,df,c54b9e83-2a4e-4862-812f-2b36d0cdeba7
df,bf7a32c1-afd7-44cf-88d8-e26023f073b9,df,9d626508-83c1-4119-a814-a590d0784d70
df,c54b9e83-2a4e-4862-812f-2b36d0cdeba7,df,9d626508-83c1-4119-a814-a590d0784d70
df,f2ec352f-e56f-4995-9342-c0fc1f14d0d1,df,8ce9db86-c165-4148-a8f1-586bf981fc19
df,f7274f88-bf54-4a4f-8a37-ac43fc3646d2,df,ae29e89c-3ff4-4fbe-b862-b3457d171dbe
df,fd0433ef-b825-4ad2-b0d4-85eeab2bfda6,df,6d11f290-b8f5-4f57-a353-eab8469b43a6
df,3a9f7f4e-8222-4441-9e52-882fb7a3548d,df,6476e2cd-acf0-485c-b576-02d68cf07516
df,f5b516cf-3b80-4ce7-932e-7bb3e1ff88fb,df,cf5e7d06-b2a9-41a0-a252-72986e22a607
df,4c676342-e9c7-4f48-b920-9b109bff7c74,df,ab7e3451-d773-4ac9-9990-b300ba3bbc12
df,d0973b23-1f94-4353-a77d-fbd2aa5591d1,df,3abc1a9e-c727-4ee6-98ac-c876271d61d7
df,64ef8481-3960-47b9-8880-c7f47becfa06,df,429759d8-56eb-4972-9ac9-96634982b657
df,64ef8481-3960-47b9-8880-c7f47becfa06,df,635b5cb0-819e-4ce2-9ced-456bc72d2dba
df,429759d8-56eb-4972-9ac9-96634982b657,df,a2d214e5-502e-4d4a-ac51-4c8fd16c1d6d
df,429759d8-56eb-4972-9ac9-96634982b657,df,635b5cb0-819e-4ce2-9ced-456bc72d2dba
df,9509f499-cf6f-4f22-b819-9c018217e292,df,238513f2-49a2-4eaf-a874-275570de71e2
df,9509f499-cf6f-4f22-b819-9c018217e292,df,ba0d22d5-3e6f-461c-b09c-b1144cd61b5a
df,238513f2-49a2-4eaf-a874-275570de71e2,df,ba0d22d5-3e6f-461c-b09c-b1144cd61b5a
df,4af6f575-1579-492a-a0f8-7ce07edfb734,df,8c63a22f-922b-482c-9447-d760901c6205
df,6fccf41a-5c1e-4a1c-8dc1-c6a3b36a6fce,df,5c798a7f-f281-41fb-bcb1-7e450c6a3bd4
df,24c7f0eb-cd55-45fe-ba02-d16bc3e312ee,df,571aa664-7dd4-4e3e-a9d3-ee0acf0cc4d2
df,24c7f0eb-cd55-45fe-ba02-d16bc3e312ee,df,c6370cdb-9d9a-4212-83a1-b0d4e205d790
df,0258a293-4005-476b-ba0c-26b61e26f099,df,76af4a9d-a515-4b48-9a4b-060bea96bc59
df,0258a293-4005-476b-ba0c-26b61e26f099,df,c647a511-99af-449b-b951-73f8e61e4f8a
df,f633c5c2-c0e5-44df-8377-57ecf232666e,df,83078e5c-21ca-4daf-bc49-32cc0d292a0f
df,9358e367-2229-4156-a68a-17445d771dac,df,76af4a9d-a515-4b48-9a4b-060bea96bc59
df,9358e367-2229-4156-a68a-17445d771dac,df,c647a511-99af-449b-b951-73f8e61e4f8a
df,76af4a9d-a515-4b48-9a4b-060bea96bc59,df,8b51d4ce-633f-41f0-97a9-c4dfe12a2a11
df,76af4a9d-a515-4b48-9a4b-060bea96bc59,df,7daabfec-bed3-4fbb-8d62-9b9f064339be
df,76af4a9d-a515-4b48-9a4b-060bea96bc59,df,c647a511-99af-449b-b951-73f8e61e4f8a
df,8b51d4ce-633f-41f0-97a9-c4dfe12a2a11,df,c647a511-99af-449b-b951-73f8e61e4f8a
df,571aa664-7dd4-4e3e-a9d3-ee0acf0cc4d2,df,c6370cdb-9d9a-4212-83a1-b0d4e205d790
df,7daabfec-bed3-4fbb-8d62-9b9f064339be,df,c647a511-99af-449b-b951-73f8e61e4f8a
df,c3fc8dfb-6835-406b-b5a3-b32000f215e5,df,47e0fb52-31b5-4bef-859c-259587a22726
df,b92963b0-64e5-4ef2-9ea8-4b3c3eea7182,df,1b48f8f1-63af-4365-9817-8938652044bb
df,af5dc787-8d83-452e-94dc-7410dc310782,df,e9d76296-2e84-4a44-a84a-df0272651354
df,30e70601-3d43-4221-b976-cef01b5b5c5d,df,a43193af-a035-45a5-b925-cce78659dc16
df,288f9daa-9818-4d33-a773-d497abecbe73,df,c1160a9d-8d6c-4f53-80a4-17dcc687ae3f
df,8feeeb30-3b05-4acc-87e2-920d55b37148,df,c1160a9d-8d6c-4f53-80a4-17dcc687ae3f
df,ef923d6c-f672-489a-8d84-b4510af36dc5,df,42e0866a-d998-4bef-8e01-3c8174d79484
df,ef923d6c-f672-489a-8d84-b4510af36dc5,df,c1160a9d-8d6c-4f53-80a4-17dcc687ae3f
df,ee556cd4-c7c3-4a6f-9f1f-7538947f91a4,df,c1160a9d-8d6c-4f53-80a4-17dcc687ae3f
df,42e0866a-d998-4bef-8e01-3c8174d79484,df,c1160a9d-8d6c-4f53-80a4-17dcc687ae3f
df,33d2998c-96ed-4113-bd83-20edcf55b906,df,c1160a9d-8d6c-4f53-80a4-17dcc687ae3f
df,a062fe0d-96c0-454d-915e-e00338f12885,df,c1160a9d-8d6c-4f53-80a4-17dcc687ae3f
df,2ae4c161-d898-4560-8935-89c12c548aca,df,c1160a9d-8d6c-4f53-80a4-17dcc687ae3f
df,fc5eedde-e14e-44bb-87b4-297fd1cfbe3c,df,c1160a9d-8d6c-4f53-80a4-17dcc687ae3f
df,c73be67a-c393-4c52-8e15-e6946f3c7b5a,df,c1160a9d-8d6c-4f53-80a4-17dcc687ae3f
df,b7dc14dc-e35a-464e-9ae8-8f51f7a76109,df,c1160a9d-8d6c-4f53-80a4-17dcc687ae3f
df,bb0a6299-2f61-455b-a23c-8601ab0c8a83,df,c1160a9d-8d6c-4f53-80a4-17dcc687ae3f
df,6794c50d-77d7-4fe5-9ec1-2d19f71da965,df,c1160a9d-8d6c-4f53-80a4-17dcc687ae3f
df,feb07006-c244-455c-8b28-643f56e68556,df,c1160a9d-8d6c-4f53-80a4-17dcc687ae3f
df,c1160a9d-8d6c-4f53-80a4-17dcc687ae3f,df,5130a556-95e9-4cdd-97bf-cd8a634bf3d3
df,c1160a9d-8d6c-4f53-80a4-17dcc687ae3f,df,b30e6bd5-c9bc-448d-b6eb-1f6d322443af
df,c1160a9d-8d6c-4f53-80a4-17dcc687ae3f,df,c8f61d5a-530c-48ef-be45-6e06b20b7357
df,79d74932-43c5-48ef-871b-b5295d6b1866,df,dad6267e-18f4-4e60-b033-5a0c078c248a
df,79d74932-43c5-48ef-871b-b5295d6b1866,df,1938334d-11ea-457d-9c53-565ba2452718
df,3e92522b-6b30-4fc7-8753-870b6594389b,df,19d50f28-8d63-4556-a82d-c0153d5efeb9
df,7f5c0660-229e-4c34-a37d-7e9cf4335dc1,df,7567edc0-a5c1-427f-a1f6-06f67f2ef8d4
df,d7e812ac-f947-4215-a23f-377512b19b18,df,2e668c27-c235-4400-b708-f0904271d1d6
df,cf67c535-d29f-47c7-a1aa-78880fe436c4,df,52ef3ec3-7ac9-447c-a5ac-7e627f0afaee
df,b5fc2648-bf02-4767-85fd-1570f0943d28,df,5e7e0a90-a47c-4612-a428-62236e56fdae
df,491688ec-d337-4f7c-848d-c0a2b1c96ebb,df,7f258aed-2a1f-404a-a8c8-2bfcc96c02db
df,938194c4-4e45-4730-9f7a-727648794c0b,df,cd05ba9b-43cb-4cbd-9501-c10ea4703c03
df,f500fae9-576f-4d74-ba8a-58be2e27d9f3,df,91a00f9e-a681-4a7f-847a-8adf68760175
df,3f5bf4a2-4dcc-4602-9f3f-9860ea68777b,df,a8a84289-d9b4-47bd-bea0-f0f3f9841848
df,203be810-a76d-42b2-a21c-d0d8cc0927cb,df,199d5a97-0bcc-42f6-9a5d-aded5071a606
df,a96e45e7-e22a-4813-88a2-1667a1c4d348,df,0b7f8b08-a499-4a52-8a2f-935b0e0561be
df,11f3556f-ab55-4332-b48a-dad924ddae81,df,5c997bd6-96e7-4eab-bc3d-76985dc33cc8
df,11f3556f-ab55-4332-b48a-dad924ddae81,df,46c766f4-fcc4-432c-9536-eaae3706613f
df,11f3556f-ab55-4332-b48a-dad924ddae81,df,5f0e347a-e4a7-4fde-bf78-049244971d85
df,11f3556f-ab55-4332-b48a-dad924ddae81,df,a07fbf06-cf6f-4d6d-b4ba-e19fa5644fde
df,11f3556f-ab55-4332-b48a-dad924ddae81,df,b412cb50-6daa-4ef9-8606-2fe86fcc2460
df,11f3556f-ab55-4332-b48a-dad924ddae81,df,b7a8c411-2e2b-4f77-b49b-7ae274cd94a5
df,57b88000-cf63-49e5-84ca-d713674d1dd5,df,81acc09b-d198-4971-a39d-710a3396a405
df,f94cd9b4-8553-4da0-8a08-5caaed0fe9db,df,5b507876-e7a7-4c01-a35c-7883758e9326
df,1ad87fe4-9353-4507-b7c2-1c59385a6812,df,47f498c1-1f4f-45d3-a7d7-0b88a603e6cf
df,34abf782-6f3c-4e37-a5b7-09b997009925,df,81acc09b-d198-4971-a39d-710a3396a405
df,34abf782-6f3c-4e37-a5b7-09b997009925,df,39bef2bb-8080-48cb-bf71-431c4e38dc3a
df,81acc09b-d198-4971-a39d-710a3396a405,df,39bef2bb-8080-48cb-bf71-431c4e38dc3a
df,978c957e-3069-4645-9414-2b1b25036141,df,291a7603-cfcf-467f-8544-2e9f03485369
df,4546ca2f-e38a-45c9-a08a-1cebd9dcc6d0,df,7bd711cb-5989-422c-9915-32f50bee2533
df,51b70038-018b-4b9a-96ee-78a6039599fc,df,6758ebc3-74a5-4cf2-8a28-3568bb97b66b
df,5882c8b4-62f6-4839-a8c9-f51758ef35db,df,fdf43430-d76c-4e75-9574-d01d828e8be3
df,2dd2f748-86e0-43a2-9882-dd53a2c73925,df,abab4e7a-6185-42ab-967b-7b594fe66524
df,961fac30-c775-475e-9588-31a5df741944,df,cb64de0f-a023-4fea-bedc-ec66ea2c3801
df,4eb37ea5-c21c-49d2-bc6d-0844ce0e5386,df,3e29d692-8ff3-4dbc-9a9c-e4ad012f0856
df,7df73701-fc07-49d3-bdea-e537b43d4638,df,d4cadc5d-5bdd-414d-a608-59ea7d490e04
df,869bdd65-0a63-47a0-83bf-f7a2a873bece,df,5b2778a9-2750-4ef0-a32f-b2e0de4efd1a
df,071d6356-0d84-486b-b87e-2f55b12ba11c,df,a6247199-6685-42ba-a559-9094d732a874
df,c4b01024-2090-425b-a44a-648ad988cf2a,df,bd4f8ccb-129b-4636-b17a-eb004ee0de2d
df,00c6adbe-0241-4372-ae17-2cd15baad42f,df,28f2b976-5c74-47e9-9337-5d49c2232a58
df,f5de7b24-7e45-4b36-8620-6a0f72aab67f,df,b4ba6f7d-6eee-4b7c-a5b4-f381de4ad518
df,c7b2e270-1a27-47db-9a25-6ea4e675a01f,df,a634c3b0-48a4-4f9d-9c55-b7ab47d6b0f5
df,853d20b5-0237-44ea-bc92-d6e8e23c40d1,df,e59a30a4-9ea1-49aa-8283-15cf3248c3c5
df,72f96e17-3723-4e92-9606-abffd338b9fa,df,defc2c05-6eee-494e-a3fb-09c2bdeb5ff2
df,72f96e17-3723-4e92-9606-abffd338b9fa,df,02a3842b-b578-4915-9688-24577ce88b32
df,4dffeb70-7470-4b43-8bb8-bd1de53ad359,df,1e383fe4-1732-4efb-9a8d-6349b45257dc
df,c2c50cba-4169-4a7e-9028-1c3953c54a43,df,9bc89bb0-fc79-4732-b469-994019ead41a
df,8d465cda-a2e8-4a37-9d5a-7e2cb9999c6e,df,89040f64-14c0-4d1f-be6a-1ad4d3f77679
df,79efef33-ee2a-4173-a9a5-f269dcea9b2e,df,ac1e67b5-22f1-4cc8-9edd-911704ed91ee
df,742578bb-99b4-4a55-aa8b-ad49a1a91300,df,a2914307-a089-4db7-a7c6-4bb240badd25
df,3726692a-26ca-4927-ab2b-eea3fb98da8d,df,b43d822a-edea-4c8a-83ae-a9fba7471c79
df,8b8697b8-73a3-49d9-81ff-684042d69ffa,df,b67c15f1-c649-4350-8084-3c780e6e8ff8
df,2375d591-106b-44a6-93d6-bea51e956ce7,df,0a35b93a-90c5-401d-b07e-d5475ffe8468
df,f0f56614-f711-452e-9c49-2f19718a059c,df,0a35b93a-90c5-401d-b07e-d5475ffe8468
df,f306d372-2edf-4da5-b8ed-708c374fd0bc,df,40b0e631-7af9-4a2d-aa90-04fd35d2d533
df,f306d372-2edf-4da5-b8ed-708c374fd0bc,df,7520abb5-05e4-4f80-8f33-4b83bbba92e3
df,f306d372-2edf-4da5-b8ed-708c374fd0bc,df,1b480363-7fb2-4eb4-939d-fcef9927c14b
df,f306d372-2edf-4da5-b8ed-708c374fd0bc,df,7a2f8f2e-ef3f-4d1d-8316-18ea8fffd0e8
df,f306d372-2edf-4da5-b8ed-708c374fd0bc,df,1992f007-a1d8-4df6-8c3d-9f91bad59152
df,f306d372-2edf-4da5-b8ed-708c374fd0bc,df,5aa53494-1149-4b64-96f1-382b72fc7723
df,40b0e631-7af9-4a2d-aa90-04fd35d2d533,df,7520abb5-05e4-4f80-8f33-4b83bbba92e3
df,40b0e631-7af9-4a2d-aa90-04fd35d2d533,df,1b480363-7fb2-4eb4-939d-fcef9927c14b
df,40b0e631-7af9-4a2d-aa90-04fd35d2d533,df,7a2f8f2e-ef3f-4d1d-8316-18ea8fffd0e8
df,40b0e631-7af9-4a2d-aa90-04fd35d2d533,df,1992f007-a1d8-4df6-8c3d-9f91bad59152
df,40b0e631-7af9-4a2d-aa90-04fd35d2d533,df,5aa53494-1149-4b64-96f1-382b72fc7723
df,ec5db075-d89a-4e9a-b4d4-38653a30339b,df,1b480363-7fb2-4eb4-939d-fcef9927c14b
df,ec5db075-d89a-4e9a-b4d4-38653a30339b,df,71109d78-50fd-4dba-a05b-9e99ba04dcd4
df,ec5db075-d89a-4e9a-b4d4-38653a30339b,df,15ea2d3d-89fb-446c-98a7-e47e218de20a
df,ec5db075-d89a-4e9a-b4d4-38653a30339b,df,62086c87-5562-4ad6-8d18-e7c286435b67
df,7520abb5-05e4-4f80-8f33-4b83bbba92e3,df,7a2f8f2e-ef3f-4d1d-8316-18ea8fffd0e8
df,7520abb5-05e4-4f80-8f33-4b83bbba92e3,df,1992f007-a1d8-4df6-8c3d-9f91bad59152
df,7520abb5-05e4-4f80-8f33-4b83bbba92e3,df,5aa53494-1149-4b64-96f1-382b72fc7723
df,1b480363-7fb2-4eb4-939d-fcef9927c14b,df,71109d78-50fd-4dba-a05b-9e99ba04dcd4
df,1b480363-7fb2-4eb4-939d-fcef9927c14b,df,15ea2d3d-89fb-446c-98a7-e47e218de20a
df,1b480363-7fb2-4eb4-939d-fcef9927c14b,df,62086c87-5562-4ad6-8d18-e7c286435b67
df,1b480363-7fb2-4eb4-939d-fcef9927c14b,df,7a2f8f2e-ef3f-4d1d-8316-18ea8fffd0e8
df,71109d78-50fd-4dba-a05b-9e99ba04dcd4,df,15ea2d3d-89fb-446c-98a7-e47e218de20a
df,71109d78-50fd-4dba-a05b-9e99ba04dcd4,df,7a2f8f2e-ef3f-4d1d-8316-18ea8fffd0e8
df,15ea2d3d-89fb-446c-98a7-e47e218de20a,df,7a2f8f2e-ef3f-4d1d-8316-18ea8fffd0e8
df,7a2f8f2e-ef3f-4d1d-8316-18ea8fffd0e8,df,1992f007-a1d8-4df6-8c3d-9f91bad59152
df,7a2f8f2e-ef3f-4d1d-8316-18ea8fffd0e8,df,5aa53494-1149-4b64-96f1-382b72fc7723
df,1992f007-a1d8-4df6-8c3d-9f91bad59152,df,5aa53494-1149-4b64-96f1-382b72fc7723
df,5a5518a6-8038-485b-8291-b9fdd43d997e,df,3dd70f75-3265-48c6-9bb3-70c6bafdd351
df,6a1addcf-c7a7-47b2-9bd7-53f86162ff5a,df,ef503c44-40cd-4db6-91a3-6fb8817f8afe
df,0da66e54-2978-4603-9537-0ac2162e4e9c,df,b56bdb6e-2827-4bb7-8e0f-56ae74045136
df,c8ea71bf-d809-4bb7-8cb1-27478eff1637,df,bd9bc4fe-eed8-4f61-88e4-641d0a69a4d1
df,927fa384-c4cd-49b2-a6be-98b1e30c473e,df,09e8437a-214d-4643-9137-a78028d5fe40
df,583e0537-11a3-422a-a43c-2c3543a14cf7,df,084f7a1a-f7d1-4b8f-81dd-5c9d91564a92
df,edaad2f2-0aad-4d1b-adf1-0c97a0d4a9a0,df,638de639-03e1-4e58-8c73-0bd5f1eaefb5
df,5b591944-1a80-41ae-8da0-deafa6a98328,df,e7493c1f-1b86-4651-87a4-06988747f130
df,0a082181-f00e-49a2-a12a-3dd57af0efb5,df,de2711f5-5be7-4791-bb9f-09dbe58fb762
df,d74ccaa7-4380-4a0a-98e2-133481595459,df,bfb006ca-00f8-40da-8a60-90e981137fae
df,c7e0e976-f48e-453c-a5d1-f37358849f04,df,e911592b-047e-4057-9791-53fc884f0b2b
df,600564f8-ea57-441f-a6c8-5a878515ffe0,df,98c35ee6-041c-4010-a788-b96155529bf7
df,47c1f6d3-5a2b-414b-9d4e-710f021a2acd,df,f721422c-aeb0-4691-b0fc-ecd2f1b2d9c2
df,c5f33cab-31d1-4a2d-8269-6df874471f05,df,793f666a-1604-4d0c-b9be-717247b05a59
df,c5f33cab-31d1-4a2d-8269-6df874471f05,df,7a57e744-e14f-4e70-a765-decfb2ff1bd8
df,793f666a-1604-4d0c-b9be-717247b05a59,df,7a57e744-e14f-4e70-a765-decfb2ff1bd8
df,11758c74-45c1-48bf-b203-a1ecc0c05bec,df,01220816-21c5-40f6-906b-935dc120fd74
df,11758c74-45c1-48bf-b203-a1ecc0c05bec,df,bd7a0ba5-08e2-4585-ac22-8ef29607c7e7
df,01220816-21c5-40f6-906b-935dc120fd74,df,57bfa0fc-a267-49e1-acfe-0c44b7d6f44c
df,57bfa0fc-a267-49e1-acfe-0c44b7d6f44c,df,bd7a0ba5-08e2-4585-ac22-8ef29607c7e7
df,b79ff7a7-6512-4bee-a2d6-7cf8533fa732,df,1fb14ecb-1e78-4e0c-b315-65cecd061ea5
df,55db58c6-b00e-47b8-8148-0ef65b8332fa,df,12f30512-261c-497f-83de-344e7e3150ac
df,0f0c22d7-1870-436d-b723-f69dab797bf1,df,a3f1ccb9-b766-4648-9591-c6fe10248ab9
df,9ffa27d7-7715-4577-8c56-9d49d9cf312a,df,c4c44437-8341-4760-9914-8b81be2c9161
df,5d6eb7e4-270c-4fd3-9ec2-1b4478036880,df,aac69f67-c4b6-4949-b4c1-b48f213fb1e4
df,eeda5d1e-58f3-4345-8a56-92acfb234807,df,fb350d59-7575-48eb-ab43-0459baed0531
df,534645e1-f55b-4ed1-8bc7-ef8a4912b6d7,df,cc8f93fc-ccbc-447f-a9db-fc7217253cdf
df,7142b6bb-0f03-4b8c-bd8f-447ba4f49eb9,df,d9439817-f59b-4764-8e48-228a772cf5fe
df,34e3d9b1-74eb-48c0-aacd-a038582418e5,df,72176403-8051-4ece-ad52-04ee41bba4ef
df,bdbcf4c5-12cc-46f3-8f52-1f47a981b9c6,df,cad95a6a-99ef-4d6f-afb7-442ab5ca5f03
df,aebafd51-43e8-46a5-abd4-fcca1f545aa3,df,7527b868-b8bc-4c65-8ab5-e918bd1da9c5
df,37a5e862-df43-46ee-8569-91d6ece3245c,df,3c674581-b526-4735-bf38-65f9fc897e34
df,23694538-cbc3-496f-92eb-fa000e8e82cf,df,7e27790a-570f-4cfc-86b4-b2b90e00197f
df,236c8889-fe52-47bc-9d62-78ce79f4a178,df,6fc2bfbb-7d8f-4c4d-a89b-3916708e9c06
df,c4c2a480-c5a9-4b18-aef6-8d7b03b7329e,df,8222cc1e-27c8-4c0a-be03-6c5a3bf941bb
df,ea240c45-26ce-48eb-8462-0363c2156881,df,612ed3ff-5f38-487f-a8ec-49cf6377723e
df,ea240c45-26ce-48eb-8462-0363c2156881,df,a7a5ce95-d2f7-4ef2-8f1c-29932f92b8c1
df,612ed3ff-5f38-487f-a8ec-49cf6377723e,df,a7a5ce95-d2f7-4ef2-8f1c-29932f92b8c1
df,9a90ab4a-dd79-41fe-8760-f8416529fdce,df,87514c7c-817a-43d0-bfac-1c5b4b76a0ad
df,4126dd06-0111-46d8-93c4-8554638d7091,df,acbe4d99-98a9-4ee1-b676-a53a9258c5f8
df,dd8f77ce-f937-4125-9a45-53551b66467f,df,50614683-6e03-49ca-a39b-d52dad4cd588
df,cc45eb19-4543-47e5-98a0-8d099653bb03,df,4aab990b-f8b1-425a-9337-26e2d0da1d95
df,b2ce38d1-2e7f-4d2a-b795-f3a099c30caf,df,27bad650-4790-4acf-b60d-435a461b8a27
df,32513dd5-a7b7-4eff-9944-2049c95c4041,df,ab5b951e-dbf9-4ee4-a95e-bafa435d5840
df,32513dd5-a7b7-4eff-9944-2049c95c4041,df,ccfd8b3b-aff1-4cdc-a4cf-05cac895a7f3
df,6806f551-a00e-4356-84e3-2b791f3bf2f2,df,2b9a2032-61f8-4a45-9660-60e8d5f2d575
df,ab5b951e-dbf9-4ee4-a95e-bafa435d5840,df,ccfd8b3b-aff1-4cdc-a4cf-05cac895a7f3
df,a36e13b7-2c9b-4c1f-abcb-9162d693e8c5,df,7ac0e3b7-c7bd-4812-9068-f9b8ab42e18f
df,dbdaae52-a46a-4db5-9f4b-5e7725ed85a8,df,ded902b3-d91b-40f4-ba5c-eb8f0a62b586
df,6206296b-9cac-4eb8-9905-7e678dd5bfd3,df,7b3f6bcb-7f0e-4d7e-b821-8b89a75a9ae2
df,18a1ded6-9cb8-401b-97ec-d4b6039ce8e7,df,de2f89b7-b8c5-4344-b04b-44d5cc812bcf
df,5a1eae69-da2d-4bc5-8227-1553331325c8,df,c4259731-3ced-4157-a7a7-d3a83500711f
df,426352a3-b914-44a7-8a48-3dd5f27f0397,df,e7d1afdf-6b7d-494a-af3d-4a8b852e341f
df,bfe2e8b0-7364-4a9f-b997-ae1fe3de0a69,df,4f10304d-2882-44c7-9246-de5278e3dbcf
df,006fb6ff-c643-4ea9-ba36-760ba2372379,df,f377e5e8-25bf-4de2-becc-2783810895d7
df,9687dd6a-5ec2-42c8-a9ab-8ea546714a7a,df,7b181d88-8514-4a68-ac71-a286ceff416c
df,1a6ec81a-b0c0-4664-b0a7-02687f952992,df,e9d4fc8b-4b1d-48c4-a88e-9822033166e7
df,0b07dd9a-530b-4655-b5ea-d5e7ffab3d14,df,ea322814-3c3c-4f48-84e1-f0355774d9bd
df,abe83d73-dca7-4b72-bd72-a24d383cc8c6,df,ea2d21d8-1dd6-4313-932c-c35219ced523
df,39428458-3e26-4a46-8638-9b453a753ae8,df,ac389fba-09b3-4a2d-9b26-ddba2f6b514c
df,39428458-3e26-4a46-8638-9b453a753ae8,df,ed3fa64d-c2e0-471e-9f8e-71205f36f331
df,ae0693ad-0a91-4887-831c-5f796c3aa1b9,df,d0d7a847-64a5-4af1-a1c1-00a5a2e77db6
df,ac389fba-09b3-4a2d-9b26-ddba2f6b514c,df,ed3fa64d-c2e0-471e-9f8e-71205f36f331
df,e9cfbe9a-0191-481c-af34-ce178189ecc4,df,29ea9e8d-0365-426c-a81a-675bf7cfb7be
df,c8b28923-6d84-47cf-8692-50921e3960f1,df,094aa68f-5f4f-4ea7-87ce-7dcc7bcf25d2
df,094aa68f-5f4f-4ea7-87ce-7dcc7bcf25d2,df,ac288379-bf43-4ff8-addb-16d3125351e2
df,431c5ec6-5cd9-471d-af91-ab248bbe3db4,df,fe8ecf5b-ebb6-4169-ab71-dc4c1695ae4e
df,e4988956-525d-4efe-97c1-cb8b9588f01b,df,c7a5f3b5-dd74-41e1-ba12-73c408dd5ca8
df,9e7628df-d17f-4a66-b578-cc21ed1538e2,df,47f2f116-8b43-4852-a912-107d13b26835
df,5dd29ae0-c639-4806-b0e2-4bf8cfda1f59,df,76c979fe-d43e-403d-998c-c2b4803a3d01
df,a60c66ca-3326-4515-a0b8-6ce16fb106b3,df,fa3c9968-c7b2-404a-bce1-80c74e5e31e2
df,579eecb6-0534-4d92-9dfe-da659be0cdaf,df,6291a988-f709-4e46-afd8-e360c82d8817
df,64fff84f-d50e-4f02-af58-c6e42c504f18,df,3617aa4c-f54b-4c1b-a5f6-4b76b4b6d495
df,35810f7a-6cd6-4ac8-871e-7d383feef67f,df,1b7d4cf8-d42c-4827-9aca-4ca53b8b2fe1
df,256aab0e-54f6-47b7-bcfa-421150f32f3d,df,3cb6d5c7-d3a0-4815-aa26-880010ab4805
df,256aab0e-54f6-47b7-bcfa-421150f32f3d,df,066e1cd2-465c-46a8-be79-66ab9de2c6d6
df,256aab0e-54f6-47b7-bcfa-421150f32f3d,df,c37ad90a-f214-452a-b45f-61017464a2c4
df,256aab0e-54f6-47b7-bcfa-421150f32f3d,df,6656e7de-9ac5-4b12-97e7-51b24a008757
df,256aab0e-54f6-47b7-bcfa-421150f32f3d,df,f9c4e2ce-93ed-4fcb-b40b-681adc18303c
df,256aab0e-54f6-47b7-bcfa-421150f32f3d,df,175c1306-71b4-425a-b06b-0d157c6a3aaf
df,256aab0e-54f6-47b7-bcfa-421150f32f3d,df,1a286967-0bea-4fac-9edd-18353c0f7a15
df,3cb6d5c7-d3a0-4815-aa26-880010ab4805,df,066e1cd2-465c-46a8-be79-66ab9de2c6d6
df,3cb6d5c7-d3a0-4815-aa26-880010ab4805,df,7bf92618-f517-4e12-8b48-4c07927df8c4
df,3cb6d5c7-d3a0-4815-aa26-880010ab4805,df,c37ad90a-f214-452a-b45f-61017464a2c4
df,3cb6d5c7-d3a0-4815-aa26-880010ab4805,df,f9c4e2ce-93ed-4fcb-b40b-681adc18303c
df,3cb6d5c7-d3a0-4815-aa26-880010ab4805,df,1a286967-0bea-4fac-9edd-18353c0f7a15
df,3cb6d5c7-d3a0-4815-aa26-880010ab4805,df,f1b8892e-c911-432e-8177-635b4aebebed
df,066e1cd2-465c-46a8-be79-66ab9de2c6d6,df,7bf92618-f517-4e12-8b48-4c07927df8c4
df,066e1cd2-465c-46a8-be79-66ab9de2c6d6,df,c37ad90a-f214-452a-b45f-61017464a2c4
df,066e1cd2-465c-46a8-be79-66ab9de2c6d6,df,f9c4e2ce-93ed-4fcb-b40b-681adc18303c
df,066e1cd2-465c-46a8-be79-66ab9de2c6d6,df,175c1306-71b4-425a-b06b-0d157c6a3aaf
df,066e1cd2-465c-46a8-be79-66ab9de2c6d6,df,1a286967-0bea-4fac-9edd-18353c0f7a15
df,066e1cd2-465c-46a8-be79-66ab9de2c6d6,df,f1b8892e-c911-432e-8177-635b4aebebed
df,7bf92618-f517-4e12-8b48-4c07927df8c4,df,c37ad90a-f214-452a-b45f-61017464a2c4
df,7bf92618-f517-4e12-8b48-4c07927df8c4,df,f1b8892e-c911-432e-8177-635b4aebebed
df,c37ad90a-f214-452a-b45f-61017464a2c4,df,f9c4e2ce-93ed-4fcb-b40b-681adc18303c
df,c37ad90a-f214-452a-b45f-61017464a2c4,df,1a286967-0bea-4fac-9edd-18353c0f7a15
df,c37ad90a-f214-452a-b45f-61017464a2c4,df,f1b8892e-c911-432e-8177-635b4aebebed
df,6656e7de-9ac5-4b12-97e7-51b24a008757,df,17cec2a0-c630-4470-b65c-39acfa7632be
df,f9c4e2ce-93ed-4fcb-b40b-681adc18303c,df,1a286967-0bea-4fac-9edd-18353c0f7a15
df,69c61283-f68d-4cb2-9f44-0a62094654db,df,51cd96e3-7e37-4f20-ba4d-72deaf7eb633
df,b9494ece-4979-438f-bd2c-35a6fb3bbbfd,df,9dec5cc3-c4b1-4280-aa29-a2a5154345cd
df,a472287a-0a19-4fc0-a7f9-7a78fcf0ed82,df,0c316957-e6a2-448e-97a5-907950c67ff3
df,9e91240e-5f65-426a-b587-e735b26917eb,df,7e3f77a5-4cd4-45f4-aca3-6e6fa85e37f5
df,dc1a54a0-2354-423d-8683-3b574e7f0d8f,df,728376bd-9645-4750-ba4f-ffc3ceb7b842
df,a7643c4e-c5a4-4163-8d9f-589d3fa89d14,df,71a3283e-3c7d-462a-bbc6-df3470da52d1
df,33c7b1e1-330a-4986-bd98-a50fd6958292,df,0c2044a9-95a1-474b-aeba-d97c0201ffea
df,ecdb5d9c-6d40-4ab2-9717-cb806a3c143a,df,33347e28-a069-492e-966f-173c5e8914be
df,b6fa1570-5bfc-4ee1-9173-dab44d1baa54,df,75244499-a83d-466f-b513-93a42ddb3deb
df,b6fa1570-5bfc-4ee1-9173-dab44d1baa54,df,5dbfba1f-c387-40e5-a24b-90c1d1368f0f
df,75244499-a83d-466f-b513-93a42ddb3deb,df,5dbfba1f-c387-40e5-a24b-90c1d1368f0f
df,1fb1328e-5a77-4d67-8d93-5d7d7dbbc347,df,8058ebc4-669c-4301-a932-5b2f64cac38d
df,1fb1328e-5a77-4d67-8d93-5d7d7dbbc347,df,f3674723-5cd1-41a6-8196-fe13ae24b11e
df,1fb1328e-5a77-4d67-8d93-5d7d7dbbc347,df,a06e9cc1-801e-48c2-bcec-017d15774130
df,8058ebc4-669c-4301-a932-5b2f64cac38d,df,f3674723-5cd1-41a6-8196-fe13ae24b11e
df,8058ebc4-669c-4301-a932-5b2f64cac38d,df,a06e9cc1-801e-48c2-bcec-017d15774130
df,f3674723-5cd1-41a6-8196-fe13ae24b11e,df,a06e9cc1-801e-48c2-bcec-017d15774130
df,90aa9f0f-c527-44e4-aea7-67f37bdfa972,df,0f21cbf3-e742-41ed-9831-51a04a205233
df,90aa9f0f-c527-44e4-aea7-67f37bdfa972,df,774c05d6-a35d-4dca-b324-12e8c78140c0
df,b32146c6-a641-4a91-b0dd-f2fb4a74158b,df,ded3e9c1-dd06-4c97-81b8-0c934eea869e
df,0f21cbf3-e742-41ed-9831-51a04a205233,df,774c05d6-a35d-4dca-b324-12e8c78140c0
df,5b1c987c-d6f9-4975-82ce-d76dc222fa20,df,9bb0fce0-2f46-427d-b43a-04a38bbc53c7
df,3021a2ba-0a64-4f4f-91d7-2c2207186eef,df,4699ce97-371c-4419-a2d1-f3123361b1c4
df,42adb6ad-2c45-4873-ae12-7655404d5f8d,df,3bc1210d-781a-4c43-89e1-dc69dd73d6f6
df,9263268f-2b03-4ebb-b1d4-32f24e5ced15,df,d61d1ed7-3d4c-49a7-bb1a-05e0272c7ea0
df,1c9a411d-7ab6-4e62-b94a-d12c384b1eab,df,9ec580d6-0aba-4fb0-afd5-ddd8592e53fa
df,1c9a411d-7ab6-4e62-b94a-d12c384b1eab,df,68308360-33e0-459f-8a92-7eca0e0b40f5
df,8d215c0d-7d0b-44e3-b238-6369a89d533b,df,d59141a9-cf67-4995-93aa-289968bfb2f6
df,62b24bd8-fbba-448a-86be-23253686684b,df,a8ae9445-f80f-4952-a014-88b4d9686cdf
df,b41ce5e0-9981-4be1-a7e5-9d65b21d8b9d,df,bbd4d15e-5f4f-4647-b913-ee8d3db2a036
df,f0c65298-2086-415f-8578-9b4385da92bb,df,dd42dcaa-34a9-4773-9d74-1c6618411c6f
df,f0c65298-2086-415f-8578-9b4385da92bb,df,b6c3b72c-4135-4f99-88d0-14781ad52a65
df,f0c65298-2086-415f-8578-9b4385da92bb,df,c273c814-77a7-49ad-b46b-efa93475052e
df,f0c65298-2086-415f-8578-9b4385da92bb,df,a46f140b-8a26-4a38-bf13-ab3f93775608
df,f0c65298-2086-415f-8578-9b4385da92bb,df,71fe02c6-d203-4e33-a579-cf7347855777
df,f0c65298-2086-415f-8578-9b4385da92bb,df,8593db58-d9c6-4a94-872e-0e63bc87019d
df,f0c65298-2086-415f-8578-9b4385da92bb,df,b07ccbcf-cfd0-4369-a42f-512ec6526a12
df,f0c65298-2086-415f-8578-9b4385da92bb,df,c69cb3db-556c-4e25-bf3f-25b62785ae46
df,f0c65298-2086-415f-8578-9b4385da92bb,df,a4d6134f-7acc-4388-a42e-6f9c9fdc863b
df,f0c65298-2086-415f-8578-9b4385da92bb,df,032063d4-752d-4d48-a3b9-02215981648e
df,f0c65298-2086-415f-8578-9b4385da92bb,df,cc13da22-818e-4382-96ec-f1f14f496a30
df,f0c65298-2086-415f-8578-9b4385da92bb,df,fbff8f74-9338-42ab-9b4e-fffcb7fe9bdf
df,f0c65298-2086-415f-8578-9b4385da92bb,df,3a9e5ccf-55b7-49ac-8698-d306edeb907c
df,dd42dcaa-34a9-4773-9d74-1c6618411c6f,df,cc13da22-818e-4382-96ec-f1f14f496a30
df,b6c3b72c-4135-4f99-88d0-14781ad52a65,df,b07ccbcf-cfd0-4369-a42f-512ec6526a12
df,c273c814-77a7-49ad-b46b-efa93475052e,df,fbff8f74-9338-42ab-9b4e-fffcb7fe9bdf
df,a46f140b-8a26-4a38-bf13-ab3f93775608,df,032063d4-752d-4d48-a3b9-02215981648e
df,a46f140b-8a26-4a38-bf13-ab3f93775608,df,3a9e5ccf-55b7-49ac-8698-d306edeb907c
df,c69cb3db-556c-4e25-bf3f-25b62785ae46,df,a4d6134f-7acc-4388-a42e-6f9c9fdc863b
df,032063d4-752d-4d48-a3b9-02215981648e,df,3a9e5ccf-55b7-49ac-8698-d306edeb907c
df,71640402-a1ba-4ea5-aeca-d9cce934a7a2,df,ecfa576d-3623-4fd3-a682-48b28198268a
df,ecfa576d-3623-4fd3-a682-48b28198268a,df,2459ba12-2137-4cfe-b128-5d8122ea351e
df,ecfa576d-3623-4fd3-a682-48b28198268a,df,c50332c7-5355-4a40-83a0-42b86c86b541
df,b43aeea2-c6d6-4fed-8e29-17e609aa74e9,df,44dd9c5b-02b2-4595-bcb8-4a8874ddd853
df,067318d4-9af6-43f3-81b9-cdd68ad0c228,df,805328c8-4a18-4be0-93a8-c8fd61f5df17
df,ebfb573a-47fa-4e61-a31b-d401d719b49f,df,679faf08-76b7-49ba-827b-1f317761ef39
df,ebfb573a-47fa-4e61-a31b-d401d719b49f,df,8296bd83-b3e2-46ef-a690-3fa0fa4186a9
df,363d14c2-48df-4a85-84d0-ea083d7a5598,df,3770b1c7-c61f-4937-a27a-0dadffb0f1ae
df,363d14c2-48df-4a85-84d0-ea083d7a5598,df,0a1a5421-e1d0-4eb1-ae57-ca9ae30f028c
df,679faf08-76b7-49ba-827b-1f317761ef39,df,8296bd83-b3e2-46ef-a690-3fa0fa4186a9
df,f26650cb-4543-4e50-a513-9548e77d8121,df,41e0b082-c9dc-40e0-bc44-a23376688c61
df,3770b1c7-c61f-4937-a27a-0dadffb0f1ae,df,0a1a5421-e1d0-4eb1-ae57-ca9ae30f028c
df,023647c3-aa8d-4534-93ec-2f6485ff8ebc,df,75987352-78e1-4ee1-84bd-5de85f4cc949
df,59ad04c1-75fc-4121-9ff7-60d655bef679,df,959b6b98-851a-4585-93c9-92f8349489c1
df,d702296b-b8a4-45c9-82cb-c406eb44ea34,df,b2b50abd-8be7-4c45-b254-4e3428a2bed2
df,6091d853-daf1-4e7b-96cc-03148060acda,df,f7993449-fc96-460b-9be5-ad9d1135e5a4
df,a758467f-ffa9-4289-b64f-9461b9806e36,df,4e9e120a-7d1b-4c30-b4e1-d4f4b3778caa
df,5bf6f308-da26-4013-8c3c-41e2cc81d0fb,df,077366a5-58b1-445c-9635-6992a4b95733
df,d7e8d327-2979-4908-8ec0-49aed55a2b8f,df,8c411167-417a-48db-b56e-cef064bbfaa3
df,fbb8a536-a73c-43ae-8fcb-57c99f9ed105,df,ddd67e6d-0b73-4339-bc8f-129a8e823bc5
df,749031e1-b1b8-4278-b421-05600c8f85a0,df,28ebf3eb-a264-40ab-9535-8752b60d45de
df,ef5c0c99-c40b-431b-b97c-0a62663b8164,df,3d875a36-d822-483f-abd9-ebff125d18a3
df,c8fd2a7a-f27d-4149-b99e-b676635f33f3,df,c909e1a2-61b5-428f-853e-aaae3193e490
df,3a5eae72-7a89-4081-a76c-eb5260b3e088,df,67557841-1512-4a50-9faf-446b70bb1866
df,72844096-dcab-4a56-bd5d-9b41798f001b,df,8574e228-7e38-427e-8562-5f8536bbc8b8
df,b742e202-2e7b-4f57-a9a6-9c15b7be7509,df,c456c706-d6de-420d-834f-48a6afb6e9ab
df,ed95baac-7c1a-4edd-98e4-cdb9052ec63a,df,fe85098c-c072-4115-ac3e-569e3f2c7848
df,375ac8ec-6d07-499d-a07d-6d17b9e10bb1,df,e1d36ce6-9122-4994-902c-0e00d670c7a9
df,d6ace263-eea1-44de-94fd-0e3ef55e0aa4,df,50b5d610-00e3-4747-80d1-a0e05e61f827
df,d6ace263-eea1-44de-94fd-0e3ef55e0aa4,df,5be9ffd1-c001-4b9e-bdf3-51bf15723c0e
df,50b5d610-00e3-4747-80d1-a0e05e61f827,df,5be9ffd1-c001-4b9e-bdf3-51bf15723c0e
df,c5ca7591-7507-4397-ba3f-0b98cafe0287,df,032a3afc-3536-454b-a3a8-ff2d191af76c
df,833f54aa-08c8-4ffc-b09e-fd3e71e37288,df,091af4e4-135e-4e69-b12d-d81fa7aec516
df,833f54aa-08c8-4ffc-b09e-fd3e71e37288,df,28261a9b-1451-40c7-a4f9-d17035bd9e9e
df,90791a02-7a0f-44dd-be6b-e72bf83e02b6,df,dc532e42-31f1-4ea6-b7e8-ad87dd459738
df,c2fd1aa4-a229-45b4-a9cb-af5153b45a4e,df,d4207566-c271-4c6f-a537-2b1c08738f71
df,37a34e53-ee1b-459f-a735-6389fc1a62b1,df,68c6e520-a96f-4331-b225-e96694885583
df,9cb9d187-9f2c-447b-820a-19b6c47d45c9,df,adcfeb33-c910-4ba7-9e3d-e5e24adf6d3d
df,4e09b6ee-2823-4cdc-8405-c26659bcf2ea,df,59043f5c-c89f-47ac-8051-945a5f3e89fc
df,05b30f0e-6988-49f9-9c45-4b04e77b5d24,df,fb130260-704b-491b-9b79-19c20b6d6d17
df,c3325ea2-024a-47fd-82d7-4a5a3b31f9b8,df,76fce84f-5fba-4ab9-8bcf-b662c9c89ccb
df,0ebcbdfa-aeae-4d27-b110-ae7843177976,df,3dd5f020-32cd-4de7-87fa-2df3767adb3f
df,0ebcbdfa-aeae-4d27-b110-ae7843177976,df,ccf41f8a-82fb-4a51-8a09-e96da26cb6cd
df,3dd5f020-32cd-4de7-87fa-2df3767adb3f,df,ccf41f8a-82fb-4a51-8a09-e96da26cb6cd
df,8d3bf8d0-a4ed-434d-8834-726b276a2b45,df,1de8e440-32ca-4635-a171-daf446cfe393
df,5a944ead-e410-4a7a-abd3-dce777f85f00,df,b7dcd405-52bf-4c83-9aea-d5a1b84c7e9a
df,d241f39a-944c-4de6-a498-27861989fc85,df,e3bcdef9-8974-4584-b196-0624b7bba4b3
df,216e5181-3885-41c5-840f-4488da91bae5,df,b28c9172-93ec-4549-8675-87149ae06437
df,a7cef8b9-b75c-4fe9-a82b-7e67b6c9677e,df,dfbbc369-d807-4e16-a275-40fa94090c7a
df,1444edd1-4ff5-445c-ac27-ddb46b3b228f,df,33aa45f5-a439-46f0-a3a5-ed1857d662fc
df,7ab073fb-8ab5-45b1-880e-2d135b59c940,df,863b93de-b15a-4257-bd1a-8c046f1c275d
df,ec3a6957-3519-479f-b662-0158d1a6c260,df,80a814d6-3449-4ecc-9aab-3540cbf75e50
df,ec3a6957-3519-479f-b662-0158d1a6c260,df,56c7d85b-3af8-4e50-8044-829f09b80790
df,80a814d6-3449-4ecc-9aab-3540cbf75e50,df,56c7d85b-3af8-4e50-8044-829f09b80790
df,8a4428b1-b883-44ee-b7c4-892fe5aad33a,df,ba78dc23-04de-4832-8ab9-ae554c260285
df,8b28b51d-5fe7-4a2d-bb1b-6cff2ac5fe69,df,43db858e-8341-4950-95e6-6131a3b21738
df,d769a0e0-c5d4-4480-8f64-8df2bf6bd021,df,01088a26-822e-4fa8-8e8e-1ec31efd4095
df,02218287-7099-4bd5-aaa0-f7e2c10fec08,df,2a18326a-0562-4ada-8dff-d456960332e5
df,09d8cd66-c28a-48e3-82c4-2004cfc87284,df,687085ce-e189-4c14-80c6-ff9b587376f6
df,24d8c9f8-8020-4d0d-bbfd-caaf42a6b518,df,3e33aa8e-c01e-4226-9f74-bde79721af8b
df,96313b47-6d0e-45c1-9b21-a3aaeac37aa1,df,e8d3297a-c038-4e88-aa60-309404880b17
df,4dd2ee4c-d3b4-4125-98ca-ca97081b32ef,df,255cd8a6-ee06-47c8-9c38-6c1368d8aabb
df,b3ee2888-b241-4ec5-bf86-7382a65f3b25,df,cc8b0289-8627-4d7f-8767-251b8bba396b
df,d0a23042-5761-4c3c-99c7-8f57631e0078,df,4d14063c-1b9e-43b5-82c7-f69254776f89
df,b22b3fb7-5a29-4aa8-88f5-87214740e7f6,df,2833be23-55d5-4139-ae83-301278cc430d
df,0ffc7c2c-82f8-4d59-bbba-23f4142256a9,df,ba1ef040-2db5-434f-b5c6-3860a3d57907
df,30536dc2-9386-4d75-a7ec-61aa1836faa5,df,b6391f2d-61f4-480d-aad2-134092e233b5
df,8163cb8c-b128-4e3b-a4d1-9d4df9609c73,df,4deddaea-b046-47f9-b8a1-1dc6e08b55ae
df,8163cb8c-b128-4e3b-a4d1-9d4df9609c73,df,497db656-47f4-40cd-ab39-3cf7a0e92c27
df,b7ea1d3c-ae9c-48d3-9176-8a0abb4ef305,df,cc8af126-1d75-4984-9513-bc4c8f17e8ca
df,4deddaea-b046-47f9-b8a1-1dc6e08b55ae,df,497db656-47f4-40cd-ab39-3cf7a0e92c27
df,86c539a9-b5ee-4f40-bc1f-e56edf52ac8c,df,96345bb9-0155-45ad-b6db-68e3a36505e8
df,ba76fa7e-964f-45f0-80b5-c3dd735bb521,df,9a5d6678-1a24-4144-bed3-6bc00689b307
df,50df050b-9a96-4def-be74-e96d3a7f0a9d,df,7a7e8e9b-6111-42e4-89dc-6a66a4d209c0
df,ed49a45b-fa5c-4ec1-ac2b-d36a2eee1b30,df,bd4bccb1-1058-4c75-b3e4-fd3823e14b5d
df,edabda0b-654e-42a5-8b40-ab41510d0b09,df,518ad0a9-89ab-4974-9829-6bdd1e9d9d54
df,e6b0894c-895c-4105-8a88-3d40a3aff54d,df,6193fa61-45d6-48d4-be81-7319f9059998
df,bb50d5b8-9096-4ced-b857-7bb6e8fd1100,df,dbabfce8-0b5b-4fbf-8061-0b16125f99cb
df,d032809c-2531-4e72-8a6b-eb229c37dedf,df,f80ef874-68f7-48f7-9d31-8537109653de
df,b40fe3ba-c9c9-4c04-8430-d4daf48f9264,df,dc476cc9-d7e5-49a1-875c-cddcede8e28e
df,e8836053-2cf6-46c5-aec5-bc943f898115,df,f4174137-0db6-4c3b-9ab1-93ce0dde09a7
df,e8836053-2cf6-46c5-aec5-bc943f898115,df,fc8924a2-9037-4b4f-adcd-f2a931cc4a13
df,e8836053-2cf6-46c5-aec5-bc943f898115,df,f344bc10-1676-41cb-aeeb-37269c382eef
df,f4174137-0db6-4c3b-9ab1-93ce0dde09a7,df,fc8924a2-9037-4b4f-adcd-f2a931cc4a13
df,f4174137-0db6-4c3b-9ab1-93ce0dde09a7,df,f344bc10-1676-41cb-aeeb-37269c382eef
df,fc8924a2-9037-4b4f-adcd-f2a931cc4a13,df,f344bc10-1676-41cb-aeeb-37269c382eef
df,762a527c-cabc-443c-ba0e-5899f6a7ab50,df,d4556da8-ed64-4257-95ee-904cce0de129
df,762a527c-cabc-443c-ba0e-5899f6a7ab50,df,7b82cc0c-7bef-4743-98de-8be9c065d9ce
df,d4556da8-ed64-4257-95ee-904cce0de129,df,7b82cc0c-7bef-4743-98de-8be9c065d9ce
df,51c483ec-14ef-4f84-a600-8783e48ee076,df,867a0a7e-cb2c-4f73-900b-cb04f2db089d
df,e8e54328-8ff4-4136-8a6d-09a2c3fdbf00,df,d143f3e5-5ee8-4f63-b94e-c136d06f99df
df,e8e54328-8ff4-4136-8a6d-09a2c3fdbf00,df,3270271c-302d-41b3-9fe6-e6fa5c819090
df,e8e54328-8ff4-4136-8a6d-09a2c3fdbf00,df,373437c1-4ab7-4b8a-a8f7-5db03e06b635
df,e8e54328-8ff4-4136-8a6d-09a2c3fdbf00,df,7b69844a-e335-41b0-a437-4ecc217a1a03
df,d143f3e5-5ee8-4f63-b94e-c136d06f99df,df,3270271c-302d-41b3-9fe6-e6fa5c819090
df,d143f3e5-5ee8-4f63-b94e-c136d06f99df,df,373437c1-4ab7-4b8a-a8f7-5db03e06b635
df,d143f3e5-5ee8-4f63-b94e-c136d06f99df,df,7b69844a-e335-41b0-a437-4ecc217a1a03
df,3270271c-302d-41b3-9fe6-e6fa5c819090,df,373437c1-4ab7-4b8a-a8f7-5db03e06b635
df,3270271c-302d-41b3-9fe6-e6fa5c819090,df,7b69844a-e335-41b0-a437-4ecc217a1a03
df,373437c1-4ab7-4b8a-a8f7-5db03e06b635,df,7b69844a-e335-41b0-a437-4ecc217a1a03
df,05118379-27a5-4943-baba-2d6a7018964b,df,c165a211-0f69-4e26-85bc-6923acb09d92
df,dc80a716-d981-436d-a931-e968c8205b09,df,01d95f3e-a537-43ad-ac21-9b742b9a94a5
df,8471596e-b038-4dc0-bd73-da1579b940a2,df,4898a8f9-03a7-45b6-90ed-59960955ca4a
df,f015a8d5-34fe-429f-97d8-f9a2ec568155,df,d4eec480-4bcf-4d8b-b5fa-9d5e03fa92a9
df,83d5a1de-9d5d-46a6-ba35-78efa7d4d56c,df,177a0a3c-02a5-4d16-9e60-40ba3ecdcd1d
df,8022d0ff-6592-4e5e-b60c-6f2cd1ea1de6,df,40f1998b-a89c-4dc9-b754-f264e05c2cb9
df,60265123-7951-4bc0-8d18-2da2f821b68c,df,2ce2f00a-b339-4978-b075-246a5da1ff47
df,b57a8034-dc03-49fe-8dd6-832adc94dbb1,df,87efec30-1174-4b8a-95c0-faf9c3364475
df,77705719-5141-4819-8e45-ccc008d6f99b,df,f050e01c-7f47-42d7-9bf0-2449066a9e85
df,54b264e1-e6a4-4940-99af-332eae8fd7ec,df,5bee2861-86f2-40ad-a5d4-58e28cb69dca
df,c1184426-7ddc-4497-ac56-c66eb530fa1d,df,fcbae7f0-6903-4ea8-8ceb-8f3bf0033d0d
df,e78c7c51-cc86-49ae-a0fe-d23a6d9d5321,df,a12f7be0-49c1-4753-a84b-ece2412a3eaa
df,44b90152-7a51-4a2d-b486-4c2d531fb3c7,df,0d2b400a-646b-4b41-aa83-b771be7d170e
df,948bbde0-64c1-472e-8a17-47be6d337952,df,67ab604f-1c39-4308-a0ca-fc8af818d5e0
df,a2a4799e-ef47-4b34-a194-683a59aa1331,df,b36c272f-53ad-4be3-8ae1-41cdc1cdb270
df,2dd32408-c006-41cc-8826-b05d78e42afc,df,0a445d47-001f-4c09-8a40-d11d0b7cfdc5
df,3e4012e1-5a4f-4aea-bcde-319a10fd864c,df,0901fa0d-8643-459e-82c3-120f4db8b872
df,6ce519a1-3784-468a-82b9-a581b458edc7,df,6901bad6-8901-469b-98e7-d1ccb9cc78be
df,7689c0d5-2195-4bc5-a5aa-76dd57a4bc95,df,fe78e8dc-3dda-4887-81f8-ffcb394af6d0
df,e386d9ea-85f3-431e-b171-090a1435d134,df,c2d8b92c-e6d6-4824-a32e-426ed13c6875
df,e386d9ea-85f3-431e-b171-090a1435d134,df,57e334b4-b31c-437e-8817-0ceb5dee5274
df,c2d8b92c-e6d6-4824-a32e-426ed13c6875,df,57e334b4-b31c-437e-8817-0ceb5dee5274
df,8e8fa323-a152-49a6-8aa5-32c1036cc1db,df,845021b9-21d8-4e42-bc27-a6e24801e0ab
df,d22eca8c-a933-42a8-b58b-299b93183aff,df,150dbbdf-27af-4519-b6f2-84ac2161e8d5
df,fa82cb10-e60c-4cfe-aab9-e8c9efee684e,df,31441577-59bc-4df6-9d53-dc99a40d4c81
df,fa5f23f0-f1ec-407b-9e84-be625f55f264,df,81af53c1-e9d0-44f3-be67-d0c78358c784
df,253f98e3-fef2-4a8c-a567-b89a157f64d7,df,6389a335-4e73-4107-9672-25c596d1d2f5
df,36f01185-b04b-48a5-af40-103250faea4b,df,e6317d03-a616-484d-ba31-cbf76dd5a953
df,802df679-9d85-46ad-bf35-3a43869c0474,df,cc80c72b-3325-4355-9617-532b2ae7ad75
df,952dfc90-eb7d-465d-b1fd-2ea7916cd714,df,422ce9fe-1b72-4b9b-90dd-9443e5020c78
df,a810a434-850d-4b6e-b09e-1a0775be22dc,df,422ce9fe-1b72-4b9b-90dd-9443e5020c78
df,30dcc1dd-a077-4473-aecb-ff57af1171d1,df,f2b5e240-03d0-4bfa-846b-d856fa05da6b
df,8ff65384-47a4-4505-aa95-57f9a21c5646,df,f001815f-04d2-49fc-8d74-515a2bc4c049
df,4fdb7d38-2d2d-4fe6-a00b-d18b56cad4d4,df,42625b1a-ffac-4dd8-b3f4-d85dc2f7ad0f
df,4fdb7d38-2d2d-4fe6-a00b-d18b56cad4d4,df,0516e10d-6f5f-4505-a9b4-36726b91a26f
df,4fdb7d38-2d2d-4fe6-a00b-d18b56cad4d4,df,c9a6bc2d-4a42-4e6a-bb7e-15739fd1b599
df,4fdb7d38-2d2d-4fe6-a00b-d18b56cad4d4,df,507e77c7-1032-496a-9e67-fb980c0efb8f
df,4fdb7d38-2d2d-4fe6-a00b-d18b56cad4d4,df,f437a859-add7-44bb-a641-77725f771004
df,42625b1a-ffac-4dd8-b3f4-d85dc2f7ad0f,df,0516e10d-6f5f-4505-a9b4-36726b91a26f
df,42625b1a-ffac-4dd8-b3f4-d85dc2f7ad0f,df,c9a6bc2d-4a42-4e6a-bb7e-15739fd1b599
df,42625b1a-ffac-4dd8-b3f4-d85dc2f7ad0f,df,507e77c7-1032-496a-9e67-fb980c0efb8f
df,42625b1a-ffac-4dd8-b3f4-d85dc2f7ad0f,df,f437a859-add7-44bb-a641-77725f771004
df,0516e10d-6f5f-4505-a9b4-36726b91a26f,df,f437a859-add7-44bb-a641-77725f771004
df,c9a6bc2d-4a42-4e6a-bb7e-15739fd1b599,df,507e77c7-1032-496a-9e67-fb980c0efb8f
df,c9a6bc2d-4a42-4e6a-bb7e-15739fd1b599,df,17b89b2f-67c4-4108-9107-e1214449c479
df,507e77c7-1032-496a-9e67-fb980c0efb8f,df,17b89b2f-67c4-4108-9107-e1214449c479
df,250a5035-841e-4998-ae95-1a439fc9a0fe,df,5b321b63-cfa6-4fea-a718-c69b195ad9bf
df,250a5035-841e-4998-ae95-1a439fc9a0fe,df,941d0948-7fa9-477a-a750-a55795fd3c80
df,728a6d45-d646-4c54-ab1b-c29658fa7dd1,df,b8006d70-2a60-4c94-babe-d0f8441911ea
df,94e49086-ebf7-4032-843d-26cadb7d5af3,df,041167dd-8ad5-4878-be9d-cf8571102010
df,c7e49a31-f09b-4c8e-8f45-99e1eeafcef9,df,57d10e52-c7f0-449e-aed7-83a8cef9a9ab
df,a730c3ad-7adf-4c9a-a792-23b308e9035a,df,3383e052-ad97-4a02-95b3-247b6bda88fe
df,2a808c78-d80d-454a-bafc-08f123a0bfec,df,5940e121-1d59-4160-9f41-bc66f1730a28
df,1babdc98-3338-4c85-8633-d7a252c9ed82,df,c7ac8158-68ac-46c9-823a-13157b87da8b
df,ce784d20-988d-4738-aaab-7ce01dbdb450,df,c10783e3-bc02-4aa2-863c-9b079db4b8b8
df,a4635a4f-7f1f-4b5a-ba4a-1299aca2f919,df,25487170-373f-42dc-8dc8-2fc05c3a1ffb
df,a39fd497-be81-46d2-aff4-08294a09a5aa,df,966ce4c6-bb72-4986-88c7-8bc17527df0d
df,57fe1df9-2a62-4e77-8d26-91c0452483e2,df,436b94f0-d6dd-4728-a6b7-47cc4b783c39
df,b28674d9-ef4c-49a8-9e3c-7ac616f9c589,df,1936283c-42fd-4b66-8011-8b3c94d5e9cb
df,c8b9d255-1c8e-43d9-9787-1f6ca324145d,df,7fb8c4cd-e941-4866-a051-d1760511c785
df,beb628f0-6c35-47b9-84d2-9f6573162027,df,8a168bd8-0f27-4bd1-b6b4-6654afc1be49
df,6d8daed4-ea6f-420e-b4ba-19f388735b95,df,361af8d5-c5b9-43d1-8dd4-c71bbc533987
df,dedbc1a9-ccf7-4d82-87ac-b9b242bb5fd8,df,3c757c95-9001-430b-9643-518041cf5a04
df,4e2fd5f6-9341-40d7-9daf-6439625bd4d2,df,4316cbdc-512a-4478-87bd-71be8bc559f1
df,24bb0088-efad-466f-91b9-082e6a614373,df,971ded5f-8796-499e-9375-8bfdc67054a7
df,9ab3be16-8a62-4eba-bcab-62b07733991a,df,d7122e13-d8be-4364-a074-81d00dd41271
df,2bcdc9ec-ccdf-4b7c-9afc-bffc0bad1fdc,df,0dc453c4-148d-48e1-a1ba-fdaa8b94f8b3
df,8bcb97d5-4bea-420a-8cb9-522c0eabaab0,df,c8fce050-db64-4861-b8ed-83054f5fd1eb
df,4ddc1f8f-656a-4ed3-ac37-1478db100ffc,df,7d66d859-25a8-45dd-a07d-0defcaa187c0
df,38b9f69b-3c2d-41c4-9542-fff43878b43a,df,35a4190a-8db8-4f41-bf47-e85b4fedeeaa
df,8df8b35d-1737-4c6d-a9f5-102221017928,df,2948bb63-8990-40f8-8b35-cc4354c988f9
df,e196845f-aa92-4dd7-9e54-7249805882f3,df,2e6bf8b0-52aa-42db-aa83-516995e0bf6f
df,607559c2-51e8-44bf-a9e9-79c7d93114a6,df,a67c677b-3c69-40fd-b263-544701b1177c
df,b752630d-e330-4ad1-a15c-ff9c5b12f6ff,df,c21c7c9e-37e1-4dc0-9f3b-e255b9c4f83f
df,0e79c05f-3151-491e-bfe6-0acd944abd54,df,e1f9f1a3-1904-4223-aea0-be5eedd4e678
df,6a7286b6-25aa-4b90-96d4-ba6d9b6f98c2,df,f746c4f9-2c2f-4856-b5af-90fddf6ed4f1
df,488223db-2206-4bbb-a60b-05b47f706a61,df,74e0f66c-9be9-4312-8695-1378a5e1e6d1
df,38690289-7309-47b2-8e21-5893844a715e,df,5c0d12de-9c7b-4473-89c9-3e6ac29a65e0
df,4b74f894-87d8-488d-aeed-ebe7f4ad947d,df,c3463c65-fbc4-450c-9275-d847ca9eb47a
df,5dac36b5-b316-4a0e-bcf5-45de21060726,df,c064165d-608a-495f-a450-9e1e13a04f70
df,4e0b95f0-38f5-4e26-8be0-9f9f76f66f77,df,c064165d-608a-495f-a450-9e1e13a04f70
df,4e0b95f0-38f5-4e26-8be0-9f9f76f66f77,df,2784121b-cde3-410c-b8cf-7313ec08ab19
df,c064165d-608a-495f-a450-9e1e13a04f70,df,2784121b-cde3-410c-b8cf-7313ec08ab19
df,2a924939-a094-4833-b1a4-640d2e558c4a,df,709c9912-f707-405d-8df3-ae5b80cd1703
df,f1edb9d7-28db-40a8-ba3c-c58ece9a2ff5,df,50dfc8f2-11ac-4d1d-9535-7e81ec0019fc
df,a26ca7bd-3b27-48d8-bc5c-f55567794992,df,66dc1030-9537-4e2e-a9ca-811786b97fcd
df,1b09defa-ad68-4b5d-87e3-66438fcfd8dc,df,45c2d08d-cd71-4e15-81d2-2fce2c50412f
df,a393b4b0-7aef-4ae7-8a2d-19e908fb4aa7,df,c5479e33-9bd7-41ba-b9ec-e9004236c390
df,1537f7a7-82dc-4273-a30a-9da8a1f36506,df,790988b8-b44f-4e81-abd2-a3f96280a172
df,79d0515d-07f7-414e-a215-27b86f3ea125,df,f9490a1a-fa2e-47bd-8390-66a8d7511789
df,08d525b0-ac31-4b1a-9273-0628494e8dec,df,aaa5b341-ad19-42b3-91d5-b365e729e100
df,6fd993f8-4933-474f-a6ea-23af24ff97f9,df,0966a32b-c33a-463f-a73c-0cdb94228d38
df,42f06d32-38a3-4ead-b2c6-b51431ef571d,df,ed5da6fe-8e8b-4fa7-a46b-7c2c37d62728
df,6e936f42-229f-4b58-804c-58b8f1c5136e,df,1f16916f-48d2-4ad0-9855-734dc7d907b4
df,788d1c3f-92e5-444b-ab1e-b29e6744717d,df,bc1c7016-4242-4800-b5b5-85cf300d70ec
df,231c99a2-1fbb-4fd8-ab87-92f53e086468,df,8711e0be-72b8-45fa-ba3c-7ec4699dfe3f
df,63d7671e-8c60-431f-953e-bc25974976e1,df,07d0e175-7732-4878-afbb-d53806b87a41
df,a2d1a2ea-d39c-4cd9-b9be-ffcfdf5e1a11,df,f9055ee7-3080-4e0a-b9cc-c603173d45a1
df,13a38fb5-5926-4309-893c-fd9b24b0dd82,df,967b2e13-14d3-4cfe-95ee-cf634927ee92
df,53f6ca54-3cd7-4ddc-9638-4c3a85c2481a,df,500427dd-bdd2-4d8b-bb86-f6bf001eb0c0
df,53f6ca54-3cd7-4ddc-9638-4c3a85c2481a,df,e9f6e40a-64b5-49ee-8d7a-720e6b5c96be
df,500427dd-bdd2-4d8b-bb86-f6bf001eb0c0,df,e9f6e40a-64b5-49ee-8d7a-720e6b5c96be
df,c51944b1-2ad5-4012-8495-a08bd29c7192,df,602bba7b-2a9b-44ed-8918-45d7d45c28bd
df,c51944b1-2ad5-4012-8495-a08bd29c7192,df,4cb24f75-b55c-46e4-ab43-5247606d07e6
df,602bba7b-2a9b-44ed-8918-45d7d45c28bd,df,4cb24f75-b55c-46e4-ab43-5247606d07e6
df,2a1b66ea-0636-4fe5-bf19-e6d91449a737,df,bd030878-c202-436c-8f65-de65d6d5f0cd
df,a18bc681-ed08-42a8-a43d-d7fd5bd35b45,df,c01cb1a3-9a25-4857-94f3-065be5e2e5d7
df,bfe79977-8c92-4d00-8f8b-9093a0b14059,df,88eefc87-4831-43b8-bd03-34175dd3d5ff
df,8cc22bd3-3799-49e2-9afe-71232f39e5b6,df,5aa8cd5e-39ab-4862-b6e8-d4c8d7b6b69a
df,c7e53ec0-d90a-4d66-bb49-abb89490d757,df,2ed7b042-acd2-44fd-a0d1-a0a300032cb6
df,21f9d5e2-80e8-4e30-819e-2320af0882fe,df,b9069bda-45a0-4fac-b7fe-102a7b1d92a5
df,1f2804e2-d177-4717-806c-2ad742b670e7,df,15d4f145-bb11-4fde-8714-5978ce0333b5
df,9a23c871-351e-49b3-8141-cfe716ca24f0,df,0a14fc2e-b2f8-4edc-a3dc-cf31fd7f0a8b
df,2babb21d-b748-4fbc-9e9e-1e51a4945a04,df,14be3bcb-12c6-4936-b3e7-89f6946296b8
df,59d29a27-a6bf-4e32-989f-3383919820ba,df,f4031b73-5f94-488b-b1b2-f74c357cb696
df,a7fc6d8c-2ebc-44a3-84b0-6bb6e735bc0b,df,4b638493-dfbd-4de4-8f7d-9e57506fedfe
df,ab331323-c13a-4d03-aa30-85ca14a14cb7,df,5e378c95-16f3-483f-aca6-f67b47992717
df,beb5d8f6-fc9e-4e66-8071-7f8ea5f4f1c0,df,17df5f98-6b70-49c1-9fe6-4fea50569b71
df,7c616d81-ee89-4bde-b798-7d69b17932a5,df,2621fd3d-1cd0-4b11-a436-04c2fbf1cc41
df,9cf97b86-72a4-4d3e-bf02-b4beaf00d360,df,a6fe43ec-afb3-4b55-af31-d1d1b8a2aa20
df,9cf97b86-72a4-4d3e-bf02-b4beaf00d360,df,d5ff544d-99bf-427d-b2a4-b1e53f7b4371
df,a6fe43ec-afb3-4b55-af31-d1d1b8a2aa20,df,d5ff544d-99bf-427d-b2a4-b1e53f7b4371
df,3db0603a-35cd-4ad8-9afb-3137051f3c5a,df,985a5f59-74fb-401c-b996-129a6a6cf5d1
df,1b53511f-05ba-49bd-a1bd-5dfb693277eb,df,61d76c32-ae88-41db-bad0-7ecd73707d24
df,fcc03b89-5769-4bec-8aa0-875cc8fc6ad9,df,e406a89e-e908-4e19-b396-6a199643141b
df,772fb088-64d0-4def-8782-8ffbe9bc841e,df,1b03867d-ef94-436a-a5f1-8dd9dc70a0cc
df,4b5f56c5-4063-48fe-acf4-72b250d6c9a3,df,5efd8a07-9471-4c00-a273-46fe85bc778a
df,59175808-47cf-49ec-b094-91e72e2e96b2,df,18a40f96-054a-46df-9e93-6be25207d6a9
df,a1304de2-517e-427c-8ec1-d7f8a3a0b833,df,4f66d78c-3d7a-434d-af24-f69416a094de
df,9408a21f-a38e-472d-86af-4c160c8e8ead,df,b9bb8cb3-a9de-4467-ae6f-88d42babf168
df,7cf90ca2-7a75-4f81-bf83-47a6601c4ec7,df,a172bcae-1464-43a0-ad6a-19c60d80b018
df,7cf90ca2-7a75-4f81-bf83-47a6601c4ec7,df,d8114926-05ab-48d8-b030-e51ddebf592a
df,7cf90ca2-7a75-4f81-bf83-47a6601c4ec7,df,53a48e84-4c3c-4279-9e96-549e0867f83a
df,7cf90ca2-7a75-4f81-bf83-47a6601c4ec7,df,a4f4ab9b-3b08-4ec4-89dc-e11baee05543
df,7cf90ca2-7a75-4f81-bf83-47a6601c4ec7,df,0e9ce22a-1320-4b52-bf8c-e5b2e091163e
df,7cf90ca2-7a75-4f81-bf83-47a6601c4ec7,df,4be2eb16-f73e-4a16-a014-5a3da5d7dfb5
df,b6a4df66-e08d-424b-aec1-f98ac6a305ec,df,2da8a17a-ff82-490d-997e-68d0bc58c048
df,1e1ecb91-d159-4e18-a1e2-42fd5b4d513c,df,374f9e23-2e6e-4d68-a193-c856f09c372a
df,72583227-dec1-4463-959d-aef0afdd3137,df,1e4247f1-c985-4f16-9e92-8e66f02dd480
df,7a5743da-81ab-4285-8ab8-3dc4be3e08e3,df,b756d68c-2c36-49f5-a4f8-2a9f4261e883
df,7a5743da-81ab-4285-8ab8-3dc4be3e08e3,df,144d6859-60e8-436d-a26b-efe39e97379a
df,b756d68c-2c36-49f5-a4f8-2a9f4261e883,df,144d6859-60e8-436d-a26b-efe39e97379a
df,85ee2c4d-ffe5-496d-b5e5-30869d64b7bc,df,e0d8f761-970f-416a-bc12-c53c66326b07
df,f2624298-619a-48b7-9a03-020aa8ea9fc9,df,2dda5844-66ee-4345-8df4-515ead451469
df,015e13e0-6878-4d6f-a730-eaba4f16c951,df,d490e0b1-6258-44b9-89f1-2cc1076d621d
df,b702a0c7-b4de-4fa0-b40f-f6dfebb05c68,df,78ca5527-befb-46db-9421-42e91c7b3bbf
df,8030d9e5-d4ca-4626-b3c9-aee3e23602cb,df,00a4bbb7-0145-4f75-a957-c207a81f3eb0
df,7037cdae-a0df-4cc6-a206-193d61017df6,df,b9c7dbdd-1afe-482f-a774-e00e032c882f
df,27061bfd-7b7c-4080-9a6c-ef5a59cbe557,df,15dead15-e567-496b-8184-6479a7c67e7a
df,46041140-e646-4b7c-834e-7d6ed32cbba2,df,70e630a3-0574-4a0c-89d4-b43534ce5530
df,b48e97f9-5a43-4667-b1af-c4ffb38592eb,df,56b6173d-22e8-49cb-a355-d6d5769810d5
df,b48e97f9-5a43-4667-b1af-c4ffb38592eb,df,6cd8114b-198e-495c-a2ad-f70d143ad811
df,56b6173d-22e8-49cb-a355-d6d5769810d5,df,6cd8114b-198e-495c-a2ad-f70d143ad811
df,f46791d4-5718-4707-875f-1d47a783e003,df,f49b28e7-d022-4e03-875c-3a79ef938785
df,fae58f60-2e04-4c08-8a8f-3db1a134ba21,df,b01d8bdd-c625-40f7-92a7-8b8e8fabd8db
df,bf8f85b6-9231-433a-9197-de50ad2b1e36,df,5a8ad18c-af32-4945-8e17-c783e01fa047
df,8bf6ad47-cdcb-4213-b9e5-e016f5ffae07,df,d5af577d-3be3-4e61-970f-9469310e5540
df,749004d1-fe8c-49df-ad44-7e1bdfc3c394,df,dfce26e6-8bd5-49f2-a25c-201c4e4fa4a6
df,97549392-8d5e-49f4-a77b-96723132ef84,df,68a07ef1-72b6-4ac9-a83c-735b655a2f67
df,f97d707c-ddb2-4f80-b975-1540c4805d58,df,fa10a09c-c616-456d-b7d4-64af6ee0e363
df,d9e05b7f-5e58-4a5c-8a8f-6a8cdbb7a70d,df,055aea86-916b-416e-b1c1-02a5a0903123
df,bcd5211a-587d-4251-b0aa-534dab7161e7,df,a4a76b75-2a4b-4ddf-b093-a9fcc8fe9903
df,0743297e-8e06-43be-ad0b-04c72b022604,df,56e91d7d-e61f-4471-a1d6-0bc3d5ce1fbd
df,7cd9e6ea-ba0f-4a40-a4bb-0ab1cab121d6,df,17f566b7-fb24-49df-a46d-e0b25e67d805
df,abfcd458-1b1b-4647-ba60-6d40427962e0,df,beb8d327-ebec-4633-ac62-4353c083ba88
df,dc615f90-bf82-489a-83b5-ef11131c0578,df,8fa1ce95-3c19-46cb-b2cc-850578733445
df,d9ea8dbd-e218-4ec5-8a0c-db27677bf0be,df,171c0d71-e0a4-48ad-b995-fc0fe8cb7259
df,d9ea8dbd-e218-4ec5-8a0c-db27677bf0be,df,3214cbd6-6336-4e54-ae40-41cde95a0e21
df,171c0d71-e0a4-48ad-b995-fc0fe8cb7259,df,3214cbd6-6336-4e54-ae40-41cde95a0e21
df,df0b5996-2c56-4281-adf3-c2df45dc9c01,df,b40c0d9e-36da-4ec8-bcd6-a85587a35cd4
df,88d363bd-9a7a-4bca-b846-7305d3c5c968,df,32929f6e-56c5-4dca-b3ab-8d696e352cde
df,f517d47d-e3af-4bf9-9507-79c146c30336,df,4f7e32dc-3b09-443f-adba-ea4946a15cd1
df,f517d47d-e3af-4bf9-9507-79c146c30336,df,2a13d781-d7e7-4299-9cb5-4433ff9c0060
df,4f7e32dc-3b09-443f-adba-ea4946a15cd1,df,2a13d781-d7e7-4299-9cb5-4433ff9c0060
df,de1d48bf-d3bd-4e1a-8a67-3f8888df85f5,df,bcbfbdc1-7b41-4a1c-bd0a-76be2ed92869
df,8344494b-c36a-4a39-a97a-ffb100baf54b,df,5f1e9785-863f-4324-906e-3b7b41824a59
df,0ee78d1f-f90f-47a4-a403-9c0d97464e02,df,637e43d5-1986-4749-84b4-1778d912c1f6
df,92fcbdee-bdbd-45f9-8f78-8c30df630d71,df,03769f29-33ca-4784-9f8f-3018dbc576ee
df,0b82e85e-734d-44b2-808b-4f749a053aa7,df,768f09ae-f220-431c-a251-f35463bfacad
df,57a811a7-2de1-4e84-90a8-1246c0100866,df,8d26d446-ed67-47e2-b9ed-7b0c7e81f965
df,df73c057-5523-4d41-9509-de1ca82f67b1,df,7babe99a-ed2f-4cfb-b59d-291e1e025f17
df,e75bc93b-3f18-47ac-985f-44c1ff4cdf13,df,1aae9162-5cbf-41af-a144-c587207e9672
df,e75bc93b-3f18-47ac-985f-44c1ff4cdf13,df,d0af15f9-7f2f-44d1-82ad-30192ad45cd1
df,e75bc93b-3f18-47ac-985f-44c1ff4cdf13,df,255565a1-393f-4b69-af4e-32f6cb59b6f7
df,e75bc93b-3f18-47ac-985f-44c1ff4cdf13,df,8931ac35-64f7-46df-9660-f34392e29759
df,1aae9162-5cbf-41af-a144-c587207e9672,df,d0af15f9-7f2f-44d1-82ad-30192ad45cd1
df,1aae9162-5cbf-41af-a144-c587207e9672,df,255565a1-393f-4b69-af4e-32f6cb59b6f7
df,d0af15f9-7f2f-44d1-82ad-30192ad45cd1,df,255565a1-393f-4b69-af4e-32f6cb59b6f7
df,255565a1-393f-4b69-af4e-32f6cb59b6f7,df,8931ac35-64f7-46df-9660-f34392e29759
df,117f7420-c10e-4b2e-95b3-9cfa654f3291,df,edda4e80-b08c-4658-8e73-8e7b9e712d89
df,47cf6a3c-5e2d-4399-919a-9da9f57c20df,df,9591d589-dce3-4ed2-8d97-7f844ee77ecf
df,846577db-9cfa-47ff-a936-5618e6f8cab4,df,ee0f579f-06d7-48a4-a08a-dd21b89e8cb5
df,a54bd296-ee4b-4cd7-96b8-c8e8af65a916,df,3bfe0372-78b5-41f4-a6b9-2809b3d03237
df,c8942cba-83de-4e73-a7f9-0d9a578ac689,df,029b2dd5-1c57-4962-af6a-d3d073046d50
df,e1c3c0df-ccf5-44ae-9455-f52eecbd592c,df,720687d2-3d4b-4c4d-ade5-0a5913e9d335
df,31267d0f-2e6b-49f5-bf18-8dbd749bc86c,df,9edb671f-775b-4b28-8a2f-3b193f05cab7
df,be21ca7e-a4a0-4dc0-b121-70510bb3b733,df,6cdbe557-192c-4995-88f2-be7481678b4a
df,e4bc8793-3d9d-44af-bd2f-8b40bbf843c0,df,3182cd0d-ba07-4da0-a8e5-91ee7e53fc50
df,37863f61-ebcc-464a-99ee-dff9771dd372,df,d75f61df-2f77-43e6-ae5f-dc787c9e8086
df,5354647a-8f9f-4359-8413-7f475d525b45,df,324e5889-d75d-4a87-81e4-808ee3591ebe
df,03688238-aa29-44ed-b2e3-f88d01dd9351,df,1b7494d0-6871-4fd6-a608-05c19dc0e41d
df,731e9540-2ae8-444e-9b26-6d3eed750c8b,df,ecf281c7-5b14-43cc-9e15-6683b39621b0
df,b1282f8c-5b55-4b91-a4c7-6d22c65d08eb,df,40b768aa-6f6a-4602-b109-fcad8704b2d6
df,a61e95f6-ef95-4fca-aa34-39a16f1721bf,df,c576b631-d15e-466a-b540-5d5ccda3b1ad
df,bb5f6439-1293-4111-b941-b2d3954ed689,df,fb8a84aa-fbe6-4354-b610-f122c810511e
df,7d28e561-f4b7-4437-8ffa-8102f0f93567,df,ff60c2cb-dde3-40a2-8ed8-a6dbc0a019cd
df,c8518891-f134-42a2-8f27-1944f0a13320,df,a5d150d2-2516-45ec-a5e0-e632e0312e4f
df,46389c37-6836-49dc-a677-a2ea52edc915,df,0b5e6a95-fb76-4fdb-bc56-7b8494d327d0
df,3aa9bab3-d465-4587-b2a0-bacbd99433a7,df,e95dcc38-e8db-43c5-aed5-c186cd164eb9
df,e2fb40c8-0dac-437f-b01f-889db8a84c47,df,8ca17e45-02ba-42ed-aedf-bab77ed67ae2
df,4afd2b93-a910-462d-888f-c072dafff896,df,66ba96c1-60c8-4a52-b105-ecdb1f558141
df,c540cd5a-c6fc-48a0-a928-9710d6a5d96b,df,9bfde2fb-307e-42cf-9fdd-8ba35b26b3d3
df,c540cd5a-c6fc-48a0-a928-9710d6a5d96b,df,4b195793-e89a-48d0-b17f-849b3c120690
df,9bfde2fb-307e-42cf-9fdd-8ba35b26b3d3,df,4b195793-e89a-48d0-b17f-849b3c120690
df,a2a4fb8f-7782-45a7-bd20-cc58c97f5971,df,dabd2579-f795-46e7-8bd9-38c49a58a523
df,26519b81-4fac-43b8-8c40-ac256b95b930,df,ca15446b-bd4a-4f5c-93af-3d83cc670d33
df,18dcfa29-dc26-42bb-8892-159f4fa3a68f,df,64a1bc95-f8ce-418e-804f-c763328de735
df,18dcfa29-dc26-42bb-8892-159f4fa3a68f,df,45f3bf71-aa76-4873-ad06-7be6cdd3664b
df,64a1bc95-f8ce-418e-804f-c763328de735,df,45f3bf71-aa76-4873-ad06-7be6cdd3664b
df,863e52ca-9274-4383-b0b0-6d3d1a8b9a00,df,64145879-ceb9-4acb-9a48-15408cbe5832
df,8df33ca9-1747-498f-a70a-72ed8b401dde,df,cd95b721-4160-4200-8e79-5c3ee91d5802
df,2c1f0974-5460-457f-ab6b-014b3f579926,df,2e6227d6-a88d-4f82-af79-7f76a540b3e1
df,b342e2cb-625f-43ab-a77d-6d0804fd8f62,df,65831547-0a08-4d11-b661-48fd54e05f07
df,e6ce40a2-90d8-476b-a5d7-0d0ca6485f93,df,4c083b7f-bd8c-4e11-bd33-c44f008685f3
df,6585559a-5741-4a63-bb27-6bae1d199830,df,2adf8f5b-5cc3-4e99-b0e6-005e30078f1e
df,95107c93-b442-469d-967b-ec59b10df297,df,254e2ad0-d67a-41a1-9910-6f016363f356
df,453893d0-4dcd-4def-8359-09d5a6bd53c2,df,b931a06c-e45f-453a-8ebf-1834084f76fb
df,354c1d1c-5147-4fa7-bd6d-61f6ec0d988c,df,bf95c063-9e9d-48e5-86d2-8dd135aba81f
df,8af0b9b0-36ff-4004-baf5-9c595c502d5a,df,5dfe2537-81c1-4adc-8c43-f459d3f07b8b
df,d295dbb9-4504-4d48-a5a1-dfc42510f86d,df,645cd0d0-57b6-46f2-95e2-0872ec9eb580
df,30710345-443f-46dd-bfe1-e40665270e92,df,a7d3b35a-6a7f-48e5-8da3-65f46c323c09
df,3bdf6700-79a9-4038-b3d1-621aaa3ebd02,df,e72a0b44-6c91-4102-8c5a-c0567e2c0ec2
df,fc694806-2732-433b-9534-bde0412555ef,df,86218650-3847-4475-8193-e9bbb2f30b0b
df,cd2ac7fe-9819-4fd3-924a-e5288b275cfe,df,4b79ebe0-c8fd-4b30-867a-f160f7fb06b9
df,09b873fc-42df-4e13-b88c-7b6ffa014026,df,3b6eb521-e6e2-49bd-a347-dbeaa780867d
df,5de20ab8-cbff-4665-be24-6812aa902405,df,a7a67789-8527-4f35-a9f2-a723d2070f33
df,840f30af-fccc-4837-8ee3-2784379e092e,df,79d7e472-157f-4707-a0b0-cda93d707b4c
df,370cfab7-1c72-417a-a4fa-94e9592622e8,df,a88cd846-0050-47b7-b13c-9e8174d8807e
df,45e049e9-a556-46b6-a10a-bd03956b8bd9,df,08b5ba6f-b83d-4715-84a9-7ff705c18506
df,b776f593-74be-4dcf-9984-fc8913ade930,df,b642f4ce-2a57-40c8-8bfe-00518f167574
df,04ed6df7-1371-4e6d-a4ec-89b6cc9b9713,df,c3ba8c95-50d7-4cf6-9b24-bbb2e8abb063
df,1e367a19-920b-47b7-a679-d46fb9823b43,df,bccf5bcd-efb3-4386-b324-d45f7aeaf82e
df,5838a804-3766-42d2-a24d-f159dabf4be0,df,c734b381-0561-4cf0-a845-53ec8a615e9c
df,5940f375-affc-4281-b594-6be68bce4667,df,1bde1557-a879-4884-bc50-14042240c0ff
df,6168ae87-bd17-492f-8cc7-5d0449a759bd,df,66b5e5ce-0533-4674-8164-6e5390f60c4a
df,59f826db-3b27-4292-ba99-760d7e5e80cc,df,ad2bdc67-3fd5-4788-a495-0b1d3002f6f8
df,9115a298-0af2-4a66-85e5-a560ecb3cbd1,df,4e4860d6-5366-4a96-9f36-4bda7a6c818e
df,f3bc4b4e-e14c-4409-8a6d-31ec91e19e97,df,5e2d2398-86a2-4456-beaf-591158ec67c1
df,ac6c763b-1890-4930-8de3-fc450cf40b24,df,494fc2b9-2a61-4a38-9896-54594bf4053a
df,f61d69ea-5805-4c85-8d13-61c918d58559,df,cf932a59-d0e3-45ef-a915-a78ab7939ca3
df,6632af66-64f5-4199-87db-f37cd62ccc27,df,25432102-1dfe-4830-8392-2b3111e72cac
df,fa5d2236-1238-4f04-98aa-e30d060bf1bc,df,0407b0ec-0f86-41e9-80e0-1a05eafe9d6f
df,0851dbce-553d-4f4c-a4fa-de3592a84869,df,3c5c287a-0eba-413f-b9e7-4f8a15986d58
df,8c58e4cd-291e-44fc-b4fa-59166f7dae5e,df,8abd3c52-37ff-4c1b-9c79-c6852e7ff483
df,234cf294-6a9f-48e6-945d-d29029885f94,df,a39b43ad-9a22-4b1b-842c-fb0f35cf929d
df,d9f5b7a3-025f-4424-926d-d69c84b102ff,df,d0dca258-3113-4a02-81ff-ae9a69c30b1f
df,ee1abc01-4010-48ad-908c-1ebdf27b61e2,df,8f73c186-b940-47b6-9dd0-bb4e30217591
df,9b6cde66-7e0a-49aa-a6a9-2e9214ab72e2,df,e70cb3dd-3208-44fa-8f81-0259dc8f9b1c
df,c2af8c01-bde0-40fd-b206-c502e4b9c57a,df,1905968e-1717-4c31-b46c-d28a47df44ee
df,d98a9e3d-cfe0-4313-87b5-786e5af9f9ce,df,c4c6a524-fa04-4dee-9a40-3538877f0b2a
df,54d531a3-e7e1-4c0f-9705-4d60cb41b424,df,882705c7-e5b4-49db-b446-e8b6f17fc686
df,3fa2ea58-6505-4259-9d19-7813dece06f8,df,9bb35d20-2085-4339-8485-847815119ec9
df,ebbf14c5-9ab1-423d-a3be-efda23072107,df,16431b04-dc9d-444d-b449-95d0c8224b7f
df,30cc5d45-7423-45a4-bf45-8dfe352ee96c,df,50740b0f-d88c-4508-a24f-c3525967f8c6
df,053dcdca-8f68-4fac-8e03-0c9aa67adcc9,df,2831a58a-8802-4760-a4df-be93ce676ef1
df,25df199f-fbf7-4be7-b9be-4c95dd2211be,df,88abb9d3-6419-4511-a96c-dcb5e1e50b77
df,ad8efbb6-a075-4b83-9537-b4e6420bbe81,df,b77b11d0-335e-4956-9c62-47374824cde7
df,50a9fcd2-6671-4398-922f-270586349f2b,df,4d77c37b-4ef6-42b4-99a8-99f79811f2b1
df,aa068a31-edc7-434f-ac77-d86bd08e21a5,df,57f027b7-6687-4089-8f28-9c0f97dbdbc3
df,1a7197df-8900-4f03-bd14-de57f7a26dd1,df,0a44d89a-f67f-479c-aba1-f1fda02fa91d
df,d6f150ac-0f2a-4b7a-9bd4-3d4c4988334e,df,f919397f-34e3-4a12-b407-8ab7b71c1863
df,544f5a82-52b1-450f-9120-5cb113b494aa,df,7fc3a9eb-a90d-40eb-813a-3b3404cdabf4
df,70418aa8-1045-4e8e-b957-4cdc5518ced9,df,a13865b7-8c30-4231-9220-24b3debf00f5
df,833fe470-6bb9-4eb3-b894-34435a00a606,df,96a10561-2cae-4a32-8934-feb108d7c63a
df,42302aff-cdc2-4108-bd87-a9b0f9be032e,df,999657dd-4833-40bc-aba2-4d36de2d7442
df,7232a556-fc41-4e8a-953f-d0b4116b7cc1,df,c6f7b99e-31d8-4010-8abb-7a9f27ef3840
df,34bbc94e-8e09-4887-9ca7-d838ff4dc1f4,df,80526f2f-fe44-4b06-a730-470afe7264f0
df,b0b6eec5-c7c8-4e9e-8fb2-1edcfc8d2d87,df,68c4116c-ae19-48cc-ba2e-1a349498d43d
df,82410f60-2c31-4e33-9c1a-bbd4a1a4494a,df,5394db0a-9d98-40b6-942c-3d8966fb5f94
df,2e157df3-bc60-4b23-ad9a-844fa82f99b1,df,28bba2be-8806-475a-829b-3cfcaa5c8e3d
df,5c36b4c8-bd05-48d2-9395-0c04229e95f6,df,001034d3-47ef-48f2-8de0-69efb04d0e77
df,baec5238-f206-49ff-9586-cf18c7820629,df,edfa73e4-addf-44b8-a2ea-c677df0fc84c
df,3e1eddb5-59ef-4399-9a1e-b6826bdbc30b,df,dddd0cb6-36be-488c-bd8a-77a5dd27b9bb
df,90d9fb46-c612-4fa0-8517-4df4e4547441,df,1d218ab5-6966-4333-8998-c04cdada24a6
df,59ff42de-09b1-4e19-8e01-ed23ee0c8565,df,765f3985-9d32-45f0-83ee-f2bc7125824b
df,d71e12f1-30d8-4456-9afa-255f9212072b,df,52472792-a9f2-42c9-b8c6-4f07bbce996d
df,41bf3ad9-d246-4745-8cd5-99347d034202,df,293e42dd-3706-44a8-bc23-054ef23914c5
df,41bf3ad9-d246-4745-8cd5-99347d034202,df,535a6018-381c-4816-99ff-97d354e8a038
df,41bf3ad9-d246-4745-8cd5-99347d034202,df,bc35dc7e-0cb5-4e44-af0e-b0ea01d699dc
df,41bf3ad9-d246-4745-8cd5-99347d034202,df,51870d21-759b-4a37-8ae8-ac674d19735a
df,4203df20-583e-4fd7-9f5a-7f80ac92ce6f,df,7ab9ce48-c50c-480b-b635-dfdd76163ba8
df,89a1a527-95c1-4575-9a10-5bddb4e3f8ee,df,b9d38b4c-510f-4311-b84f-aa8387d56bdd
df,575efbd9-9370-4294-80fb-870f4bb86a4f,df,52a0d50d-1436-4bd0-88df-a4f2d94eab1c
df,83a74c38-dbb4-4fbc-ab95-b4632d42bb12,df,026bcac9-2ded-45b9-a42b-dc12e6ca4885
df,730e6979-45dc-4b2f-9991-09889057e96f,df,e88dbb4a-376c-4043-9ec5-9ff5ad719301
df,474f54a8-d016-4f68-8a21-b9cb6fa6b4ca,df,67f3d240-94e6-47fb-86fb-82887063b2ae
df,15e5a4c9-6710-465f-b88d-77e42d46c325,df,2f90db0d-85fe-4f90-b21c-40a11f9e9493
df,5c1f4ad1-5df3-4c0a-8211-d1ef0eb1dbc5,df,2f90db0d-85fe-4f90-b21c-40a11f9e9493
df,244853f6-7193-4972-9f8f-41cbfa414630,df,9415e5ba-c6b9-41c8-91a3-bfdd16315194
df,107f566e-9b52-4210-846a-f51436a282b2,df,0db6c618-00a8-4428-b8cb-c105c2014ffb
df,827ab8cb-1363-4124-a64b-38c518949c5f,df,3f41d23d-8891-42b6-9d0d-dd84770f6e31
df,9056e2fc-c553-45db-819f-4c16f73b3ba6,df,efa0cf18-8f2d-4a80-a887-e79b5e59d74b
df,9cdb33e7-7a13-477a-9792-59e77db70b94,df,55803873-2d3b-4f3f-914e-845bf66883c6
df,6fb5c6e6-1323-45d8-a216-0b7e7ab79f17,df,7d144367-7931-4d4a-8cf5-9bbb82c2f043
df,17cfdedc-46ad-4bad-9283-58a91de3d77b,df,9aecea58-588b-4202-aa61-d0907f581b94
df,7cc5beb8-6750-4812-bdc7-773640ec23b7,df,5bd49b76-9da3-4652-966c-4f63e259c959
df,a6a9c652-ae8c-417a-88ec-2f8940a816f2,df,762e052d-a543-4f34-86e1-c1f3beb32236
df,83237588-936d-475a-beba-cf7edc1d4292,df,d5547516-a405-4f92-aa9b-b7e45dc2f2ec
df,0457194f-a256-438a-86e6-2f8f03b8a59e,df,0dacba82-5bf5-4edd-b5a6-ae8bcc6598ac
df,e2765d1b-37b5-479a-ad97-c074c6ee336d,df,bdf2c407-f55a-451c-9236-679e86d26ff7
df,47b548e1-b466-4657-9dab-72f69a174082,df,6e121c33-c8c6-4a7d-9573-631869e96d97
df,9487e1fe-7d3f-4229-9f00-ff3e109607fa,df,9c2efd90-30ac-404e-8dc2-82aab9f5969e
df,f758e21c-4914-44ee-aea1-e7759088a54a,df,005bc2ef-14dc-46e4-91a1-31f0659bd616
df,57721e5b-fa73-424d-ab95-f80c4777d07e,df,37e92569-4ea0-438a-9218-84417525c5b3
df,d5451356-130b-4c30-b410-07857d57570f,df,aef2cbed-a200-49d6-8f1c-46d3da4d368e
df,4b4626dd-40a7-4931-903c-a645fa4870e5,df,6ff07452-43d8-40dd-ac87-ab30d1a044de
df,9f5669fe-6864-437c-862d-275d385fc685,df,869adeed-197a-49ce-8385-cac69acfd59f
df,11d2465b-cfe3-4ee2-b6a8-ef7ea4f2e300,df,53b0b3d2-eff7-463e-a95b-84a6d50d7389
df,511f51d8-c70f-48da-9d7b-47db4ae52dce,df,dc72c6b7-8319-42d2-9c92-22aecc9b9546
df,275cf597-5c28-41a9-b056-0de2cd743d03,df,754b5369-e40e-4346-832d-2174d3553ada
df,6188c82f-fe6a-422a-85ba-806d75f95aaa,df,9b924e00-c16d-4f5d-a92b-5d32f737cda1
df,8bae3bf7-d99e-4e67-bac2-b5e47a7a9a65,df,68cfc335-450c-4c14-87c8-e0a20bd4e230
df,117d13ac-dcfe-466a-9b5e-5668bc10cd0d,df,46c8057e-84b1-4d06-aefe-63df662305f0
df,cd4483e3-03a0-4fcf-9ca8-4cf303bd4755,df,f251292d-bd11-465f-9506-73400fc37288
df,8aefbd8c-1b0a-48d1-906e-bf5915b67b69,df,a51026d7-6185-490a-9ecb-81c58dbe8660
df,7dd4f839-1f4b-4b32-a0f1-7ff681bf74a7,df,a72cd04b-78f2-46d0-bc8a-3175c3e7cd9f
df,94ab24c3-eab8-4dcd-91de-b4e30833cb84,df,40fbe868-f022-4e67-b435-1d3b0601a953
df,c324a191-d758-4789-b365-fa39f0bcf5dc,df,ec84a733-8cde-4185-b55d-81ad125546f5
df,f626a030-7638-4abe-a173-9425d3ab324e,df,d527ac2a-5962-415f-8cdf-513ba1b646b7
df,73842bac-8811-47ed-b670-1d0cd85bc169,df,1e667660-1e7f-4b68-98dc-ea6d8eeae3c9
df,94f9b1b7-0658-442e-9c12-9e27aaba6d5d,df,681f4dbe-7a8a-417b-a7cf-fa53cfb30fcf
df,aea10d2e-58e0-4633-a9d6-509ec021322a,df,d0da3663-aae8-4852-8585-5572f99107df
df,d1d26902-5ca9-4c7f-bd49-492b36079144,df,21a08910-bfcc-4306-a809-78900f1a9869
df,2ef32113-9ccd-4540-99bd-fbc17d25efa8,df,b2889287-5711-45d2-a443-1552b0431b29
df,adb5d7a4-e25d-44b5-823a-c82aebac616b,df,50a81f58-122f-41cd-9b87-7704453217af
df,235cf79b-80e5-4d61-9d74-a289ea62aa65,df,83ab11f0-ba15-4939-9e1b-b2625ffec1a4
df,12af4c1f-ea84-4334-a8eb-517056c8f00f,df,3d8b9243-ac09-425a-b1f9-6a08e1e88677
df,0b4ef780-91ee-4991-a56d-c1b97bb91d04,df,ec1b453d-33be-4718-9ef2-aa2205dfd639
df,be5fa79a-5944-44ca-99d9-132feda5a563,df,c4f7d00c-6bd6-4d9a-9932-57cd0f520d04
df,8db9b0c1-c1e1-42c7-b6d3-a5c295d919ea,df,f11f74da-99e7-4e63-b4fd-3fadd835e55f
df,7b26f725-f9ef-4efd-a1e8-521902acb321,df,bde33798-e311-4166-a1f1-f7fdaf87f225
df,44b968b9-bea5-446a-99ec-052cfa387b85,df,fe7aea22-0569-49c8-88b5-55e4def4ce11
df,d16a4aeb-ba2a-494f-aad3-49cc348ac2b3,df,f19429c8-09d0-41c4-a27b-f58d306f7487
df,00576586-6ab1-4fc2-8cf8-323c5b5f991b,df,065c61c1-18d4-4f97-a100-421a5da4a873
df,fb546e36-033d-4c40-8bec-ea45a54580e4,df,e1678129-7d06-4ad3-a578-f141da4e1119
df,ade4acc7-e996-4991-be29-2a296d51a2c5,df,f9d65374-d267-4a8f-880e-b033c9f8758a
df,782d7770-6b83-4196-9872-f3508200ef03,df,ac22b467-114c-486e-8da5-94f597ff4ed7
df,007aa6e7-0119-4d89-ab10-6b6d67493114,df,f8a7c7b0-bd26-4f6a-8a9f-58ebb4e200a8
df,689483f3-76a5-41f5-b8db-38e6b3000462,df,28fea9c8-dedc-4bb9-9fba-e659544e775d
df,42d3af14-ff9f-4419-b957-cecd8229d5ac,df,541a3bcd-39b9-4be7-bd17-d71cdbd0922e
df,c79c86b0-54cd-4795-82c7-4c8208890094,df,b0d5a7ff-2836-47a9-9326-39608c98c8b5
df,3a324eca-79e6-4910-a7d5-642276a7e7f8,df,ac4da0a4-2644-445e-a4da-e4d2ac282845
df,e27f44b4-760f-49a6-af19-b61033d193d1,df,91dab025-8062-4044-bb9d-78886450aa3f
df,3457d16a-26be-48b8-a534-1b075b837317,df,03f9eee0-004f-4cd4-a325-65a52403d402
df,f60ae5cb-588b-4ef9-a3e8-ea4644bbb789,df,ed646fb2-22fc-4e41-8f6c-7590342a1fc8
df,a068d406-e411-40b9-be21-ad84b675f8cc,df,e74a2bad-01e4-4668-bcfc-90e900da609a
df,264a2234-5fe9-488c-a9ec-00bb1953f62b,df,220c4ed1-0df7-419c-b8f5-bcecb6d7eedf
df,5e75165d-5a86-4c99-abdc-7c0c9b213bdb,df,55c1e33a-3509-4079-b783-75273053395a
df,c00a6fc6-8565-4909-a82a-6ca7da0c89d5,df,7db9bbd8-241c-405f-9db2-2d32d19aae0a
df,091c25c9-cfb7-4f69-a336-9c59aa5a42be,df,8b462ec0-3fd3-4ed7-b4c1-b59b1ede1fc1
df,586c894b-fd42-4468-a92a-4f114e8d9df1,df,4b4ae054-dab2-40ca-9224-3262d83a443f
df,b66715a1-a2bf-4073-bab2-c613bc300118,df,5495a3ba-3d33-45c6-9a32-a1a83371b1e3
df,a59791cf-8cd6-4ba6-b488-14628da65dcd,df,3bbcae12-986c-4815-adf0-d1425ca798d2
df,a59791cf-8cd6-4ba6-b488-14628da65dcd,df,984a9fff-33c9-4df7-824a-17ac1279e498
df,3bbcae12-986c-4815-adf0-d1425ca798d2,df,984a9fff-33c9-4df7-824a-17ac1279e498
df,fc3d3f1f-c121-44c3-ad7a-1ea25d128df6,df,80e94982-4d2b-4d68-b964-b4771e17c033
df,5ec7a3f9-032e-4b1b-a7a9-8447495a8baa,df,aa0d10a0-d166-424d-91e9-db73e2b97f14
df,dbda42aa-7d7d-403a-ba66-ff0db44f413d,df,264fc7fc-0719-4c74-9a39-8b729e486766
df,a0a909e8-6249-447a-b004-d0b96e49d170,df,4bb91463-8626-4cf5-8aa4-fe819c1b4d48
df,53c66377-8578-41a9-90bc-f5b3875c5a74,df,4da6ba81-375f-464f-a0ec-336fc6b3b737
df,8863a14f-bd88-469e-a1fc-60c1f1904801,df,2f863e0b-3d02-450a-a065-d9757111b6ec
df,183b4829-02e9-4e00-bc36-bf47ead79b88,df,3db61f5e-063b-4c29-ac2d-7ea4e6e19230
df,3209c792-1ef6-4ee9-b191-98f5bbee584f,df,83fdc206-1374-4865-aa89-bdc26d3ca671
df,3209c792-1ef6-4ee9-b191-98f5bbee584f,df,3db61f5e-063b-4c29-ac2d-7ea4e6e19230
df,bcf44abc-28d5-4ee7-8973-bcca7928ce5e,df,e503ed18-bc3a-4aaa-bc08-4c96804c3b39
df,06cd6fe4-b179-47e3-a4b1-3aab61d8e936,df,5965a74c-aa6b-4b80-9388-eac1a36fb70f
df,e141db34-1c22-4b23-8f0d-ca9e73f836ca,df,d5214810-eba2-48c6-87b0-20ac81996319
df,2bbc9505-a7d3-4860-b4dd-d8dfec2307d0,df,63c798c1-3a8c-4503-a2eb-014ca1379604
df,ffcf6071-40d9-42d3-b376-d0437ec46ba4,df,c9bf6fe4-5b3b-4cf9-9f1e-410738f05057
df,06b5e8e2-a93f-45e6-9e91-f39ad4f5d20b,df,08f3c729-0041-4ea3-8e74-31a594d0ff31
df,45c22742-5f4f-4397-8244-30a52ff32034,df,c439ddcb-84c8-446c-a417-a4e618d6d9af
df,df47250a-4ace-4cc3-93fb-0451bad26914,df,da051448-e920-47ef-b491-a4a31c359ebb
df,60a7885e-88c1-4ea5-8cb2-b64ea628587b,df,8633a189-0507-4787-a7f0-dd359e05a9b1
df,c72f00ef-2769-4c70-8536-1e4e0a213bf1,df,cd57a617-fee6-409a-9776-428622c80675
df,a7c028a8-b08d-4ff2-92c0-a128caab121d,df,c77c98f0-674f-4713-a1ec-bb9734132382
df,992345b3-d6b2-46b1-83bd-8b3ca617e89b,df,31ddfe68-78c2-46b4-a00a-ec0f687abd28
df,3a68bd5d-9c78-4bc9-b95b-48f3513c95e9,df,81397d8d-40d5-4ffe-a151-289abac3e74a
df,03121a44-996e-44b0-a5ac-432cb6ff276e,df,4a0e7a22-0e9d-481a-b419-f56ff49c6493
df,56ef337e-10a8-4f93-83a5-ca8d9f817d0e,df,0ead1cdf-9456-44af-a3ac-5d932e24fa8a
df,a35447f0-2c45-4311-8063-ebcf9c330a19,df,7aab9706-b6f0-4db1-8d8b-652b235ea909
df,f9387c9c-2e4e-45cd-ae0d-ffdddcba79d9,df,f3cb2254-b6ae-4045-9f5b-442cf1d6ea82
df,c2bec3a0-e6af-4174-9423-8125af9947e1,df,7fa9a4fb-3feb-4647-aecb-6242c4a1404d
df,3efcd1a4-0b85-48eb-a178-d0d862c12616,df,ed8dc5e9-e58a-4db5-acd8-a5cfb3795795
df,93a701ad-b5e2-401c-81ec-64241e63bede,df,a51c13b7-2686-4ae2-8211-ac106fb44cfb
df,f294c56e-702f-4f87-ad6a-98f77ec3ed1f,df,d24e3f7b-a711-411c-8755-08364a741069
df,e28a79eb-08ab-4880-a583-0d9c96af9635,df,1e1dd098-f735-413c-b1ef-0295e62302af
df,24070966-80ef-4754-ae6d-42daa1c8a600,df,d95f7b6c-4f72-469c-ad2e-5847095ea9d3
df,29e2cc44-be37-478c-b50e-bf44deb51ca9,df,7c1267b1-feaf-4329-ab65-1da40284b163
df,982a1cb1-001f-48e6-848d-92c66ff92e56,df,1a5bd3ba-dc20-4a3c-92ba-7115ea1e1517
df,b672c430-1c37-455f-8554-d22fb9d45e91,df,3e2815ea-fe45-445a-9aec-3798787291fc
df,e792b3cb-2f21-4b71-bb7a-1a4d387fb9f2,df,82d26ee1-60d6-418d-abd3-a1e307e0a011
df,4ffffacd-7498-4f36-b5f8-e9e19b1bb6a2,df,4a5c75a6-2da1-4cab-8ee3-93a917c96c87
df,4a5c75a6-2da1-4cab-8ee3-93a917c96c87,df,1c359990-d158-4894-8c6c-543456b89b67
df,695347d0-e745-4a19-806a-a1c75625d419,df,e0a6d17b-c29d-4eed-a509-cc5882267aba
df,58e5e33d-74c9-4f61-8956-b7fbaa167ec8,df,4db47b52-62ce-4a0b-a218-19368bdea20b
df,b01703d2-6091-4a95-8b70-411927838e32,df,efb738bb-fb03-4c12-a0c9-690f4d01d195
df,3dce7986-3f79-4f86-9991-a8eae758ff33,df,2a8be411-146b-413c-bfb9-bb51a3e5e801
df,86c7bb8e-652c-4c3f-aa52-70b0106ec5b1,df,de0b77be-28b3-49b8-ab8d-044313f3e852
df,a4039595-e037-49f6-85f3-eea781172ce4,df,a9343873-f2ab-4afe-8658-b37b13afdb6e
df,2aaa6983-68b0-4e41-ada4-cd811068e0f0,df,21e84bb8-05e1-42c8-a4e7-7696aed78f98
df,61a1f0a2-f328-41b8-be8e-c597613c87f1,df,cb373ad2-3aae-4c73-98ab-b1e1e91efae3
df,e0cae079-102d-4e1c-a32c-fdb93e02d6bb,df,e5195fb8-55e8-40f0-b017-6e7f9469885b
df,e0cae079-102d-4e1c-a32c-fdb93e02d6bb,df,55281cad-761d-4d20-84fd-84a44b8913b0
df,f24d4f59-9b6c-4b69-8948-87abbae324f7,df,088059aa-d9a1-486c-b52e-084c8b5b9b72
df,094d2223-22b1-4037-8f72-4e7be2f0c0c0,df,321d7cfd-410f-44eb-9870-8611f19dcc39
df,76485cd9-ad66-4670-a8ea-c162d4285b2c,df,240001bc-1b4e-4084-aa6c-85ed19056153
df,f3dbb394-add3-4e54-a752-38143ab08ed1,df,29c24069-a8c1-4b39-84c7-0b9b6d1bd541
df,f3dbb394-add3-4e54-a752-38143ab08ed1,df,28108816-7afb-4247-af69-5964207a3e58
df,9ec45145-29ee-41a5-9477-d42f1178860b,df,d9803804-aafa-4caf-afd9-1908bd980be0
df,b1eca8ca-e80a-4ed4-a64f-1ecd65eb8a92,df,b80dcccf-4bb4-4e62-a54b-677e4260044d
df,492cf040-eed1-4572-bcad-c88b1b15c4cf,df,be60aab3-c1eb-4f24-87d3-9c79312c645a
df,ef56a8dd-c6f3-416b-8a37-1ea5b5b434c0,df,3ef9f4ea-7f57-41f6-b034-4297f6c16fca
df,af24bfa3-40b0-4fe1-bc70-dbd9c7b10511,df,7f45e3d3-a9ca-4d00-9d71-f7bf8cb0e0d9
df,6439d188-8c62-4475-9234-3d0621179e12,df,7da0a38b-06f7-4d72-bfb2-a1d3dd2c11bb
df,1dc04756-85d3-4926-af2a-a754ade5b068,df,83af8326-f225-4d26-91c2-5aa66065e3b9
df,cf3a3dcc-c6ab-4c1a-8e86-cecbe3fea89d,df,76e0c44f-0679-4437-ad05-0d812625edf6
df,eeaacab9-9b1b-48cd-ab89-78814bc8a279,df,4b6cf72e-bbca-4371-8561-d72c1b0eef1f
df,d55de5b1-6bd4-4e5e-a3f1-10071017b0be,df,ebff92e4-9b92-4282-99e3-67b3c3be5d4e
df,1b4bf61c-b6d0-4fc7-9fbe-7d5211b256d9,df,8a99b08a-c3c2-4ede-9340-a83fb55847fe
df,beeff709-1e21-41fd-a4c0-1f48fd43ed73,df,278f57a7-2025-4be5-a12d-8efdfc936ea4
df,6d979530-1c1e-4947-8ffe-e395aaf1e4c0,df,62d91b29-cd20-4bc7-86e9-559b851f679b
df,e6b76965-540a-4498-8f6c-35a462504aef,df,e20a53f8-b18c-4b64-9c68-620585c1ecb6
df,55b8b910-2458-480f-830b-c459007cdd17,df,af71f8cc-ac91-4ddc-8702-46e7a8b5d0b0
df,3edff918-25d6-4b40-831a-e46caa708a93,df,49887e11-4aec-4d1d-a81a-629af748697c
df,a007e79c-c450-493e-84a6-aebb0b6ba40a,df,9ea78a18-417b-4f2a-9429-6f34ab61d571
df,44427aa3-b373-401e-b077-1b96d8bbc0e5,df,7ea2b038-47fe-4d10-a28a-2d285cb5f931
df,133ecb97-12b2-421a-80ca-2a6cb663ff4f,df,7e412e0a-4c1c-4ffe-a64b-e2c877c1fb28
df,7be0f64e-5c0c-4222-a8b3-34282c386eeb,df,0a61bd86-8088-499a-bf2f-c8327f08d2d2
df,98216192-d5d0-48a5-bfeb-8c86e4244edd,df,0288e444-2d2d-48c1-bdba-b00121cc4af5
df,1d8f5fb1-7fe0-41fb-a2a3-5bb2763e1802,df,c3983b72-dc53-4652-9282-01beeb257129
df,36c56051-21aa-4795-80f9-41fc025f49e1,df,723c89d5-038a-475c-8d4a-0c5dd0705e0e
df,ec06346b-2521-4065-b58b-020209982c2e,df,8783edff-1910-415c-a3c1-6f208255a25d
df,9a8a26be-8af6-4002-ae63-65b4b7c234c4,df,a3fe9b8b-44a0-4e71-9738-d34dfe7e1b81
df,9a8a26be-8af6-4002-ae63-65b4b7c234c4,df,4afc6214-9a0c-4006-9d33-f282a9b82a1d
df,a3fe9b8b-44a0-4e71-9738-d34dfe7e1b81,df,4afc6214-9a0c-4006-9d33-f282a9b82a1d
df,0a4fb054-b6a9-4804-a875-ce46ac7e1a55,df,744d31ce-d8c1-469b-a16a-beeb9f5bb425
df,cbcb3758-0160-4997-8c33-2734edebc370,df,25472a0b-691b-44e7-8618-b5c8887da0e3
df,74ecff4b-e1a1-4547-a214-e926e8c24531,df,11f5ac71-24ba-4f0b-ba65-e6b0c7eadac6
df,d298216e-001e-4b34-9f65-a1e016fae4f9,df,69504152-a226-4128-9cea-8aac0380794c
df,0180d445-e2bd-44bc-9b05-c2862893c5d7,df,cd95da90-5672-4fbf-8c56-1c35e7139209
df,78b9de75-d3f2-41a0-9365-e59aa262cd32,df,a29a1e56-a093-4493-b0d6-df3b356d9980
df,3e565a12-f91d-4df9-94f4-a129f8046df2,df,31e6ecd6-e57d-44f2-affc-a8ee4126d68d
df,eacb8d7b-fccd-4048-9d69-78751adba2b6,df,07617219-b6e1-4e41-bf02-c0538f18eda9
df,eacb8d7b-fccd-4048-9d69-78751adba2b6,df,b4c5d976-d95e-4253-9fd9-a28e5f1a9310
df,e43f9eea-b1c3-465b-b4eb-2f3b32fa086c,df,72d4cbfb-162a-4254-a54e-c7c7c7e5fe8f
df,f5876d43-412d-4428-a277-a9a086ed7e19,df,1b268524-a374-4d77-ba75-78f5d0459b67
df,ee4ec6a6-3722-4849-88e7-e35a5211be0c,df,8f42aad4-81e5-4b99-a8f3-260dea4adead
df,4baa86d5-4aba-4648-9a8e-10a7341ec02a,df,86bdec81-5bac-4c5c-8570-75b527841056
df,00f921c6-6d18-4966-a46e-8f79c493bb45,df,237728c3-e86a-4418-b652-698fc35600eb
df,b5af4568-a69a-4a7f-a342-fae17874887b,df,c17260a8-4617-4b36-999d-4676333c314c
df,3805709e-fdba-4b08-ad01-5499e3942429,df,21b7d8c1-9cf1-432b-9271-6699c4e575d1
df,deaf6226-8ef3-4a43-a7e7-e481c8165a0f,df,d79861b4-28c9-4c77-af5f-7b88d9c1874a
df,a4f57ffa-660c-4f48-8b67-1ff29f311193,df,550ac2ce-cef1-48e4-a521-4a4f10040f28
df,dd5e497b-6728-45a0-ae73-935eb3127a3d,df,202f477f-1442-4e45-b128-c5565971d3ab
df,f89489a8-9273-47b0-ace7-a4eaf440095b,df,3148e8a5-57e3-462f-ba20-29e27b85a640
df,cde71a5b-aa8f-4801-a2d5-3a3eadee7c1d,df,f8c5d088-f7dd-4b5a-90ec-5703fef374ec
df,6d4d7f73-304e-4340-a6f9-8683b7436775,df,b4d8553a-680f-43e3-a66e-c0d478a08f6d
df,0436eb67-e43b-4fb6-9957-588118665846,df,395f7f4b-39c6-4a27-aa69-b80e59246420
df,af809227-34c3-40ae-b7c2-f7f02e4da2f8,df,1e2c92ca-dcfc-4100-96f6-5a03a3635903
df,46abeb44-24ad-4242-8e0c-d56b836ec827,df,1828b3a4-e8b8-4642-9d8e-47df0914313b
df,4535055d-6dc2-4989-95cf-64cff91aa596,df,c57714cd-3d5a-4bdb-9d4a-9a5f5741da7a
df,21e8cf4b-9704-42c3-90a0-05553fa92216,df,7734dee3-8462-4c43-86b7-84f95a005d18
df,e273efa5-30cd-4edd-9506-4c1c69909d10,df,2fef0da6-4393-4a98-acb8-d0cdf4822525
df,572fd81d-86d4-4b8c-856d-5e6c0dec5623,df,dbdd0fb1-268e-4db5-a1b3-2ad73c1ae006
df,3c11a9fa-741b-454a-81d5-964d88730aff,df,10c07f15-66e1-4729-902e-00ae2a476aa8
df,3a3c85c1-ea76-438a-9cda-2dfa6a4a1866,df,8e1c4a3a-0138-470d-acfc-3b8f8b9aad31
df,8cbb1304-75c1-4164-839c-44d960613681,df,a8700469-38eb-4b90-a398-06d804d974fb
df,7ad7e96f-d7fb-44ad-a5b4-01c62911fdda,df,19b991d3-60b0-4600-959a-44e252cfca04
df,45ad202f-44ba-470e-a3c4-44af50c0365a,df,665ae1fa-3bf0-4d7c-80ab-343fb6f8bfd3
df,bbb9e95b-5824-4499-aa1e-be3050dceae0,df,5357ad70-e041-469a-b482-9c9aa4db6ff3
df,bbb9e95b-5824-4499-aa1e-be3050dceae0,df,0f613979-5352-4a79-a059-db0ac60b385a
df,e4267023-e8de-43e6-bc48-10852e28fff2,df,24b74b49-dbdd-400f-bfbb-4eab010233d8
df,5463e48b-7509-45c4-9799-9e9c82dc8cdf,df,ef9777ea-31d4-40ef-b76a-e9d0f361939e
df,ad6c5313-bdc6-4953-960a-4e2674883fd6,df,8505b50e-d217-4969-a6a3-a4c29a5cc168
df,dffcccc5-d75c-4c18-9b31-5e7642897ac1,df,ea62e77c-10b5-472e-8ab7-e7b55b13a18a
df,d3abb445-596c-47db-ba42-231fbaa9fa11,df,b707d403-517a-44ab-aab0-bd3b9f79732f
df,47fd1723-2c01-4d07-a276-dff2f61d9e28,df,d91b97e3-a118-4b52-bded-385eb0ae09f0
df,bed6daee-754b-4513-8270-248512dc15e8,df,ba3391e2-9f9c-4944-a4c0-08ab0d5179b2
df,fd524b88-1298-43bf-9e6d-c2fcfce175c6,df,77b9bda0-0bc7-47da-8739-0f8d970685e3
df,8deb93b2-02a0-4616-910d-ca16a1c6049e,df,96a60710-3f87-4512-8be7-e2ccfaa8c037
df,1bb0f5a0-67b2-48dc-8278-d7a935bc66bc,df,41e254e9-8f78-400c-a375-fa638bebf941
df,1bb0f5a0-67b2-48dc-8278-d7a935bc66bc,df,712f10ba-2c1f-4395-afc8-a777c827975b
df,41e254e9-8f78-400c-a375-fa638bebf941,df,712f10ba-2c1f-4395-afc8-a777c827975b
df,d2b5464f-d9c9-47d1-8dca-9108858324b3,df,4a8ec102-568d-4cea-ad1e-2d175fb797c5
df,3b86bdc1-b8b5-49b5-900e-2ce27bcdb19b,df,4baa854b-3fb4-47d0-8d01-9e9a3ee80e44
df,1b6e04e3-1c44-4d44-8a25-bc95f159c22a,df,e1d006dc-c985-42bf-acfa-8f915406fa62
df,1758db03-7e09-4b77-8153-2ea53df2fab3,df,7d5e263b-46cf-4817-ae08-ca6b6b8e8d92
df,df6bdbb3-e10b-4250-812a-d09246fcc3e4,df,689b98b8-8c36-443f-8e6b-d8bc7d7c4ce0
df,0ecdb668-82ba-4ecd-a35d-de28cc73da9c,df,e4196753-ebe1-400f-9f2b-e9bc6fb60328
df,f2d89ffa-ce3a-4259-83a5-d7bed5cd93ed,df,e794b840-ebc5-4084-9dad-de91ca5952a0
df,62fb6b52-337e-42c5-9e01-c12e2f9c0083,df,687f21f7-29e8-48aa-9353-43664649c55a
df,87e1dd38-542e-4360-9797-c01b8442d97f,df,66ef6592-40d5-4bd6-aa90-980a0f8799c3
df,e3b58251-87d0-41ac-bcbe-4938a813f7ba,df,8808fd3d-1e68-4106-8d0b-6c93cea62df0
df,3f99a560-4fdc-462e-8b2a-fd49b2c5d3ff,df,ef496562-f916-45ed-bd77-33375488f146
df,d532fcd6-bc5e-4145-9215-c69bb2c7e85d,df,fecbad9c-33d4-4074-acac-abc525bd97bc
df,cd4b35af-5fde-4e35-8690-463ebdf46e2f,df,1bb8eb57-713a-4d74-9fee-16f5683d5a01
df,487144c5-aedd-4309-872d-a82261120e6a,df,8628a9f0-99dc-428b-9983-5a536c346927
df,e392f7f9-aee5-46b0-978f-1e636b36f78f,df,f454eb5b-4f3a-4dec-975c-450e2c42496d
df,35d5555f-dbed-430a-9afe-15de917099d9,df,255722e0-886a-4007-8165-86755fbfa29d
df,0bc287f4-f665-40a5-ae6a-62996eae8154,df,34d9a3ee-bbe1-42c9-9401-df28344620bc
df,ca4ecacf-3cdc-4751-8ed6-abef2a04a1b0,df,651ccdf3-562d-4e4d-98c2-f7315fa5f64a
df,927af659-3a96-4d1d-a399-ab428f21c5ea,df,6c5fd60c-e625-4439-a969-97504037546c
df,3a6ce03f-6108-46c0-b9cb-470be41558e1,df,cd064726-3ea7-4bf1-85f0-1ca296d76348
df,f9674d89-78aa-40b8-8505-4fd16cc2dc0f,df,cbe8fd30-5b96-48ab-b235-b5880dbfc875
df,b9cd6f00-19ef-4c76-acf8-13e8074d1233,df,57100a21-30a5-4554-b51c-5469e44cafd3
df,6be4688a-39bf-4d58-ba2d-c37380c76c10,df,eadd9a0b-6ae0-4d9d-b319-d336d2939d9f
df,a765203a-251d-40e7-af6e-44e0f05a00b9,df,a83022f4-4975-43de-96cc-a1c6cb20dc34
df,e5532e0f-9a31-4576-a273-42832c4902c4,df,2cc90700-3187-4d4f-8d3d-95386351efc8
df,d73dc388-f8ac-4601-a234-9ca437fe4d36,df,ebc42a95-1fd7-417a-aa3b-fb1c01f79fdf
df,b111b542-6c11-4afb-b29b-241e460880ff,df,675a02b8-e915-488e-9155-205edba62465
df,dcab195d-4cb6-4619-8616-ac8e6c9ab798,df,7c40d324-9aae-4e07-870b-6da4ee527d51
df,4f7105e0-a486-4336-bcac-982621d81954,df,7340d467-2e0f-438b-8509-1ebfaba4f28f
df,97306ef1-a864-41da-83c2-894926de2708,df,a886c94b-5323-4a66-967b-1500882b41bd
df,9da2de02-b752-456b-b6a3-7fbee586c962,df,a1c9b476-14ad-446e-ad1e-2e605f7a5053
df,e5705be4-68a1-4c1c-b9ce-420f4226c866,df,8eef82e8-9ea1-42a7-8fa0-0e1da61d9fce
df,aac3fa0b-0d12-4860-881c-58d5c71a45c9,df,9fdd93c0-ce92-425d-86c3-6ef0fe301bfd
df,541ae77e-4b3c-4290-8d70-ea5b2899187b,df,31280ce5-3c10-4bf5-9a06-923da07d05fe
df,2088f593-81dd-4e47-a23f-de804bd53de1,df,51c0488c-f097-411d-9cc1-277789742197
